[1;37m----------------------------------------[0m
[0;36m[INFO][0m  Building Herald.Sinks (Debug)...
  Determining projects to restore...
  Restored E:\dev\Herald.OSS\generators\MMP.Herald.OSS.Generators.csproj (in 218 ms).
  Restored E:\dev\Herald.OSS\Herald.OSS.csproj (in 219 ms).
  176 of 178 projects are up-to-date for restore.
  MMP.Herald.OSS.Generators -> E:\dev\Herald.OSS\generators\bin\Debug\netstandard2.0\MMP.Herald.OSS.Generators.dll
  Herald.Sinks.Contract.Tests -> E:\dev\herald\Modules\Herald.Sinks\tests\Herald.Sinks.Contract.Tests\bin\Debug\net10.0\Herald.Sinks.Contract.Tests.dll
  Herald.Sinks.Contract.Tests -> E:\dev\herald\Modules\Herald.Sinks\tests\Herald.Sinks.Contract.Tests\bin\Debug\net8.0\Herald.Sinks.Contract.Tests.dll
  Herald.Sinks.Contract.Tests -> E:\dev\herald\Modules\Herald.Sinks\tests\Herald.Sinks.Contract.Tests\bin\Debug\net9.0\Herald.Sinks.Contract.Tests.dll
E:\dev\Herald.OSS\src\Quick\PipelineBootstrapBuilder.cs(268,16): warning IL3050: Using member 'System.Text.Json.JsonSerializer.Serialize<TValue>(TValue, JsonSerializerOptions)' which has 'RequiresDynamicCodeAttribute' can break functionality when AOT compiling. JSON serialization and deserialization might require types that cannot be statically analyzed and might need runtime code generation. Use System.Text.Json source generation for native AOT applications. [E:\dev\Herald.OSS\Herald.OSS.csproj::TargetFramework=net8.0]
E:\dev\Herald.OSS\src\Quick\PipelineBootstrapBuilder.cs(268,16): warning IL2026: Using member 'System.Text.Json.JsonSerializer.Serialize<TValue>(TValue, JsonSerializerOptions)' which has 'RequiresUnreferencedCodeAttribute' can break functionality when trimming application code. JSON serialization and deserialization might require types that cannot be statically analyzed. Use the overload that takes a JsonTypeInfo or JsonSerializerContext, or make sure all of the required types are preserved. [E:\dev\Herald.OSS\Herald.OSS.csproj::TargetFramework=net8.0]
  Herald.OSS -> E:\dev\Herald.OSS\bin\Debug\net8.0\Herald.OSS.dll
  Herald.Sinks.XUnit -> E:\dev\herald\Modules\Herald.Sinks\src\Herald.Sinks.XUnit\bin\Debug\net8.0\Herald.Sinks.XUnit.dll
  Herald.Sinks.Batching -> E:\dev\herald\Modules\Herald.Sinks\src\Herald.Sinks.Batching\bin\Debug\net8.0\Herald.Sinks.Batching.dll
  Herald.Sinks.Debug -> E:\dev\herald\Modules\Herald.Sinks\src\Herald.Sinks.Debug\bin\Debug\net8.0\Herald.Sinks.Debug.dll
  Herald.Sinks.TextWriter -> E:\dev\herald\Modules\Herald.Sinks\src\Herald.Sinks.TextWriter\bin\Debug\net8.0\Herald.Sinks.TextWriter.dll
  Herald.Sinks.InMemory -> E:\dev\herald\Modules\Herald.Sinks\src\Herald.Sinks.InMemory\bin\Debug\net8.0\Herald.Sinks.InMemory.dll
  Herald.Sinks.UnityConsole -> E:\dev\herald\Modules\Herald.Sinks\src\Herald.Sinks.UnityConsole\bin\Debug\net8.0\Herald.Sinks.UnityConsole.dll
E:\dev\herald\Modules\Herald.Sinks\src\Herald.Sinks.File\obj\Debug\net8.0\MMP.Herald.OSS.Generators\MMP.Herald.Generators.SinkAutoRegistrationGenerator\__SinkAutoRegistration__.g.cs(17,90): error CS0436: The type 'JsonFileSinkProvider' in 'E:\dev\herald\Modules\Herald.Sinks\src\Herald.Sinks.File\Providers\JsonFileSinkProvider.cs' conflicts with the imported type 'JsonFileSinkProvider' in 'Herald.OSS, Version=0.12.0.0, Culture=neutral, PublicKeyToken=null'. Using the type defined in 'E:\dev\herald\Modules\Herald.Sinks\src\Herald.Sinks.File\Providers\JsonFileSinkProvider.cs'. [E:\dev\herald\Modules\Herald.Sinks\src\Herald.Sinks.File\Herald.Sinks.File.csproj::TargetFramework=net8.0]
E:\dev\herald\Modules\Herald.Sinks\src\Herald.Sinks.File\obj\Debug\net8.0\MMP.Herald.OSS.Generators\MMP.Herald.Generators.SinkAutoRegistrationGenerator\__SinkAutoRegistration__.g.cs(18,90): error CS0436: The type 'TextFileSinkProvider' in 'E:\dev\herald\Modules\Herald.Sinks\src\Herald.Sinks.File\Providers\TextFileSinkProvider.cs' conflicts with the imported type 'TextFileSinkProvider' in 'Herald.OSS, Version=0.12.0.0, Culture=neutral, PublicKeyToken=null'. Using the type defined in 'E:\dev\herald\Modules\Herald.Sinks\src\Herald.Sinks.File\Providers\TextFileSinkProvider.cs'. [E:\dev\herald\Modules\Herald.Sinks\src\Herald.Sinks.File\Herald.Sinks.File.csproj::TargetFramework=net8.0]
E:\dev\herald\Modules\Herald.Sinks\src\Herald.Sinks.File\FileSinkRegistration.cs(50,31): error CS0436: The type 'TextFileSinkProvider' in 'E:\dev\herald\Modules\Herald.Sinks\src\Herald.Sinks.File\Providers\TextFileSinkProvider.cs' conflicts with the imported type 'TextFileSinkProvider' in 'Herald.OSS, Version=0.12.0.0, Culture=neutral, PublicKeyToken=null'. Using the type defined in 'E:\dev\herald\Modules\Herald.Sinks\src\Herald.Sinks.File\Providers\TextFileSinkProvider.cs'. [E:\dev\herald\Modules\Herald.Sinks\src\Herald.Sinks.File\Herald.Sinks.File.csproj::TargetFramework=net8.0]
E:\dev\herald\Modules\Herald.Sinks\src\Herald.Sinks.File\FileSinkRegistration.cs(51,31): error CS0436: The type 'JsonFileSinkProvider' in 'E:\dev\herald\Modules\Herald.Sinks\src\Herald.Sinks.File\Providers\JsonFileSinkProvider.cs' conflicts with the imported type 'JsonFileSinkProvider' in 'Herald.OSS, Version=0.12.0.0, Culture=neutral, PublicKeyToken=null'. Using the type defined in 'E:\dev\herald\Modules\Herald.Sinks\src\Herald.Sinks.File\Providers\JsonFileSinkProvider.cs'. [E:\dev\herald\Modules\Herald.Sinks\src\Herald.Sinks.File\Herald.Sinks.File.csproj::TargetFramework=net8.0]
E:\dev\herald\Modules\Herald.Sinks\src\Herald.Sinks.File\FileSinkRegistration.cs(72,41): error CS0436: The type 'TextFileSinkProvider' in 'E:\dev\herald\Modules\Herald.Sinks\src\Herald.Sinks.File\Providers\TextFileSinkProvider.cs' conflicts with the imported type 'TextFileSinkProvider' in 'Herald.OSS, Version=0.12.0.0, Culture=neutral, PublicKeyToken=null'. Using the type defined in 'E:\dev\herald\Modules\Herald.Sinks\src\Herald.Sinks.File\Providers\TextFileSinkProvider.cs'. [E:\dev\herald\Modules\Herald.Sinks\src\Herald.Sinks.File\Herald.Sinks.File.csproj::TargetFramework=net8.0]
E:\dev\herald\Modules\Herald.Sinks\src\Herald.Sinks.File\FileSinkRegistration.cs(73,41): error CS0436: The type 'JsonFileSinkProvider' in 'E:\dev\herald\Modules\Herald.Sinks\src\Herald.Sinks.File\Providers\JsonFileSinkProvider.cs' conflicts with the imported type 'JsonFileSinkProvider' in 'Herald.OSS, Version=0.12.0.0, Culture=neutral, PublicKeyToken=null'. Using the type defined in 'E:\dev\herald\Modules\Herald.Sinks\src\Herald.Sinks.File\Providers\JsonFileSinkProvider.cs'. [E:\dev\herald\Modules\Herald.Sinks\src\Herald.Sinks.File\Herald.Sinks.File.csproj::TargetFramework=net8.0]
  Herald.Sinks.Trace -> E:\dev\herald\Modules\Herald.Sinks\src\Herald.Sinks.Trace\bin\Debug\net8.0\Herald.Sinks.Trace.dll
  Herald.Sinks.GodotConsole -> E:\dev\herald\Modules\Herald.Sinks\src\Herald.Sinks.GodotConsole\bin\Debug\net8.0\Herald.Sinks.GodotConsole.dll
E:\dev\Herald.OSS\src\Serilog\Destructuring\SerilogDestructuringPolicyBridge.cs(79,17): warning IL2046: Member 'MMP.Herald.Serilog.Destructuring.SerilogDestructuringPolicyBridge.TryDestructure(Object, out String)' with 'RequiresUnreferencedCodeAttribute' implements interface member 'MMP.Herald.Templating.IDestructuringPolicy.TryDestructure(Object, out String)' without 'RequiresUnreferencedCodeAttribute'. 'RequiresUnreferencedCodeAttribute' annotations must match across all interface implementations or overrides. [E:\dev\Herald.OSS\Herald.OSS.csproj::TargetFramework=net10.0]
E:\dev\Herald.OSS\src\Quick\PipelineBootstrapBuilder.cs(268,16): warning IL2026: Using member 'System.Text.Json.JsonSerializer.Serialize<TValue>(TValue, JsonSerializerOptions)' which has 'RequiresUnreferencedCodeAttribute' can break functionality when trimming application code. JSON serialization and deserialization might require types that cannot be statically analyzed. Use the overload that takes a JsonTypeInfo or JsonSerializerContext, or make sure all of the required types are preserved. [E:\dev\Herald.OSS\Herald.OSS.csproj::TargetFramework=net10.0]
E:\dev\Herald.OSS\src\Quick\PipelineBootstrapBuilder.cs(268,16): warning IL3050: Using member 'System.Text.Json.JsonSerializer.Serialize<TValue>(TValue, JsonSerializerOptions)' which has 'RequiresDynamicCodeAttribute' can break functionality when AOT compiling. JSON serialization and deserialization might require types that cannot be statically analyzed and might need runtime code generation. Use System.Text.Json source generation for native AOT applications. [E:\dev\Herald.OSS\Herald.OSS.csproj::TargetFramework=net10.0]
  Herald.OSS -> E:\dev\Herald.OSS\bin\Debug\net10.0\Herald.OSS.dll
  Herald.Sinks.Slack -> E:\dev\herald\Modules\Herald.Sinks\src\Herald.Sinks.Slack\bin\Debug\net8.0\Herald.Sinks.Slack.dll
  Herald.Sinks.Telegram -> E:\dev\herald\Modules\Herald.Sinks\src\Herald.Sinks.Telegram\bin\Debug\net8.0\Herald.Sinks.Telegram.dll
  Herald.Sinks.Cassandra -> E:\dev\herald\Modules\Herald.Sinks\src\Herald.Sinks.Cassandra\bin\Debug\net8.0\Herald.Sinks.Cassandra.dll
  Herald.Sinks.OpenSearch -> E:\dev\herald\Modules\Herald.Sinks\src\Herald.Sinks.OpenSearch\bin\Debug\net8.0\Herald.Sinks.OpenSearch.dll
  Herald.Sinks.AzureServiceBus -> E:\dev\herald\Modules\Herald.Sinks\src\Herald.Sinks.AzureServiceBus\bin\Debug\net8.0\Herald.Sinks.AzureServiceBus.dll
  Herald.Sinks.Otlp -> E:\dev\herald\Modules\Herald.Sinks\src\Herald.Sinks.Otlp\bin\Debug\net8.0\Herald.Sinks.Otlp.dll
  Herald.Sinks.Rollbar -> E:\dev\herald\Modules\Herald.Sinks\src\Herald.Sinks.Rollbar\bin\Debug\net8.0\Herald.Sinks.Rollbar.dll
  Herald.Sinks.Syslog -> E:\dev\herald\Modules\Herald.Sinks\src\Herald.Sinks.Syslog\bin\Debug\net8.0\Herald.Sinks.Syslog.dll
  Herald.Sinks.LogzIo -> E:\dev\herald\Modules\Herald.Sinks\src\Herald.Sinks.LogzIo\bin\Debug\net8.0\Herald.Sinks.LogzIo.dll
  Herald.Sinks.PagerDuty -> E:\dev\herald\Modules\Herald.Sinks\src\Herald.Sinks.PagerDuty\bin\Debug\net8.0\Herald.Sinks.PagerDuty.dll
  Herald.Sinks.MSSqlServer -> E:\dev\herald\Modules\Herald.Sinks\src\Herald.Sinks.MSSqlServer\bin\Debug\net8.0\Herald.Sinks.MSSqlServer.dll
  Herald.Sinks.GoogleCloudPubSub -> E:\dev\herald\Modules\Herald.Sinks\src\Herald.Sinks.GoogleCloudPubSub\bin\Debug\net8.0\Herald.Sinks.GoogleCloudPubSub.dll
  Herald.Sinks.Seq -> E:\dev\herald\Modules\Herald.Sinks\src\Herald.Sinks.Seq\bin\Debug\net8.0\Herald.Sinks.Seq.dll
  Herald.Sinks.BetterStack -> E:\dev\herald\Modules\Herald.Sinks\src\Herald.Sinks.BetterStack\bin\Debug\net8.0\Herald.Sinks.BetterStack.dll
  Herald.Sinks.Discord -> E:\dev\herald\Modules\Herald.Sinks\src\Herald.Sinks.Discord\bin\Debug\net8.0\Herald.Sinks.Discord.dll
  Herald.Sinks.PostgreSQL -> E:\dev\herald\Modules\Herald.Sinks\src\Herald.Sinks.PostgreSQL\bin\Debug\net8.0\Herald.Sinks.PostgreSQL.dll
  Herald.Sinks.Loki -> E:\dev\herald\Modules\Herald.Sinks\src\Herald.Sinks.Loki\bin\Debug\net8.0\Herald.Sinks.Loki.dll
  Herald.Sinks.Pulsar -> E:\dev\herald\Modules\Herald.Sinks\src\Herald.Sinks.Pulsar\bin\Debug\net8.0\Herald.Sinks.Pulsar.dll
  Herald.Sinks.Stackify -> E:\dev\herald\Modules\Herald.Sinks\src\Herald.Sinks.Stackify\bin\Debug\net8.0\Herald.Sinks.Stackify.dll
  Herald.Sinks.RavenDB -> E:\dev\herald\Modules\Herald.Sinks\src\Herald.Sinks.RavenDB\bin\Debug\net8.0\Herald.Sinks.RavenDB.dll
  Herald.Sinks.Mezmo -> E:\dev\herald\Modules\Herald.Sinks\src\Herald.Sinks.Mezmo\bin\Debug\net8.0\Herald.Sinks.Mezmo.dll
  Herald.Sinks.InfluxDB -> E:\dev\herald\Modules\Herald.Sinks\src\Herald.Sinks.InfluxDB\bin\Debug\net8.0\Herald.Sinks.InfluxDB.dll
  Herald.Sinks.RabbitMQ -> E:\dev\herald\Modules\Herald.Sinks\src\Herald.Sinks.RabbitMQ\bin\Debug\net8.0\Herald.Sinks.RabbitMQ.dll
  Herald.Sinks.Redis -> E:\dev\herald\Modules\Herald.Sinks\src\Herald.Sinks.Redis\bin\Debug\net8.0\Herald.Sinks.Redis.dll
  Herald.Sinks.ZeroMQ -> E:\dev\herald\Modules\Herald.Sinks\src\Herald.Sinks.ZeroMQ\bin\Debug\net8.0\Herald.Sinks.ZeroMQ.dll
  Herald.Sinks.MySQL -> E:\dev\herald\Modules\Herald.Sinks\src\Herald.Sinks.MySQL\bin\Debug\net8.0\Herald.Sinks.MySQL.dll
  Herald.Sinks.Kafka -> E:\dev\herald\Modules\Herald.Sinks\src\Herald.Sinks.Kafka\bin\Debug\net8.0\Herald.Sinks.Kafka.dll
  Herald.Sinks.Coralogix -> E:\dev\herald\Modules\Herald.Sinks\src\Herald.Sinks.Coralogix\bin\Debug\net8.0\Herald.Sinks.Coralogix.dll
  Herald.Sinks.MongoDB -> E:\dev\herald\Modules\Herald.Sinks\src\Herald.Sinks.MongoDB\bin\Debug\net8.0\Herald.Sinks.MongoDB.dll
  Herald.Sinks.ApplicationInsightsSdk -> E:\dev\herald\Modules\Herald.Sinks\src\Herald.Sinks.ApplicationInsightsSdk\bin\Debug\net8.0\Herald.Sinks.ApplicationInsightsSdk.dll
  Herald.Sinks.Aliyun -> E:\dev\herald\Modules\Herald.Sinks\src\Herald.Sinks.Aliyun\bin\Debug\net8.0\Herald.Sinks.Aliyun.dll
E:\dev\herald\Modules\Herald.Sinks\src\Herald.Sinks.Parquet\ParquetLogSink.cs(102,34): error CS0234: The type or namespace name 'Create' does not exist in the namespace 'Herald.Sinks.File' (are you missing an assembly reference?) [E:\dev\herald\Modules\Herald.Sinks\src\Herald.Sinks.Parquet\Herald.Sinks.Parquet.csproj::TargetFramework=net8.0]
  Herald.Sinks.Mqtt -> E:\dev\herald\Modules\Herald.Sinks\src\Herald.Sinks.Mqtt\bin\Debug\net8.0\Herald.Sinks.Mqtt.dll
  Herald.Sinks.Sentry -> E:\dev\herald\Modules\Herald.Sinks\src\Herald.Sinks.Sentry\bin\Debug\net8.0\Herald.Sinks.Sentry.dll
  Herald.Sinks.Dynatrace -> E:\dev\herald\Modules\Herald.Sinks\src\Herald.Sinks.Dynatrace\bin\Debug\net8.0\Herald.Sinks.Dynatrace.dll
  Herald.Sinks.ClickHouse -> E:\dev\herald\Modules\Herald.Sinks\src\Herald.Sinks.ClickHouse\bin\Debug\net8.0\Herald.Sinks.ClickHouse.dll
  Herald.Sinks.Bugsnag -> E:\dev\herald\Modules\Herald.Sinks\src\Herald.Sinks.Bugsnag\bin\Debug\net8.0\Herald.Sinks.Bugsnag.dll
  Herald.Sinks.AzureEventHub -> E:\dev\herald\Modules\Herald.Sinks\src\Herald.Sinks.AzureEventHub\bin\Debug\net8.0\Herald.Sinks.AzureEventHub.dll
  Herald.Sinks.AzureLogAnalyticsDcr -> E:\dev\herald\Modules\Herald.Sinks\src\Herald.Sinks.AzureLogAnalyticsDcr\bin\Debug\net8.0\Herald.Sinks.AzureLogAnalyticsDcr.dll
  Herald.Sinks.EventLog -> E:\dev\herald\Modules\Herald.Sinks\src\Herald.Sinks.EventLog\bin\Debug\net8.0\Herald.Sinks.EventLog.dll
  Herald.Sinks.GoogleCloudLogging -> E:\dev\herald\Modules\Herald.Sinks\src\Herald.Sinks.GoogleCloudLogging\bin\Debug\net8.0\Herald.Sinks.GoogleCloudLogging.dll
  Herald.Sinks.ElmahIo -> E:\dev\herald\Modules\Herald.Sinks\src\Herald.Sinks.ElmahIo\bin\Debug\net8.0\Herald.Sinks.ElmahIo.dll
  Herald.Sinks.AzureCosmosDB -> E:\dev\herald\Modules\Herald.Sinks\src\Herald.Sinks.AzureCosmosDB\bin\Debug\net8.0\Herald.Sinks.AzureCosmosDB.dll
  Herald.Sinks.Kinesis -> E:\dev\herald\Modules\Herald.Sinks\src\Herald.Sinks.Kinesis\bin\Debug\net8.0\Herald.Sinks.Kinesis.dll
E:\dev\Herald.OSS\src\Serilog\Destructuring\SerilogDestructuringPolicyBridge.cs(79,17): warning IL2046: Member 'MMP.Herald.Serilog.Destructuring.SerilogDestructuringPolicyBridge.TryDestructure(Object, out String)' with 'RequiresUnreferencedCodeAttribute' implements interface member 'MMP.Herald.Templating.IDestructuringPolicy.TryDestructure(Object, out String)' without 'RequiresUnreferencedCodeAttribute'. 'RequiresUnreferencedCodeAttribute' annotations must match across all interface implementations or overrides. [E:\dev\Herald.OSS\Herald.OSS.csproj::TargetFramework=net9.0]
E:\dev\Herald.OSS\src\Quick\PipelineBootstrapBuilder.cs(268,16): warning IL2026: Using member 'System.Text.Json.JsonSerializer.Serialize<TValue>(TValue, JsonSerializerOptions)' which has 'RequiresUnreferencedCodeAttribute' can break functionality when trimming application code. JSON serialization and deserialization might require types that cannot be statically analyzed. Use the overload that takes a JsonTypeInfo or JsonSerializerContext, or make sure all of the required types are preserved. [E:\dev\Herald.OSS\Herald.OSS.csproj::TargetFramework=net9.0]
E:\dev\Herald.OSS\src\Quick\PipelineBootstrapBuilder.cs(268,16): warning IL3050: Using member 'System.Text.Json.JsonSerializer.Serialize<TValue>(TValue, JsonSerializerOptions)' which has 'RequiresDynamicCodeAttribute' can break functionality when AOT compiling. JSON serialization and deserialization might require types that cannot be statically analyzed and might need runtime code generation. Use System.Text.Json source generation for native AOT applications. [E:\dev\Herald.OSS\Herald.OSS.csproj::TargetFramework=net9.0]
  Herald.Sinks.NewRelicLogs -> E:\dev\herald\Modules\Herald.Sinks\src\Herald.Sinks.NewRelicLogs\bin\Debug\net8.0\Herald.Sinks.NewRelicLogs.dll
  Herald.Sinks.Graylog -> E:\dev\herald\Modules\Herald.Sinks\src\Herald.Sinks.Graylog\bin\Debug\net8.0\Herald.Sinks.Graylog.dll
  Herald.Sinks.GenericWebhook -> E:\dev\herald\Modules\Herald.Sinks\src\Herald.Sinks.GenericWebhook\bin\Debug\net8.0\Herald.Sinks.GenericWebhook.dll
  Herald.Sinks.Couchbase -> E:\dev\herald\Modules\Herald.Sinks\src\Herald.Sinks.Couchbase\bin\Debug\net8.0\Herald.Sinks.Couchbase.dll
  Herald.OSS -> E:\dev\Herald.OSS\bin\Debug\net9.0\Herald.OSS.dll
  Herald.Sinks.Datadog -> E:\dev\herald\Modules\Herald.Sinks\src\Herald.Sinks.Datadog\bin\Debug\net8.0\Herald.Sinks.Datadog.dll
  Herald.Sinks.Exceptionless -> E:\dev\herald\Modules\Herald.Sinks\src\Herald.Sinks.Exceptionless\bin\Debug\net8.0\Herald.Sinks.Exceptionless.dll
  Herald.Sinks.Sqs -> E:\dev\herald\Modules\Herald.Sinks\src\Herald.Sinks.Sqs\bin\Debug\net8.0\Herald.Sinks.Sqs.dll
  Herald.Sinks.SumoLogic -> E:\dev\herald\Modules\Herald.Sinks\src\Herald.Sinks.SumoLogic\bin\Debug\net8.0\Herald.Sinks.SumoLogic.dll
  Herald.Sinks.Raygun -> E:\dev\herald\Modules\Herald.Sinks\src\Herald.Sinks.Raygun\bin\Debug\net8.0\Herald.Sinks.Raygun.dll
  Herald.Sinks.RedisList -> E:\dev\herald\Modules\Herald.Sinks\src\Herald.Sinks.RedisList\bin\Debug\net8.0\Herald.Sinks.RedisList.dll
  Herald.Sinks.HttpJson -> E:\dev\herald\Modules\Herald.Sinks\src\Herald.Sinks.HttpJson\bin\Debug\net8.0\Herald.Sinks.HttpJson.dll
  Herald.Sinks.MicrosoftTeams -> E:\dev\herald\Modules\Herald.Sinks\src\Herald.Sinks.MicrosoftTeams\bin\Debug\net8.0\Herald.Sinks.MicrosoftTeams.dll
  Herald.Sinks.Axiom -> E:\dev\herald\Modules\Herald.Sinks\src\Herald.Sinks.Axiom\bin\Debug\net8.0\Herald.Sinks.Axiom.dll
  Herald.Sinks.TcpJsonLine -> E:\dev\herald\Modules\Herald.Sinks\src\Herald.Sinks.TcpJsonLine\bin\Debug\net8.0\Herald.Sinks.TcpJsonLine.dll
  Herald.Sinks.AzureAnalytics -> E:\dev\herald\Modules\Herald.Sinks\src\Herald.Sinks.AzureAnalytics\bin\Debug\net8.0\Herald.Sinks.AzureAnalytics.dll
  Herald.Sinks.Splunk -> E:\dev\herald\Modules\Herald.Sinks\src\Herald.Sinks.Splunk\bin\Debug\net8.0\Herald.Sinks.Splunk.dll
  Herald.Sinks.Email -> E:\dev\herald\Modules\Herald.Sinks\src\Herald.Sinks.Email\bin\Debug\net8.0\Herald.Sinks.Email.dll
  Herald.Sinks.Honeycomb -> E:\dev\herald\Modules\Herald.Sinks\src\Herald.Sinks.Honeycomb\bin\Debug\net8.0\Herald.Sinks.Honeycomb.dll
  Herald.Sinks.AzureBlobStorage -> E:\dev\herald\Modules\Herald.Sinks\src\Herald.Sinks.AzureBlobStorage\bin\Debug\net8.0\Herald.Sinks.AzureBlobStorage.dll
  Herald.Sinks.Nats -> E:\dev\herald\Modules\Herald.Sinks\src\Herald.Sinks.Nats\bin\Debug\net8.0\Herald.Sinks.Nats.dll
  Herald.Sinks.Loggly -> E:\dev\herald\Modules\Herald.Sinks\src\Herald.Sinks.Loggly\bin\Debug\net8.0\Herald.Sinks.Loggly.dll
  Herald.Sinks.UdpJsonLine -> E:\dev\herald\Modules\Herald.Sinks\src\Herald.Sinks.UdpJsonLine\bin\Debug\net8.0\Herald.Sinks.UdpJsonLine.dll
  Herald.Sinks.Elasticsearch -> E:\dev\herald\Modules\Herald.Sinks\src\Herald.Sinks.Elasticsearch\bin\Debug\net8.0\Herald.Sinks.Elasticsearch.dll
  Herald.Sinks.ApplicationInsightsHttp -> E:\dev\herald\Modules\Herald.Sinks\src\Herald.Sinks.ApplicationInsightsHttp\bin\Debug\net8.0\Herald.Sinks.ApplicationInsightsHttp.dll
  Herald.Sinks.SQLite -> E:\dev\herald\Modules\Herald.Sinks\src\Herald.Sinks.SQLite\bin\Debug\net8.0\Herald.Sinks.SQLite.dll
  Herald.Sinks.AzureTableStorage -> E:\dev\herald\Modules\Herald.Sinks\src\Herald.Sinks.AzureTableStorage\bin\Debug\net8.0\Herald.Sinks.AzureTableStorage.dll
  Herald.Sinks.AmazonS3 -> E:\dev\herald\Modules\Herald.Sinks\src\Herald.Sinks.AmazonS3\bin\Debug\net8.0\Herald.Sinks.AmazonS3.dll
  Herald.Sinks.AwsCloudWatch -> E:\dev\herald\Modules\Herald.Sinks\src\Herald.Sinks.AwsCloudWatch\bin\Debug\net8.0\Herald.Sinks.AwsCloudWatch.dll
  Herald.Sinks.EventLog -> E:\dev\herald\Modules\Herald.Sinks\src\Herald.Sinks.EventLog\bin\Debug\net10.0\Herald.Sinks.EventLog.dll
  Herald.Sinks.InMemory -> E:\dev\herald\Modules\Herald.Sinks\src\Herald.Sinks.InMemory\bin\Debug\net10.0\Herald.Sinks.InMemory.dll
  Herald.Sinks.TextWriter -> E:\dev\herald\Modules\Herald.Sinks\src\Herald.Sinks.TextWriter\bin\Debug\net10.0\Herald.Sinks.TextWriter.dll
  Herald.Sinks.Debug -> E:\dev\herald\Modules\Herald.Sinks\src\Herald.Sinks.Debug\bin\Debug\net10.0\Herald.Sinks.Debug.dll
  Herald.Sinks.SignalFx -> E:\dev\herald\Modules\Herald.Sinks\src\Herald.Sinks.SignalFx\bin\Debug\net8.0\Herald.Sinks.SignalFx.dll
  Herald.Sinks.XUnit.Tests -> E:\dev\herald\Modules\Herald.Sinks\tests\Herald.Sinks.XUnit.Tests\bin\Debug\net8.0\Herald.Sinks.XUnit.Tests.dll
  Herald.Sinks.HelloWorld -> E:\dev\herald\Modules\Herald.Sinks\src\Herald.Sinks.HelloWorld\bin\Debug\net8.0\Herald.Sinks.HelloWorld.dll
  Herald.Sinks.Twilio -> E:\dev\herald\Modules\Herald.Sinks\src\Herald.Sinks.Twilio\bin\Debug\net8.0\Herald.Sinks.Twilio.dll
  Herald.Sinks.XUnit -> E:\dev\herald\Modules\Herald.Sinks\src\Herald.Sinks.XUnit\bin\Debug\net10.0\Herald.Sinks.XUnit.dll
  Herald.Sinks.HelloWorld -> E:\dev\herald\Modules\Herald.Sinks\src\Herald.Sinks.HelloWorld\bin\Debug\net10.0\Herald.Sinks.HelloWorld.dll
E:\dev\herald\Modules\Herald.Sinks\src\Herald.Sinks.File\obj\Debug\net10.0\MMP.Herald.OSS.Generators\MMP.Herald.Generators.SinkAutoRegistrationGenerator\__SinkAutoRegistration__.g.cs(17,90): error CS0436: The type 'JsonFileSinkProvider' in 'E:\dev\herald\Modules\Herald.Sinks\src\Herald.Sinks.File\Providers\JsonFileSinkProvider.cs' conflicts with the imported type 'JsonFileSinkProvider' in 'Herald.OSS, Version=0.12.0.0, Culture=neutral, PublicKeyToken=null'. Using the type defined in 'E:\dev\herald\Modules\Herald.Sinks\src\Herald.Sinks.File\Providers\JsonFileSinkProvider.cs'. [E:\dev\herald\Modules\Herald.Sinks\src\Herald.Sinks.File\Herald.Sinks.File.csproj::TargetFramework=net10.0]
E:\dev\herald\Modules\Herald.Sinks\src\Herald.Sinks.File\obj\Debug\net10.0\MMP.Herald.OSS.Generators\MMP.Herald.Generators.SinkAutoRegistrationGenerator\__SinkAutoRegistration__.g.cs(18,90): error CS0436: The type 'TextFileSinkProvider' in 'E:\dev\herald\Modules\Herald.Sinks\src\Herald.Sinks.File\Providers\TextFileSinkProvider.cs' conflicts with the imported type 'TextFileSinkProvider' in 'Herald.OSS, Version=0.12.0.0, Culture=neutral, PublicKeyToken=null'. Using the type defined in 'E:\dev\herald\Modules\Herald.Sinks\src\Herald.Sinks.File\Providers\TextFileSinkProvider.cs'. [E:\dev\herald\Modules\Herald.Sinks\src\Herald.Sinks.File\Herald.Sinks.File.csproj::TargetFramework=net10.0]
E:\dev\herald\Modules\Herald.Sinks\src\Herald.Sinks.File\FileSinkRegistration.cs(50,31): error CS0436: The type 'TextFileSinkProvider' in 'E:\dev\herald\Modules\Herald.Sinks\src\Herald.Sinks.File\Providers\TextFileSinkProvider.cs' conflicts with the imported type 'TextFileSinkProvider' in 'Herald.OSS, Version=0.12.0.0, Culture=neutral, PublicKeyToken=null'. Using the type defined in 'E:\dev\herald\Modules\Herald.Sinks\src\Herald.Sinks.File\Providers\TextFileSinkProvider.cs'. [E:\dev\herald\Modules\Herald.Sinks\src\Herald.Sinks.File\Herald.Sinks.File.csproj::TargetFramework=net10.0]
E:\dev\herald\Modules\Herald.Sinks\src\Herald.Sinks.File\FileSinkRegistration.cs(51,31): error CS0436: The type 'JsonFileSinkProvider' in 'E:\dev\herald\Modules\Herald.Sinks\src\Herald.Sinks.File\Providers\JsonFileSinkProvider.cs' conflicts with the imported type 'JsonFileSinkProvider' in 'Herald.OSS, Version=0.12.0.0, Culture=neutral, PublicKeyToken=null'. Using the type defined in 'E:\dev\herald\Modules\Herald.Sinks\src\Herald.Sinks.File\Providers\JsonFileSinkProvider.cs'. [E:\dev\herald\Modules\Herald.Sinks\src\Herald.Sinks.File\Herald.Sinks.File.csproj::TargetFramework=net10.0]
E:\dev\herald\Modules\Herald.Sinks\src\Herald.Sinks.File\FileSinkRegistration.cs(72,41): error CS0436: The type 'TextFileSinkProvider' in 'E:\dev\herald\Modules\Herald.Sinks\src\Herald.Sinks.File\Providers\TextFileSinkProvider.cs' conflicts with the imported type 'TextFileSinkProvider' in 'Herald.OSS, Version=0.12.0.0, Culture=neutral, PublicKeyToken=null'. Using the type defined in 'E:\dev\herald\Modules\Herald.Sinks\src\Herald.Sinks.File\Providers\TextFileSinkProvider.cs'. [E:\dev\herald\Modules\Herald.Sinks\src\Herald.Sinks.File\Herald.Sinks.File.csproj::TargetFramework=net10.0]
E:\dev\herald\Modules\Herald.Sinks\src\Herald.Sinks.File\FileSinkRegistration.cs(73,41): error CS0436: The type 'JsonFileSinkProvider' in 'E:\dev\herald\Modules\Herald.Sinks\src\Herald.Sinks.File\Providers\JsonFileSinkProvider.cs' conflicts with the imported type 'JsonFileSinkProvider' in 'Herald.OSS, Version=0.12.0.0, Culture=neutral, PublicKeyToken=null'. Using the type defined in 'E:\dev\herald\Modules\Herald.Sinks\src\Herald.Sinks.File\Providers\JsonFileSinkProvider.cs'. [E:\dev\herald\Modules\Herald.Sinks\src\Herald.Sinks.File\Herald.Sinks.File.csproj::TargetFramework=net10.0]
  Herald.Sinks.DynamoDB -> E:\dev\herald\Modules\Herald.Sinks\src\Herald.Sinks.DynamoDB\bin\Debug\net8.0\Herald.Sinks.DynamoDB.dll
  Herald.Sinks.Trace -> E:\dev\herald\Modules\Herald.Sinks\src\Herald.Sinks.Trace\bin\Debug\net10.0\Herald.Sinks.Trace.dll
  Herald.Sinks.UnityConsole.Tests -> E:\dev\herald\Modules\Herald.Sinks\tests\Herald.Sinks.UnityConsole.Tests\bin\Debug\net8.0\Herald.Sinks.UnityConsole.Tests.dll
  Herald.Sinks.InMemory.Tests -> E:\dev\herald\Modules\Herald.Sinks\tests\Herald.Sinks.InMemory.Tests\bin\Debug\net8.0\Herald.Sinks.InMemory.Tests.dll
  Herald.Sinks.GodotConsole -> E:\dev\herald\Modules\Herald.Sinks\src\Herald.Sinks.GodotConsole\bin\Debug\net10.0\Herald.Sinks.GodotConsole.dll
  Herald.Sinks.Batching -> E:\dev\herald\Modules\Herald.Sinks\src\Herald.Sinks.Batching\bin\Debug\net10.0\Herald.Sinks.Batching.dll
  Herald.Sinks.Batching -> E:\dev\herald\Modules\Herald.Sinks\src\Herald.Sinks.Batching\bin\Debug\net9.0\Herald.Sinks.Batching.dll
  Herald.Sinks.TextWriter -> E:\dev\herald\Modules\Herald.Sinks\src\Herald.Sinks.TextWriter\bin\Debug\net9.0\Herald.Sinks.TextWriter.dll
  Herald.Sinks.InMemory -> E:\dev\herald\Modules\Herald.Sinks\src\Herald.Sinks.InMemory\bin\Debug\net9.0\Herald.Sinks.InMemory.dll
  Herald.Sinks.UnityConsole -> E:\dev\herald\Modules\Herald.Sinks\src\Herald.Sinks.UnityConsole\bin\Debug\net9.0\Herald.Sinks.UnityConsole.dll
  Herald.Sinks.GodotConsole -> E:\dev\herald\Modules\Herald.Sinks\src\Herald.Sinks.GodotConsole\bin\Debug\net9.0\Herald.Sinks.GodotConsole.dll
  Herald.Sinks.SumoLogic.Tests -> E:\dev\herald\Modules\Herald.Sinks\tests\Herald.Sinks.SumoLogic.Tests\bin\Debug\net8.0\Herald.Sinks.SumoLogic.Tests.dll
  Herald.Sinks.Trace -> E:\dev\herald\Modules\Herald.Sinks\src\Herald.Sinks.Trace\bin\Debug\net9.0\Herald.Sinks.Trace.dll
  Herald.Sinks.HelloWorld -> E:\dev\herald\Modules\Herald.Sinks\src\Herald.Sinks.HelloWorld\bin\Debug\net9.0\Herald.Sinks.HelloWorld.dll
  Herald.Sinks.Debug -> E:\dev\herald\Modules\Herald.Sinks\src\Herald.Sinks.Debug\bin\Debug\net9.0\Herald.Sinks.Debug.dll
  Herald.Sinks.OtlpGrpc -> E:\dev\herald\Modules\Herald.Sinks\src\Herald.Sinks.OtlpGrpc\bin\Debug\net8.0\Herald.Sinks.OtlpGrpc.dll
E:\dev\herald\Modules\Herald.Sinks\src\Herald.Sinks.Parquet\ParquetLogSink.cs(102,34): error CS0234: The type or namespace name 'Create' does not exist in the namespace 'Herald.Sinks.File' (are you missing an assembly reference?) [E:\dev\herald\Modules\Herald.Sinks\src\Herald.Sinks.Parquet\Herald.Sinks.Parquet.csproj::TargetFramework=net10.0]
  Herald.Sinks.AmazonS3 -> E:\dev\herald\Modules\Herald.Sinks\src\Herald.Sinks.AmazonS3\bin\Debug\net10.0\Herald.Sinks.AmazonS3.dll
E:\dev\herald\Modules\Herald.Sinks\src\Herald.Sinks.File\FileSinkRegistration.cs(50,31): error CS0436: The type 'TextFileSinkProvider' in 'E:\dev\herald\Modules\Herald.Sinks\src\Herald.Sinks.File\Providers\TextFileSinkProvider.cs' conflicts with the imported type 'TextFileSinkProvider' in 'Herald.OSS, Version=0.12.0.0, Culture=neutral, PublicKeyToken=null'. Using the type defined in 'E:\dev\herald\Modules\Herald.Sinks\src\Herald.Sinks.File\Providers\TextFileSinkProvider.cs'. [E:\dev\herald\Modules\Herald.Sinks\src\Herald.Sinks.File\Herald.Sinks.File.csproj::TargetFramework=net9.0]
E:\dev\herald\Modules\Herald.Sinks\src\Herald.Sinks.File\FileSinkRegistration.cs(51,31): error CS0436: The type 'JsonFileSinkProvider' in 'E:\dev\herald\Modules\Herald.Sinks\src\Herald.Sinks.File\Providers\JsonFileSinkProvider.cs' conflicts with the imported type 'JsonFileSinkProvider' in 'Herald.OSS, Version=0.12.0.0, Culture=neutral, PublicKeyToken=null'. Using the type defined in 'E:\dev\herald\Modules\Herald.Sinks\src\Herald.Sinks.File\Providers\JsonFileSinkProvider.cs'. [E:\dev\herald\Modules\Herald.Sinks\src\Herald.Sinks.File\Herald.Sinks.File.csproj::TargetFramework=net9.0]
E:\dev\herald\Modules\Herald.Sinks\src\Herald.Sinks.File\obj\Debug\net9.0\MMP.Herald.OSS.Generators\MMP.Herald.Generators.SinkAutoRegistrationGenerator\__SinkAutoRegistration__.g.cs(17,90): error CS0436: The type 'JsonFileSinkProvider' in 'E:\dev\herald\Modules\Herald.Sinks\src\Herald.Sinks.File\Providers\JsonFileSinkProvider.cs' conflicts with the imported type 'JsonFileSinkProvider' in 'Herald.OSS, Version=0.12.0.0, Culture=neutral, PublicKeyToken=null'. Using the type defined in 'E:\dev\herald\Modules\Herald.Sinks\src\Herald.Sinks.File\Providers\JsonFileSinkProvider.cs'. [E:\dev\herald\Modules\Herald.Sinks\src\Herald.Sinks.File\Herald.Sinks.File.csproj::TargetFramework=net9.0]
E:\dev\herald\Modules\Herald.Sinks\src\Herald.Sinks.File\obj\Debug\net9.0\MMP.Herald.OSS.Generators\MMP.Herald.Generators.SinkAutoRegistrationGenerator\__SinkAutoRegistration__.g.cs(18,90): error CS0436: The type 'TextFileSinkProvider' in 'E:\dev\herald\Modules\Herald.Sinks\src\Herald.Sinks.File\Providers\TextFileSinkProvider.cs' conflicts with the imported type 'TextFileSinkProvider' in 'Herald.OSS, Version=0.12.0.0, Culture=neutral, PublicKeyToken=null'. Using the type defined in 'E:\dev\herald\Modules\Herald.Sinks\src\Herald.Sinks.File\Providers\TextFileSinkProvider.cs'. [E:\dev\herald\Modules\Herald.Sinks\src\Herald.Sinks.File\Herald.Sinks.File.csproj::TargetFramework=net9.0]
E:\dev\herald\Modules\Herald.Sinks\src\Herald.Sinks.File\FileSinkRegistration.cs(72,41): error CS0436: The type 'TextFileSinkProvider' in 'E:\dev\herald\Modules\Herald.Sinks\src\Herald.Sinks.File\Providers\TextFileSinkProvider.cs' conflicts with the imported type 'TextFileSinkProvider' in 'Herald.OSS, Version=0.12.0.0, Culture=neutral, PublicKeyToken=null'. Using the type defined in 'E:\dev\herald\Modules\Herald.Sinks\src\Herald.Sinks.File\Providers\TextFileSinkProvider.cs'. [E:\dev\herald\Modules\Herald.Sinks\src\Herald.Sinks.File\Herald.Sinks.File.csproj::TargetFramework=net9.0]
E:\dev\herald\Modules\Herald.Sinks\src\Herald.Sinks.File\FileSinkRegistration.cs(73,41): error CS0436: The type 'JsonFileSinkProvider' in 'E:\dev\herald\Modules\Herald.Sinks\src\Herald.Sinks.File\Providers\JsonFileSinkProvider.cs' conflicts with the imported type 'JsonFileSinkProvider' in 'Herald.OSS, Version=0.12.0.0, Culture=neutral, PublicKeyToken=null'. Using the type defined in 'E:\dev\herald\Modules\Herald.Sinks\src\Herald.Sinks.File\Providers\JsonFileSinkProvider.cs'. [E:\dev\herald\Modules\Herald.Sinks\src\Herald.Sinks.File\Herald.Sinks.File.csproj::TargetFramework=net9.0]
  Herald.Sinks.EventLog -> E:\dev\herald\Modules\Herald.Sinks\src\Herald.Sinks.EventLog\bin\Debug\net9.0\Herald.Sinks.EventLog.dll
  Herald.Sinks.AzureLogAnalyticsDcr -> E:\dev\herald\Modules\Herald.Sinks\src\Herald.Sinks.AzureLogAnalyticsDcr\bin\Debug\net10.0\Herald.Sinks.AzureLogAnalyticsDcr.dll
  Herald.Sinks.XUnit -> E:\dev\herald\Modules\Herald.Sinks\src\Herald.Sinks.XUnit\bin\Debug\net9.0\Herald.Sinks.XUnit.dll
  Herald.Sinks.Kinesis -> E:\dev\herald\Modules\Herald.Sinks\src\Herald.Sinks.Kinesis\bin\Debug\net10.0\Herald.Sinks.Kinesis.dll
  Herald.Sinks.BigQuery -> E:\dev\herald\Modules\Herald.Sinks\src\Herald.Sinks.BigQuery\bin\Debug\net8.0\Herald.Sinks.BigQuery.dll
  Herald.Sinks.Trace.Tests -> E:\dev\herald\Modules\Herald.Sinks\tests\Herald.Sinks.Trace.Tests\bin\Debug\net8.0\Herald.Sinks.Trace.Tests.dll
  Herald.Sinks.Graylog.Tests -> E:\dev\herald\Modules\Herald.Sinks\tests\Herald.Sinks.Graylog.Tests\bin\Debug\net8.0\Herald.Sinks.Graylog.Tests.dll
  Herald.Sinks.ZeroMQ.Tests -> E:\dev\herald\Modules\Herald.Sinks\tests\Herald.Sinks.ZeroMQ.Tests\bin\Debug\net8.0\Herald.Sinks.ZeroMQ.Tests.dll
  Herald.Sinks.Debug.Tests -> E:\dev\herald\Modules\Herald.Sinks\tests\Herald.Sinks.Debug.Tests\bin\Debug\net10.0\Herald.Sinks.Debug.Tests.dll
  Herald.Sinks.Debug.Tests -> E:\dev\herald\Modules\Herald.Sinks\tests\Herald.Sinks.Debug.Tests\bin\Debug\net8.0\Herald.Sinks.Debug.Tests.dll
  Herald.Sinks.Raygun.Tests -> E:\dev\herald\Modules\Herald.Sinks\tests\Herald.Sinks.Raygun.Tests\bin\Debug\net8.0\Herald.Sinks.Raygun.Tests.dll
E:\dev\herald\Modules\Herald.Sinks\tests\Herald.Sinks.Otlp.Tests\ProtobufFileLogSinkTests.cs(43,13): error CS0234: The type or namespace name 'Delete' does not exist in the namespace 'Herald.Sinks.File' (are you missing an assembly reference?) [E:\dev\herald\Modules\Herald.Sinks\tests\Herald.Sinks.Otlp.Tests\Herald.Sinks.Otlp.Tests.csproj::TargetFramework=net8.0]
E:\dev\herald\Modules\Herald.Sinks\tests\Herald.Sinks.Otlp.Tests\ProtobufFileLogSinkTests.cs(62,25): error CS0234: The type or namespace name 'ReadAllBytes' does not exist in the namespace 'Herald.Sinks.File' (are you missing an assembly reference?) [E:\dev\herald\Modules\Herald.Sinks\tests\Herald.Sinks.Otlp.Tests\Herald.Sinks.Otlp.Tests.csproj::TargetFramework=net8.0]
E:\dev\herald\Modules\Herald.Sinks\tests\Herald.Sinks.Otlp.Tests\ProtobufFileLogSinkTests.cs(74,13): error CS0234: The type or namespace name 'Delete' does not exist in the namespace 'Herald.Sinks.File' (are you missing an assembly reference?) [E:\dev\herald\Modules\Herald.Sinks\tests\Herald.Sinks.Otlp.Tests\Herald.Sinks.Otlp.Tests.csproj::TargetFramework=net8.0]
E:\dev\herald\Modules\Herald.Sinks\tests\Herald.Sinks.Otlp.Tests\ProtobufFileLogSinkTests.cs(97,13): error CS0234: The type or namespace name 'Delete' does not exist in the namespace 'Herald.Sinks.File' (are you missing an assembly reference?) [E:\dev\herald\Modules\Herald.Sinks\tests\Herald.Sinks.Otlp.Tests\Herald.Sinks.Otlp.Tests.csproj::TargetFramework=net8.0]
E:\dev\herald\Modules\Herald.Sinks\tests\Herald.Sinks.Otlp.Tests\ProtobufFileLogSinkTests.cs(114,13): error CS0234: The type or namespace name 'Delete' does not exist in the namespace 'Herald.Sinks.File' (are you missing an assembly reference?) [E:\dev\herald\Modules\Herald.Sinks\tests\Herald.Sinks.Otlp.Tests\Herald.Sinks.Otlp.Tests.csproj::TargetFramework=net8.0]
E:\dev\herald\Modules\Herald.Sinks\tests\Herald.Sinks.Otlp.Tests\ProtobufFileLogSinkTests.cs(133,13): error CS0234: The type or namespace name 'Delete' does not exist in the namespace 'Herald.Sinks.File' (are you missing an assembly reference?) [E:\dev\herald\Modules\Herald.Sinks\tests\Herald.Sinks.Otlp.Tests\Herald.Sinks.Otlp.Tests.csproj::TargetFramework=net8.0]
E:\dev\herald\Modules\Herald.Sinks\tests\Herald.Sinks.Otlp.Tests\ProtobufFileLogSinkTests.cs(147,13): error CS0234: The type or namespace name 'Exists' does not exist in the namespace 'Herald.Sinks.File' (are you missing an assembly reference?) [E:\dev\herald\Modules\Herald.Sinks\tests\Herald.Sinks.Otlp.Tests\Herald.Sinks.Otlp.Tests.csproj::TargetFramework=net8.0]
E:\dev\herald\Modules\Herald.Sinks\tests\Herald.Sinks.Otlp.Tests\ProtobufFileLogSinkTests.cs(148,25): error CS0234: The type or namespace name 'ReadAllBytes' does not exist in the namespace 'Herald.Sinks.File' (are you missing an assembly reference?) [E:\dev\herald\Modules\Herald.Sinks\tests\Herald.Sinks.Otlp.Tests\Herald.Sinks.Otlp.Tests.csproj::TargetFramework=net8.0]
E:\dev\herald\Modules\Herald.Sinks\tests\Herald.Sinks.Otlp.Tests\ProtobufFileLogSinkTests.cs(153,13): error CS0234: The type or namespace name 'Delete' does not exist in the namespace 'Herald.Sinks.File' (are you missing an assembly reference?) [E:\dev\herald\Modules\Herald.Sinks\tests\Herald.Sinks.Otlp.Tests\Herald.Sinks.Otlp.Tests.csproj::TargetFramework=net8.0]
E:\dev\herald\Modules\Herald.Sinks\tests\Herald.Sinks.Otlp.Tests\ProtobufFileLogSinkTests.cs(199,13): error CS0234: The type or namespace name 'Delete' does not exist in the namespace 'Herald.Sinks.File' (are you missing an assembly reference?) [E:\dev\herald\Modules\Herald.Sinks\tests\Herald.Sinks.Otlp.Tests\Herald.Sinks.Otlp.Tests.csproj::TargetFramework=net8.0]
  Herald.Sinks.Datadog.Tests -> E:\dev\herald\Modules\Herald.Sinks\tests\Herald.Sinks.Datadog.Tests\bin\Debug\net8.0\Herald.Sinks.Datadog.Tests.dll
  Herald.Sinks.RedisList.Tests -> E:\dev\herald\Modules\Herald.Sinks\tests\Herald.Sinks.RedisList.Tests\bin\Debug\net8.0\Herald.Sinks.RedisList.Tests.dll
  Herald.Sinks.InfluxDB.Tests -> E:\dev\herald\Modules\Herald.Sinks\tests\Herald.Sinks.InfluxDB.Tests\bin\Debug\net8.0\Herald.Sinks.InfluxDB.Tests.dll
  Herald.Sinks.Redis.Tests -> E:\dev\herald\Modules\Herald.Sinks\tests\Herald.Sinks.Redis.Tests\bin\Debug\net8.0\Herald.Sinks.Redis.Tests.dll
  Herald.Sinks.Mqtt.Tests -> E:\dev\herald\Modules\Herald.Sinks\tests\Herald.Sinks.Mqtt.Tests\bin\Debug\net8.0\Herald.Sinks.Mqtt.Tests.dll
  Herald.Sinks.Pulsar.Tests -> E:\dev\herald\Modules\Herald.Sinks\tests\Herald.Sinks.Pulsar.Tests\bin\Debug\net8.0\Herald.Sinks.Pulsar.Tests.dll
  Herald.Sinks.TextWriter.Tests -> E:\dev\herald\Modules\Herald.Sinks\tests\Herald.Sinks.TextWriter.Tests\bin\Debug\net10.0\Herald.Sinks.TextWriter.Tests.dll
  Herald.Sinks.AmazonS3.Tests -> E:\dev\herald\Modules\Herald.Sinks\tests\Herald.Sinks.AmazonS3.Tests\bin\Debug\net8.0\Herald.Sinks.AmazonS3.Tests.dll
  Herald.Sinks.Stackify.Tests -> E:\dev\herald\Modules\Herald.Sinks\tests\Herald.Sinks.Stackify.Tests\bin\Debug\net8.0\Herald.Sinks.Stackify.Tests.dll
  Herald.Sinks.Bugsnag.Tests -> E:\dev\herald\Modules\Herald.Sinks\tests\Herald.Sinks.Bugsnag.Tests\bin\Debug\net8.0\Herald.Sinks.Bugsnag.Tests.dll
  Herald.Sinks.AzureServiceBus.Tests -> E:\dev\herald\Modules\Herald.Sinks\tests\Herald.Sinks.AzureServiceBus.Tests\bin\Debug\net8.0\Herald.Sinks.AzureServiceBus.Tests.dll
  Herald.Sinks.GoogleCloudLogging.Tests -> E:\dev\herald\Modules\Herald.Sinks\tests\Herald.Sinks.GoogleCloudLogging.Tests\bin\Debug\net8.0\Herald.Sinks.GoogleCloudLogging.Tests.dll
  Herald.Sinks.ApplicationInsightsSdk.Tests -> E:\dev\herald\Modules\Herald.Sinks\tests\Herald.Sinks.ApplicationInsightsSdk.Tests\bin\Debug\net8.0\Herald.Sinks.ApplicationInsightsSdk.Tests.dll
  Herald.Sinks.GodotConsole.Tests -> E:\dev\herald\Modules\Herald.Sinks\tests\Herald.Sinks.GodotConsole.Tests\bin\Debug\net9.0\Herald.Sinks.GodotConsole.Tests.dll
  Herald.Sinks.SignalFx.Tests -> E:\dev\herald\Modules\Herald.Sinks\tests\Herald.Sinks.SignalFx.Tests\bin\Debug\net8.0\Herald.Sinks.SignalFx.Tests.dll
  Herald.Sinks.MySQL.Tests -> E:\dev\herald\Modules\Herald.Sinks\tests\Herald.Sinks.MySQL.Tests\bin\Debug\net8.0\Herald.Sinks.MySQL.Tests.dll
  Herald.Sinks.Honeycomb.Tests -> E:\dev\herald\Modules\Herald.Sinks\tests\Herald.Sinks.Honeycomb.Tests\bin\Debug\net8.0\Herald.Sinks.Honeycomb.Tests.dll
  Herald.Sinks.Aliyun.Tests -> E:\dev\herald\Modules\Herald.Sinks\tests\Herald.Sinks.Aliyun.Tests\bin\Debug\net8.0\Herald.Sinks.Aliyun.Tests.dll
  Herald.Sinks.Twilio.Tests -> E:\dev\herald\Modules\Herald.Sinks\tests\Herald.Sinks.Twilio.Tests\bin\Debug\net8.0\Herald.Sinks.Twilio.Tests.dll
  Herald.Sinks.Syslog -> E:\dev\herald\Modules\Herald.Sinks\src\Herald.Sinks.Syslog\bin\Debug\net10.0\Herald.Sinks.Syslog.dll
  Herald.Sinks.TcpJsonLine.Tests -> E:\dev\herald\Modules\Herald.Sinks\tests\Herald.Sinks.TcpJsonLine.Tests\bin\Debug\net8.0\Herald.Sinks.TcpJsonLine.Tests.dll
  Herald.Sinks.Coralogix.Tests -> E:\dev\herald\Modules\Herald.Sinks\tests\Herald.Sinks.Coralogix.Tests\bin\Debug\net8.0\Herald.Sinks.Coralogix.Tests.dll
  Herald.Sinks.Exceptionless.Tests -> E:\dev\herald\Modules\Herald.Sinks\tests\Herald.Sinks.Exceptionless.Tests\bin\Debug\net8.0\Herald.Sinks.Exceptionless.Tests.dll
  Herald.Sinks.BetterStack.Tests -> E:\dev\herald\Modules\Herald.Sinks\tests\Herald.Sinks.BetterStack.Tests\bin\Debug\net8.0\Herald.Sinks.BetterStack.Tests.dll
  Herald.Sinks.EventLog.Tests -> E:\dev\herald\Modules\Herald.Sinks\tests\Herald.Sinks.EventLog.Tests\bin\Debug\net8.0\Herald.Sinks.EventLog.Tests.dll
  Herald.Sinks.BigQuery.Tests -> E:\dev\herald\Modules\Herald.Sinks\tests\Herald.Sinks.BigQuery.Tests\bin\Debug\net8.0\Herald.Sinks.BigQuery.Tests.dll
  Herald.Sinks.Slack.Tests -> E:\dev\herald\Modules\Herald.Sinks\tests\Herald.Sinks.Slack.Tests\bin\Debug\net8.0\Herald.Sinks.Slack.Tests.dll
  Herald.Sinks.XUnit.Tests -> E:\dev\herald\Modules\Herald.Sinks\tests\Herald.Sinks.XUnit.Tests\bin\Debug\net10.0\Herald.Sinks.XUnit.Tests.dll
  Herald.Sinks.Loggly.Tests -> E:\dev\herald\Modules\Herald.Sinks\tests\Herald.Sinks.Loggly.Tests\bin\Debug\net8.0\Herald.Sinks.Loggly.Tests.dll
  Herald.Sinks.Cassandra.Tests -> E:\dev\herald\Modules\Herald.Sinks\tests\Herald.Sinks.Cassandra.Tests\bin\Debug\net8.0\Herald.Sinks.Cassandra.Tests.dll
  Herald.Sinks.AzureEventHub.Tests -> E:\dev\herald\Modules\Herald.Sinks\tests\Herald.Sinks.AzureEventHub.Tests\bin\Debug\net8.0\Herald.Sinks.AzureEventHub.Tests.dll
  Herald.Sinks.XUnit.Tests -> E:\dev\herald\Modules\Herald.Sinks\tests\Herald.Sinks.XUnit.Tests\bin\Debug\net9.0\Herald.Sinks.XUnit.Tests.dll
  Herald.Sinks.GenericWebhook.Tests -> E:\dev\herald\Modules\Herald.Sinks\tests\Herald.Sinks.GenericWebhook.Tests\bin\Debug\net8.0\Herald.Sinks.GenericWebhook.Tests.dll
  Herald.Sinks.ElmahIo.Tests -> E:\dev\herald\Modules\Herald.Sinks\tests\Herald.Sinks.ElmahIo.Tests\bin\Debug\net8.0\Herald.Sinks.ElmahIo.Tests.dll
  Herald.Sinks.Debug.Tests -> E:\dev\herald\Modules\Herald.Sinks\tests\Herald.Sinks.Debug.Tests\bin\Debug\net9.0\Herald.Sinks.Debug.Tests.dll
  Herald.Sinks.Syslog.Tests -> E:\dev\herald\Modules\Herald.Sinks\tests\Herald.Sinks.Syslog.Tests\bin\Debug\net8.0\Herald.Sinks.Syslog.Tests.dll
  Herald.Sinks.MSSqlServer.Tests -> E:\dev\herald\Modules\Herald.Sinks\tests\Herald.Sinks.MSSqlServer.Tests\bin\Debug\net8.0\Herald.Sinks.MSSqlServer.Tests.dll
  Herald.Sinks.Dynatrace.Tests -> E:\dev\herald\Modules\Herald.Sinks\tests\Herald.Sinks.Dynatrace.Tests\bin\Debug\net8.0\Herald.Sinks.Dynatrace.Tests.dll
  Herald.Sinks.Elasticsearch.Tests -> E:\dev\herald\Modules\Herald.Sinks\tests\Herald.Sinks.Elasticsearch.Tests\bin\Debug\net8.0\Herald.Sinks.Elasticsearch.Tests.dll
  Herald.Sinks.ZeroMQ -> E:\dev\herald\Modules\Herald.Sinks\src\Herald.Sinks.ZeroMQ\bin\Debug\net10.0\Herald.Sinks.ZeroMQ.dll
  Herald.Sinks.Seq -> E:\dev\herald\Modules\Herald.Sinks\src\Herald.Sinks.Seq\bin\Debug\net10.0\Herald.Sinks.Seq.dll
  Herald.Sinks.Telegram -> E:\dev\herald\Modules\Herald.Sinks\src\Herald.Sinks.Telegram\bin\Debug\net10.0\Herald.Sinks.Telegram.dll
  Herald.Sinks.PostgreSQL -> E:\dev\herald\Modules\Herald.Sinks\src\Herald.Sinks.PostgreSQL\bin\Debug\net10.0\Herald.Sinks.PostgreSQL.dll
  Herald.Sinks.Axiom -> E:\dev\herald\Modules\Herald.Sinks\src\Herald.Sinks.Axiom\bin\Debug\net10.0\Herald.Sinks.Axiom.dll
  Herald.Sinks.TcpJsonLine -> E:\dev\herald\Modules\Herald.Sinks\src\Herald.Sinks.TcpJsonLine\bin\Debug\net10.0\Herald.Sinks.TcpJsonLine.dll
  Herald.Sinks.Bugsnag -> E:\dev\herald\Modules\Herald.Sinks\src\Herald.Sinks.Bugsnag\bin\Debug\net10.0\Herald.Sinks.Bugsnag.dll
  Herald.Sinks.AzureCosmosDB -> E:\dev\herald\Modules\Herald.Sinks\src\Herald.Sinks.AzureCosmosDB\bin\Debug\net10.0\Herald.Sinks.AzureCosmosDB.dll
  Herald.Sinks.Datadog -> E:\dev\herald\Modules\Herald.Sinks\src\Herald.Sinks.Datadog\bin\Debug\net10.0\Herald.Sinks.Datadog.dll
  Herald.Sinks.Otlp -> E:\dev\herald\Modules\Herald.Sinks\src\Herald.Sinks.Otlp\bin\Debug\net10.0\Herald.Sinks.Otlp.dll
  Herald.Sinks.Nats -> E:\dev\herald\Modules\Herald.Sinks\src\Herald.Sinks.Nats\bin\Debug\net10.0\Herald.Sinks.Nats.dll
  Herald.Sinks.Mezmo -> E:\dev\herald\Modules\Herald.Sinks\src\Herald.Sinks.Mezmo\bin\Debug\net10.0\Herald.Sinks.Mezmo.dll
  Herald.Sinks.Mqtt -> E:\dev\herald\Modules\Herald.Sinks\src\Herald.Sinks.Mqtt\bin\Debug\net10.0\Herald.Sinks.Mqtt.dll
  Herald.Sinks.Dynatrace -> E:\dev\herald\Modules\Herald.Sinks\src\Herald.Sinks.Dynatrace\bin\Debug\net10.0\Herald.Sinks.Dynatrace.dll
  Herald.Sinks.InMemory.Tests -> E:\dev\herald\Modules\Herald.Sinks\tests\Herald.Sinks.InMemory.Tests\bin\Debug\net10.0\Herald.Sinks.InMemory.Tests.dll
  Herald.Sinks.SignalFx -> E:\dev\herald\Modules\Herald.Sinks\src\Herald.Sinks.SignalFx\bin\Debug\net10.0\Herald.Sinks.SignalFx.dll
  Herald.Sinks.ApplicationInsightsHttp -> E:\dev\herald\Modules\Herald.Sinks\src\Herald.Sinks.ApplicationInsightsHttp\bin\Debug\net10.0\Herald.Sinks.ApplicationInsightsHttp.dll
  Herald.Sinks.ElmahIo -> E:\dev\herald\Modules\Herald.Sinks\src\Herald.Sinks.ElmahIo\bin\Debug\net10.0\Herald.Sinks.ElmahIo.dll
  Herald.Sinks.NewRelicLogs -> E:\dev\herald\Modules\Herald.Sinks\src\Herald.Sinks.NewRelicLogs\bin\Debug\net10.0\Herald.Sinks.NewRelicLogs.dll
  Herald.Sinks.Loki -> E:\dev\herald\Modules\Herald.Sinks\src\Herald.Sinks.Loki\bin\Debug\net10.0\Herald.Sinks.Loki.dll
  Herald.Sinks.AwsCloudWatch -> E:\dev\herald\Modules\Herald.Sinks\src\Herald.Sinks.AwsCloudWatch\bin\Debug\net10.0\Herald.Sinks.AwsCloudWatch.dll
  Herald.Sinks.GoogleCloudPubSub -> E:\dev\herald\Modules\Herald.Sinks\src\Herald.Sinks.GoogleCloudPubSub\bin\Debug\net10.0\Herald.Sinks.GoogleCloudPubSub.dll
  Herald.Sinks.ClickHouse -> E:\dev\herald\Modules\Herald.Sinks\src\Herald.Sinks.ClickHouse\bin\Debug\net10.0\Herald.Sinks.ClickHouse.dll
  Herald.Sinks.AzureAnalytics -> E:\dev\herald\Modules\Herald.Sinks\src\Herald.Sinks.AzureAnalytics\bin\Debug\net10.0\Herald.Sinks.AzureAnalytics.dll
  Herald.Sinks.InfluxDB -> E:\dev\herald\Modules\Herald.Sinks\src\Herald.Sinks.InfluxDB\bin\Debug\net10.0\Herald.Sinks.InfluxDB.dll
  Herald.Sinks.Aliyun -> E:\dev\herald\Modules\Herald.Sinks\src\Herald.Sinks.Aliyun\bin\Debug\net10.0\Herald.Sinks.Aliyun.dll
  Herald.Sinks.MSSqlServer -> E:\dev\herald\Modules\Herald.Sinks\src\Herald.Sinks.MSSqlServer\bin\Debug\net10.0\Herald.Sinks.MSSqlServer.dll
  Herald.Sinks.OtlpGrpc.Tests -> E:\dev\herald\Modules\Herald.Sinks\tests\Herald.Sinks.OtlpGrpc.Tests\bin\Debug\net8.0\Herald.Sinks.OtlpGrpc.Tests.dll
  Herald.Sinks.AzureTableStorage -> E:\dev\herald\Modules\Herald.Sinks\src\Herald.Sinks.AzureTableStorage\bin\Debug\net10.0\Herald.Sinks.AzureTableStorage.dll
  Herald.Sinks.MicrosoftTeams -> E:\dev\herald\Modules\Herald.Sinks\src\Herald.Sinks.MicrosoftTeams\bin\Debug\net10.0\Herald.Sinks.MicrosoftTeams.dll
  Herald.Sinks.Elasticsearch -> E:\dev\herald\Modules\Herald.Sinks\src\Herald.Sinks.Elasticsearch\bin\Debug\net10.0\Herald.Sinks.Elasticsearch.dll
  Herald.Sinks.Splunk -> E:\dev\herald\Modules\Herald.Sinks\src\Herald.Sinks.Splunk\bin\Debug\net10.0\Herald.Sinks.Splunk.dll
  Herald.Sinks.Exceptionless -> E:\dev\herald\Modules\Herald.Sinks\src\Herald.Sinks.Exceptionless\bin\Debug\net10.0\Herald.Sinks.Exceptionless.dll
  Herald.Sinks.RabbitMQ -> E:\dev\herald\Modules\Herald.Sinks\src\Herald.Sinks.RabbitMQ\bin\Debug\net10.0\Herald.Sinks.RabbitMQ.dll
  Herald.Sinks.AzureServiceBus -> E:\dev\herald\Modules\Herald.Sinks\src\Herald.Sinks.AzureServiceBus\bin\Debug\net10.0\Herald.Sinks.AzureServiceBus.dll
  Herald.Sinks.RavenDB -> E:\dev\herald\Modules\Herald.Sinks\src\Herald.Sinks.RavenDB\bin\Debug\net10.0\Herald.Sinks.RavenDB.dll
  Herald.Sinks.Redis -> E:\dev\herald\Modules\Herald.Sinks\src\Herald.Sinks.Redis\bin\Debug\net10.0\Herald.Sinks.Redis.dll
  Herald.Sinks.OpenSearch -> E:\dev\herald\Modules\Herald.Sinks\src\Herald.Sinks.OpenSearch\bin\Debug\net10.0\Herald.Sinks.OpenSearch.dll
  Herald.Sinks.EventLog.Tests -> E:\dev\herald\Modules\Herald.Sinks\tests\Herald.Sinks.EventLog.Tests\bin\Debug\net9.0\Herald.Sinks.EventLog.Tests.dll
  Herald.Sinks.Discord.Tests -> E:\dev\herald\Modules\Herald.Sinks\tests\Herald.Sinks.Discord.Tests\bin\Debug\net8.0\Herald.Sinks.Discord.Tests.dll
  Herald.Sinks.Rollbar -> E:\dev\herald\Modules\Herald.Sinks\src\Herald.Sinks.Rollbar\bin\Debug\net10.0\Herald.Sinks.Rollbar.dll
  Herald.Sinks.MongoDB -> E:\dev\herald\Modules\Herald.Sinks\src\Herald.Sinks.MongoDB\bin\Debug\net10.0\Herald.Sinks.MongoDB.dll
  Herald.Sinks.MySQL -> E:\dev\herald\Modules\Herald.Sinks\src\Herald.Sinks.MySQL\bin\Debug\net10.0\Herald.Sinks.MySQL.dll
  Herald.Sinks.GoogleCloudLogging -> E:\dev\herald\Modules\Herald.Sinks\src\Herald.Sinks.GoogleCloudLogging\bin\Debug\net10.0\Herald.Sinks.GoogleCloudLogging.dll
  Herald.Sinks.RedisList -> E:\dev\herald\Modules\Herald.Sinks\src\Herald.Sinks.RedisList\bin\Debug\net10.0\Herald.Sinks.RedisList.dll
  Herald.Sinks.Kafka -> E:\dev\herald\Modules\Herald.Sinks\src\Herald.Sinks.Kafka\bin\Debug\net10.0\Herald.Sinks.Kafka.dll
  Herald.Sinks.RavenDB.Tests -> E:\dev\herald\Modules\Herald.Sinks\tests\Herald.Sinks.RavenDB.Tests\bin\Debug\net8.0\Herald.Sinks.RavenDB.Tests.dll
  Herald.Sinks.Coralogix -> E:\dev\herald\Modules\Herald.Sinks\src\Herald.Sinks.Coralogix\bin\Debug\net10.0\Herald.Sinks.Coralogix.dll
  Herald.Sinks.AzureBlobStorage -> E:\dev\herald\Modules\Herald.Sinks\src\Herald.Sinks.AzureBlobStorage\bin\Debug\net10.0\Herald.Sinks.AzureBlobStorage.dll
  Herald.Sinks.BetterStack -> E:\dev\herald\Modules\Herald.Sinks\src\Herald.Sinks.BetterStack\bin\Debug\net10.0\Herald.Sinks.BetterStack.dll
  Herald.Sinks.Sqs -> E:\dev\herald\Modules\Herald.Sinks\src\Herald.Sinks.Sqs\bin\Debug\net10.0\Herald.Sinks.Sqs.dll
  Herald.Sinks.HttpJson -> E:\dev\herald\Modules\Herald.Sinks\src\Herald.Sinks.HttpJson\bin\Debug\net10.0\Herald.Sinks.HttpJson.dll
  Herald.Sinks.Rollbar.Tests -> E:\dev\herald\Modules\Herald.Sinks\tests\Herald.Sinks.Rollbar.Tests\bin\Debug\net8.0\Herald.Sinks.Rollbar.Tests.dll
  Herald.Sinks.ApplicationInsightsHttp.Tests -> E:\dev\herald\Modules\Herald.Sinks\tests\Herald.Sinks.ApplicationInsightsHttp.Tests\bin\Debug\net8.0\Herald.Sinks.ApplicationInsightsHttp.Tests.dll
  Herald.Sinks.UnityConsole.Tests -> E:\dev\herald\Modules\Herald.Sinks\tests\Herald.Sinks.UnityConsole.Tests\bin\Debug\net9.0\Herald.Sinks.UnityConsole.Tests.dll
  Herald.Sinks.Splunk.Tests -> E:\dev\herald\Modules\Herald.Sinks\tests\Herald.Sinks.Splunk.Tests\bin\Debug\net8.0\Herald.Sinks.Splunk.Tests.dll
  Herald.Sinks.UnityConsole -> E:\dev\herald\Modules\Herald.Sinks\src\Herald.Sinks.UnityConsole\bin\Debug\net10.0\Herald.Sinks.UnityConsole.dll
  Herald.Sinks.SQLite -> E:\dev\herald\Modules\Herald.Sinks\src\Herald.Sinks.SQLite\bin\Debug\net10.0\Herald.Sinks.SQLite.dll
  Herald.Sinks.AzureAnalytics.Tests -> E:\dev\herald\Modules\Herald.Sinks\tests\Herald.Sinks.AzureAnalytics.Tests\bin\Debug\net8.0\Herald.Sinks.AzureAnalytics.Tests.dll
  Herald.Sinks.Stackify -> E:\dev\herald\Modules\Herald.Sinks\src\Herald.Sinks.Stackify\bin\Debug\net10.0\Herald.Sinks.Stackify.dll
  Herald.Sinks.Loggly -> E:\dev\herald\Modules\Herald.Sinks\src\Herald.Sinks.Loggly\bin\Debug\net10.0\Herald.Sinks.Loggly.dll
  Herald.Sinks.AmazonS3.Tests -> E:\dev\herald\Modules\Herald.Sinks\tests\Herald.Sinks.AmazonS3.Tests\bin\Debug\net10.0\Herald.Sinks.AmazonS3.Tests.dll
  Herald.Sinks.MicrosoftTeams.Tests -> E:\dev\herald\Modules\Herald.Sinks\tests\Herald.Sinks.MicrosoftTeams.Tests\bin\Debug\net8.0\Herald.Sinks.MicrosoftTeams.Tests.dll
  Herald.Sinks.Rollbar.Tests -> E:\dev\herald\Modules\Herald.Sinks\tests\Herald.Sinks.Rollbar.Tests\bin\Debug\net10.0\Herald.Sinks.Rollbar.Tests.dll
  Herald.Sinks.ClickHouse.Tests -> E:\dev\herald\Modules\Herald.Sinks\tests\Herald.Sinks.ClickHouse.Tests\bin\Debug\net10.0\Herald.Sinks.ClickHouse.Tests.dll
  Herald.Sinks.Axiom.Tests -> E:\dev\herald\Modules\Herald.Sinks\tests\Herald.Sinks.Axiom.Tests\bin\Debug\net10.0\Herald.Sinks.Axiom.Tests.dll
  Herald.Sinks.OpenSearch.Tests -> E:\dev\herald\Modules\Herald.Sinks\tests\Herald.Sinks.OpenSearch.Tests\bin\Debug\net8.0\Herald.Sinks.OpenSearch.Tests.dll
  Herald.Sinks.AzureLogAnalyticsDcr.Tests -> E:\dev\herald\Modules\Herald.Sinks\tests\Herald.Sinks.AzureLogAnalyticsDcr.Tests\bin\Debug\net10.0\Herald.Sinks.AzureLogAnalyticsDcr.Tests.dll
  Herald.Sinks.SQLite.Tests -> E:\dev\herald\Modules\Herald.Sinks\tests\Herald.Sinks.SQLite.Tests\bin\Debug\net8.0\Herald.Sinks.SQLite.Tests.dll
  Herald.Sinks.AzureTableStorage.Tests -> E:\dev\herald\Modules\Herald.Sinks\tests\Herald.Sinks.AzureTableStorage.Tests\bin\Debug\net8.0\Herald.Sinks.AzureTableStorage.Tests.dll
  Herald.Sinks.Trace.Tests -> E:\dev\herald\Modules\Herald.Sinks\tests\Herald.Sinks.Trace.Tests\bin\Debug\net9.0\Herald.Sinks.Trace.Tests.dll
  Herald.Sinks.Seq.Tests -> E:\dev\herald\Modules\Herald.Sinks\tests\Herald.Sinks.Seq.Tests\bin\Debug\net8.0\Herald.Sinks.Seq.Tests.dll
  Herald.Sinks.TextWriter.Tests -> E:\dev\herald\Modules\Herald.Sinks\tests\Herald.Sinks.TextWriter.Tests\bin\Debug\net8.0\Herald.Sinks.TextWriter.Tests.dll
  Herald.Sinks.Telegram.Tests -> E:\dev\herald\Modules\Herald.Sinks\tests\Herald.Sinks.Telegram.Tests\bin\Debug\net10.0\Herald.Sinks.Telegram.Tests.dll
  Herald.Sinks.SumoLogic -> E:\dev\herald\Modules\Herald.Sinks\src\Herald.Sinks.SumoLogic\bin\Debug\net10.0\Herald.Sinks.SumoLogic.dll
  Herald.Sinks.Twilio -> E:\dev\herald\Modules\Herald.Sinks\src\Herald.Sinks.Twilio\bin\Debug\net10.0\Herald.Sinks.Twilio.dll
  Herald.Sinks.TcpJsonLine.Tests -> E:\dev\herald\Modules\Herald.Sinks\tests\Herald.Sinks.TcpJsonLine.Tests\bin\Debug\net10.0\Herald.Sinks.TcpJsonLine.Tests.dll
  Herald.Sinks.Mezmo.Tests -> E:\dev\herald\Modules\Herald.Sinks\tests\Herald.Sinks.Mezmo.Tests\bin\Debug\net10.0\Herald.Sinks.Mezmo.Tests.dll
  Herald.Sinks.PagerDuty.Tests -> E:\dev\herald\Modules\Herald.Sinks\tests\Herald.Sinks.PagerDuty.Tests\bin\Debug\net8.0\Herald.Sinks.PagerDuty.Tests.dll
  Herald.Sinks.Cassandra -> E:\dev\herald\Modules\Herald.Sinks\src\Herald.Sinks.Cassandra\bin\Debug\net10.0\Herald.Sinks.Cassandra.dll
  Herald.Sinks.Couchbase -> E:\dev\herald\Modules\Herald.Sinks\src\Herald.Sinks.Couchbase\bin\Debug\net10.0\Herald.Sinks.Couchbase.dll
  Herald.Sinks.Aliyun.Tests -> E:\dev\herald\Modules\Herald.Sinks\tests\Herald.Sinks.Aliyun.Tests\bin\Debug\net10.0\Herald.Sinks.Aliyun.Tests.dll
  Herald.Sinks.Exceptionless.Tests -> E:\dev\herald\Modules\Herald.Sinks\tests\Herald.Sinks.Exceptionless.Tests\bin\Debug\net10.0\Herald.Sinks.Exceptionless.Tests.dll
  Herald.Sinks.SignalFx.Tests -> E:\dev\herald\Modules\Herald.Sinks\tests\Herald.Sinks.SignalFx.Tests\bin\Debug\net10.0\Herald.Sinks.SignalFx.Tests.dll
  Herald.Sinks.HttpJson.Tests -> E:\dev\herald\Modules\Herald.Sinks\tests\Herald.Sinks.HttpJson.Tests\bin\Debug\net8.0\Herald.Sinks.HttpJson.Tests.dll
  Herald.Sinks.ApplicationInsightsHttp.Tests -> E:\dev\herald\Modules\Herald.Sinks\tests\Herald.Sinks.ApplicationInsightsHttp.Tests\bin\Debug\net10.0\Herald.Sinks.ApplicationInsightsHttp.Tests.dll
  Herald.Sinks.AzureCosmosDB.Tests -> E:\dev\herald\Modules\Herald.Sinks\tests\Herald.Sinks.AzureCosmosDB.Tests\bin\Debug\net8.0\Herald.Sinks.AzureCosmosDB.Tests.dll
  Herald.Sinks.Sentry -> E:\dev\herald\Modules\Herald.Sinks\src\Herald.Sinks.Sentry\bin\Debug\net10.0\Herald.Sinks.Sentry.dll
  Herald.Sinks.AzureEventHub -> E:\dev\herald\Modules\Herald.Sinks\src\Herald.Sinks.AzureEventHub\bin\Debug\net10.0\Herald.Sinks.AzureEventHub.dll
  Herald.Sinks.HttpJson.Tests -> E:\dev\herald\Modules\Herald.Sinks\tests\Herald.Sinks.HttpJson.Tests\bin\Debug\net10.0\Herald.Sinks.HttpJson.Tests.dll
  Herald.Sinks.BetterStack.Tests -> E:\dev\herald\Modules\Herald.Sinks\tests\Herald.Sinks.BetterStack.Tests\bin\Debug\net10.0\Herald.Sinks.BetterStack.Tests.dll
  Herald.Sinks.Loggly.Tests -> E:\dev\herald\Modules\Herald.Sinks\tests\Herald.Sinks.Loggly.Tests\bin\Debug\net10.0\Herald.Sinks.Loggly.Tests.dll
  Herald.Sinks.Mqtt.Tests -> E:\dev\herald\Modules\Herald.Sinks\tests\Herald.Sinks.Mqtt.Tests\bin\Debug\net10.0\Herald.Sinks.Mqtt.Tests.dll
  Herald.Sinks.PagerDuty -> E:\dev\herald\Modules\Herald.Sinks\src\Herald.Sinks.PagerDuty\bin\Debug\net10.0\Herald.Sinks.PagerDuty.dll
  Herald.Sinks.GenericWebhook -> E:\dev\herald\Modules\Herald.Sinks\src\Herald.Sinks.GenericWebhook\bin\Debug\net10.0\Herald.Sinks.GenericWebhook.dll
  Herald.Sinks.OpenSearch.Tests -> E:\dev\herald\Modules\Herald.Sinks\tests\Herald.Sinks.OpenSearch.Tests\bin\Debug\net10.0\Herald.Sinks.OpenSearch.Tests.dll
  Herald.Sinks.Sqs.Tests -> E:\dev\herald\Modules\Herald.Sinks\tests\Herald.Sinks.Sqs.Tests\bin\Debug\net10.0\Herald.Sinks.Sqs.Tests.dll
  Herald.Sinks.Email -> E:\dev\herald\Modules\Herald.Sinks\src\Herald.Sinks.Email\bin\Debug\net10.0\Herald.Sinks.Email.dll
  Herald.Sinks.Batching.Tests -> E:\dev\herald\Modules\Herald.Sinks\tests\Herald.Sinks.Batching.Tests\bin\Debug\net10.0\Herald.Sinks.Batching.Tests.dll
  Herald.Sinks.Redis.Tests -> E:\dev\herald\Modules\Herald.Sinks\tests\Herald.Sinks.Redis.Tests\bin\Debug\net10.0\Herald.Sinks.Redis.Tests.dll
  Herald.Sinks.Sqs.Tests -> E:\dev\herald\Modules\Herald.Sinks\tests\Herald.Sinks.Sqs.Tests\bin\Debug\net8.0\Herald.Sinks.Sqs.Tests.dll
  Herald.Sinks.Cassandra.Tests -> E:\dev\herald\Modules\Herald.Sinks\tests\Herald.Sinks.Cassandra.Tests\bin\Debug\net10.0\Herald.Sinks.Cassandra.Tests.dll
  Herald.Sinks.GoogleCloudPubSub.Tests -> E:\dev\herald\Modules\Herald.Sinks\tests\Herald.Sinks.GoogleCloudPubSub.Tests\bin\Debug\net10.0\Herald.Sinks.GoogleCloudPubSub.Tests.dll
  Herald.Sinks.ClickHouse.Tests -> E:\dev\herald\Modules\Herald.Sinks\tests\Herald.Sinks.ClickHouse.Tests\bin\Debug\net8.0\Herald.Sinks.ClickHouse.Tests.dll
  Herald.Sinks.Seq.Tests -> E:\dev\herald\Modules\Herald.Sinks\tests\Herald.Sinks.Seq.Tests\bin\Debug\net10.0\Herald.Sinks.Seq.Tests.dll
  Herald.Sinks.Coralogix.Tests -> E:\dev\herald\Modules\Herald.Sinks\tests\Herald.Sinks.Coralogix.Tests\bin\Debug\net10.0\Herald.Sinks.Coralogix.Tests.dll
  Herald.Sinks.LogzIo.Tests -> E:\dev\herald\Modules\Herald.Sinks\tests\Herald.Sinks.LogzIo.Tests\bin\Debug\net8.0\Herald.Sinks.LogzIo.Tests.dll
  Herald.Sinks.SQLite.Tests -> E:\dev\herald\Modules\Herald.Sinks\tests\Herald.Sinks.SQLite.Tests\bin\Debug\net10.0\Herald.Sinks.SQLite.Tests.dll
  Herald.Sinks.Bugsnag.Tests -> E:\dev\herald\Modules\Herald.Sinks\tests\Herald.Sinks.Bugsnag.Tests\bin\Debug\net10.0\Herald.Sinks.Bugsnag.Tests.dll
  Herald.Sinks.OtlpGrpc -> E:\dev\herald\Modules\Herald.Sinks\src\Herald.Sinks.OtlpGrpc\bin\Debug\net10.0\Herald.Sinks.OtlpGrpc.dll
  Herald.Sinks.GodotConsole.Tests -> E:\dev\herald\Modules\Herald.Sinks\tests\Herald.Sinks.GodotConsole.Tests\bin\Debug\net10.0\Herald.Sinks.GodotConsole.Tests.dll
  Herald.Sinks.RedisList.Tests -> E:\dev\herald\Modules\Herald.Sinks\tests\Herald.Sinks.RedisList.Tests\bin\Debug\net10.0\Herald.Sinks.RedisList.Tests.dll
  Herald.Sinks.Datadog.Tests -> E:\dev\herald\Modules\Herald.Sinks\tests\Herald.Sinks.Datadog.Tests\bin\Debug\net10.0\Herald.Sinks.Datadog.Tests.dll
  Herald.Sinks.Loki.Tests -> E:\dev\herald\Modules\Herald.Sinks\tests\Herald.Sinks.Loki.Tests\bin\Debug\net8.0\Herald.Sinks.Loki.Tests.dll
E:\dev\herald\Modules\Herald.Sinks\tests\Herald.Sinks.Otlp.Tests\ProtobufFileLogSinkTests.cs(43,13): error CS0234: The type or namespace name 'Delete' does not exist in the namespace 'Herald.Sinks.File' (are you missing an assembly reference?) [E:\dev\herald\Modules\Herald.Sinks\tests\Herald.Sinks.Otlp.Tests\Herald.Sinks.Otlp.Tests.csproj::TargetFramework=net10.0]
E:\dev\herald\Modules\Herald.Sinks\tests\Herald.Sinks.Otlp.Tests\ProtobufFileLogSinkTests.cs(62,25): error CS0234: The type or namespace name 'ReadAllBytes' does not exist in the namespace 'Herald.Sinks.File' (are you missing an assembly reference?) [E:\dev\herald\Modules\Herald.Sinks\tests\Herald.Sinks.Otlp.Tests\Herald.Sinks.Otlp.Tests.csproj::TargetFramework=net10.0]
E:\dev\herald\Modules\Herald.Sinks\tests\Herald.Sinks.Otlp.Tests\ProtobufFileLogSinkTests.cs(74,13): error CS0234: The type or namespace name 'Delete' does not exist in the namespace 'Herald.Sinks.File' (are you missing an assembly reference?) [E:\dev\herald\Modules\Herald.Sinks\tests\Herald.Sinks.Otlp.Tests\Herald.Sinks.Otlp.Tests.csproj::TargetFramework=net10.0]
E:\dev\herald\Modules\Herald.Sinks\tests\Herald.Sinks.Otlp.Tests\ProtobufFileLogSinkTests.cs(97,13): error CS0234: The type or namespace name 'Delete' does not exist in the namespace 'Herald.Sinks.File' (are you missing an assembly reference?) [E:\dev\herald\Modules\Herald.Sinks\tests\Herald.Sinks.Otlp.Tests\Herald.Sinks.Otlp.Tests.csproj::TargetFramework=net10.0]
E:\dev\herald\Modules\Herald.Sinks\tests\Herald.Sinks.Otlp.Tests\ProtobufFileLogSinkTests.cs(114,13): error CS0234: The type or namespace name 'Delete' does not exist in the namespace 'Herald.Sinks.File' (are you missing an assembly reference?) [E:\dev\herald\Modules\Herald.Sinks\tests\Herald.Sinks.Otlp.Tests\Herald.Sinks.Otlp.Tests.csproj::TargetFramework=net10.0]
E:\dev\herald\Modules\Herald.Sinks\tests\Herald.Sinks.Otlp.Tests\ProtobufFileLogSinkTests.cs(133,13): error CS0234: The type or namespace name 'Delete' does not exist in the namespace 'Herald.Sinks.File' (are you missing an assembly reference?) [E:\dev\herald\Modules\Herald.Sinks\tests\Herald.Sinks.Otlp.Tests\Herald.Sinks.Otlp.Tests.csproj::TargetFramework=net10.0]
E:\dev\herald\Modules\Herald.Sinks\tests\Herald.Sinks.Otlp.Tests\ProtobufFileLogSinkTests.cs(147,13): error CS0234: The type or namespace name 'Exists' does not exist in the namespace 'Herald.Sinks.File' (are you missing an assembly reference?) [E:\dev\herald\Modules\Herald.Sinks\tests\Herald.Sinks.Otlp.Tests\Herald.Sinks.Otlp.Tests.csproj::TargetFramework=net10.0]
E:\dev\herald\Modules\Herald.Sinks\tests\Herald.Sinks.Otlp.Tests\ProtobufFileLogSinkTests.cs(148,25): error CS0234: The type or namespace name 'ReadAllBytes' does not exist in the namespace 'Herald.Sinks.File' (are you missing an assembly reference?) [E:\dev\herald\Modules\Herald.Sinks\tests\Herald.Sinks.Otlp.Tests\Herald.Sinks.Otlp.Tests.csproj::TargetFramework=net10.0]
E:\dev\herald\Modules\Herald.Sinks\tests\Herald.Sinks.Otlp.Tests\ProtobufFileLogSinkTests.cs(153,13): error CS0234: The type or namespace name 'Delete' does not exist in the namespace 'Herald.Sinks.File' (are you missing an assembly reference?) [E:\dev\herald\Modules\Herald.Sinks\tests\Herald.Sinks.Otlp.Tests\Herald.Sinks.Otlp.Tests.csproj::TargetFramework=net10.0]
E:\dev\herald\Modules\Herald.Sinks\tests\Herald.Sinks.Otlp.Tests\ProtobufFileLogSinkTests.cs(199,13): error CS0234: The type or namespace name 'Delete' does not exist in the namespace 'Herald.Sinks.File' (are you missing an assembly reference?) [E:\dev\herald\Modules\Herald.Sinks\tests\Herald.Sinks.Otlp.Tests\Herald.Sinks.Otlp.Tests.csproj::TargetFramework=net10.0]
  Herald.Sinks.Twilio.Tests -> E:\dev\herald\Modules\Herald.Sinks\tests\Herald.Sinks.Twilio.Tests\bin\Debug\net10.0\Herald.Sinks.Twilio.Tests.dll
  Herald.Sinks.AzureCosmosDB.Tests -> E:\dev\herald\Modules\Herald.Sinks\tests\Herald.Sinks.AzureCosmosDB.Tests\bin\Debug\net10.0\Herald.Sinks.AzureCosmosDB.Tests.dll
  Herald.Sinks.Elasticsearch.Tests -> E:\dev\herald\Modules\Herald.Sinks\tests\Herald.Sinks.Elasticsearch.Tests\bin\Debug\net10.0\Herald.Sinks.Elasticsearch.Tests.dll
  Herald.Sinks.RabbitMQ.Tests -> E:\dev\herald\Modules\Herald.Sinks\tests\Herald.Sinks.RabbitMQ.Tests\bin\Debug\net10.0\Herald.Sinks.RabbitMQ.Tests.dll
  Herald.Sinks.MicrosoftTeams.Tests -> E:\dev\herald\Modules\Herald.Sinks\tests\Herald.Sinks.MicrosoftTeams.Tests\bin\Debug\net10.0\Herald.Sinks.MicrosoftTeams.Tests.dll
  Herald.Sinks.NewRelicLogs.Tests -> E:\dev\herald\Modules\Herald.Sinks\tests\Herald.Sinks.NewRelicLogs.Tests\bin\Debug\net10.0\Herald.Sinks.NewRelicLogs.Tests.dll
  Herald.Sinks.InMemory.Tests -> E:\dev\herald\Modules\Herald.Sinks\tests\Herald.Sinks.InMemory.Tests\bin\Debug\net9.0\Herald.Sinks.InMemory.Tests.dll
  Herald.Sinks.AzureTableStorage.Tests -> E:\dev\herald\Modules\Herald.Sinks\tests\Herald.Sinks.AzureTableStorage.Tests\bin\Debug\net10.0\Herald.Sinks.AzureTableStorage.Tests.dll
  Herald.Sinks.Sentry.Tests -> E:\dev\herald\Modules\Herald.Sinks\tests\Herald.Sinks.Sentry.Tests\bin\Debug\net10.0\Herald.Sinks.Sentry.Tests.dll
  Herald.Sinks.DynamoDB -> E:\dev\herald\Modules\Herald.Sinks\src\Herald.Sinks.DynamoDB\bin\Debug\net10.0\Herald.Sinks.DynamoDB.dll
  Herald.Sinks.Trace.Tests -> E:\dev\herald\Modules\Herald.Sinks\tests\Herald.Sinks.Trace.Tests\bin\Debug\net10.0\Herald.Sinks.Trace.Tests.dll
  Herald.Sinks.Nats.Tests -> E:\dev\herald\Modules\Herald.Sinks\tests\Herald.Sinks.Nats.Tests\bin\Debug\net10.0\Herald.Sinks.Nats.Tests.dll
  Herald.Sinks.AzureLogAnalyticsDcr.Tests -> E:\dev\herald\Modules\Herald.Sinks\tests\Herald.Sinks.AzureLogAnalyticsDcr.Tests\bin\Debug\net8.0\Herald.Sinks.AzureLogAnalyticsDcr.Tests.dll
  Herald.Sinks.Kafka.Tests -> E:\dev\herald\Modules\Herald.Sinks\tests\Herald.Sinks.Kafka.Tests\bin\Debug\net10.0\Herald.Sinks.Kafka.Tests.dll
  Herald.Sinks.InfluxDB.Tests -> E:\dev\herald\Modules\Herald.Sinks\tests\Herald.Sinks.InfluxDB.Tests\bin\Debug\net10.0\Herald.Sinks.InfluxDB.Tests.dll
  Herald.Sinks.Email.Tests -> E:\dev\herald\Modules\Herald.Sinks\tests\Herald.Sinks.Email.Tests\bin\Debug\net8.0\Herald.Sinks.Email.Tests.dll
  Herald.Sinks.MySQL.Tests -> E:\dev\herald\Modules\Herald.Sinks\tests\Herald.Sinks.MySQL.Tests\bin\Debug\net10.0\Herald.Sinks.MySQL.Tests.dll
  Herald.Sinks.ApplicationInsightsSdk -> E:\dev\herald\Modules\Herald.Sinks\src\Herald.Sinks.ApplicationInsightsSdk\bin\Debug\net10.0\Herald.Sinks.ApplicationInsightsSdk.dll
  Herald.Sinks.PagerDuty.Tests -> E:\dev\herald\Modules\Herald.Sinks\tests\Herald.Sinks.PagerDuty.Tests\bin\Debug\net10.0\Herald.Sinks.PagerDuty.Tests.dll
  Herald.Sinks.OtlpGrpc.Tests -> E:\dev\herald\Modules\Herald.Sinks\tests\Herald.Sinks.OtlpGrpc.Tests\bin\Debug\net10.0\Herald.Sinks.OtlpGrpc.Tests.dll
  Herald.Sinks.Splunk.Tests -> E:\dev\herald\Modules\Herald.Sinks\tests\Herald.Sinks.Splunk.Tests\bin\Debug\net10.0\Herald.Sinks.Splunk.Tests.dll
  Herald.Sinks.Honeycomb -> E:\dev\herald\Modules\Herald.Sinks\src\Herald.Sinks.Honeycomb\bin\Debug\net10.0\Herald.Sinks.Honeycomb.dll
  Herald.Sinks.PostgreSQL -> E:\dev\herald\Modules\Herald.Sinks\src\Herald.Sinks.PostgreSQL\bin\Debug\net9.0\Herald.Sinks.PostgreSQL.dll
  Herald.Sinks.Slack -> E:\dev\herald\Modules\Herald.Sinks\src\Herald.Sinks.Slack\bin\Debug\net10.0\Herald.Sinks.Slack.dll
  Herald.Sinks.Batching.Tests -> E:\dev\herald\Modules\Herald.Sinks\tests\Herald.Sinks.Batching.Tests\bin\Debug\net8.0\Herald.Sinks.Batching.Tests.dll
  Herald.Sinks.Discord -> E:\dev\herald\Modules\Herald.Sinks\src\Herald.Sinks.Discord\bin\Debug\net10.0\Herald.Sinks.Discord.dll
  Herald.Sinks.LogzIo -> E:\dev\herald\Modules\Herald.Sinks\src\Herald.Sinks.LogzIo\bin\Debug\net10.0\Herald.Sinks.LogzIo.dll
E:\dev\herald\Modules\Herald.Sinks\src\Herald.Sinks.Parquet\ParquetLogSink.cs(102,34): error CS0234: The type or namespace name 'Create' does not exist in the namespace 'Herald.Sinks.File' (are you missing an assembly reference?) [E:\dev\herald\Modules\Herald.Sinks\src\Herald.Sinks.Parquet\Herald.Sinks.Parquet.csproj::TargetFramework=net9.0]
  Herald.Sinks.Couchbase -> E:\dev\herald\Modules\Herald.Sinks\src\Herald.Sinks.Couchbase\bin\Debug\net9.0\Herald.Sinks.Couchbase.dll
  Herald.Sinks.RedisList -> E:\dev\herald\Modules\Herald.Sinks\src\Herald.Sinks.RedisList\bin\Debug\net9.0\Herald.Sinks.RedisList.dll
  Herald.Sinks.Cassandra -> E:\dev\herald\Modules\Herald.Sinks\src\Herald.Sinks.Cassandra\bin\Debug\net9.0\Herald.Sinks.Cassandra.dll
  Herald.Sinks.Stackify -> E:\dev\herald\Modules\Herald.Sinks\src\Herald.Sinks.Stackify\bin\Debug\net9.0\Herald.Sinks.Stackify.dll
  Herald.Sinks.GenericWebhook -> E:\dev\herald\Modules\Herald.Sinks\src\Herald.Sinks.GenericWebhook\bin\Debug\net9.0\Herald.Sinks.GenericWebhook.dll
  Herald.Sinks.Axiom -> E:\dev\herald\Modules\Herald.Sinks\src\Herald.Sinks.Axiom\bin\Debug\net9.0\Herald.Sinks.Axiom.dll
  Herald.Sinks.Mqtt -> E:\dev\herald\Modules\Herald.Sinks\src\Herald.Sinks.Mqtt\bin\Debug\net9.0\Herald.Sinks.Mqtt.dll
  Herald.Sinks.AzureCosmosDB -> E:\dev\herald\Modules\Herald.Sinks\src\Herald.Sinks.AzureCosmosDB\bin\Debug\net9.0\Herald.Sinks.AzureCosmosDB.dll
  Herald.Sinks.OpenSearch -> E:\dev\herald\Modules\Herald.Sinks\src\Herald.Sinks.OpenSearch\bin\Debug\net9.0\Herald.Sinks.OpenSearch.dll
  Herald.Sinks.Graylog -> E:\dev\herald\Modules\Herald.Sinks\src\Herald.Sinks.Graylog\bin\Debug\net9.0\Herald.Sinks.Graylog.dll
  Herald.Sinks.Nats -> E:\dev\herald\Modules\Herald.Sinks\src\Herald.Sinks.Nats\bin\Debug\net9.0\Herald.Sinks.Nats.dll
  Herald.Sinks.Sentry -> E:\dev\herald\Modules\Herald.Sinks\src\Herald.Sinks.Sentry\bin\Debug\net9.0\Herald.Sinks.Sentry.dll
  Herald.Sinks.Raygun -> E:\dev\herald\Modules\Herald.Sinks\src\Herald.Sinks.Raygun\bin\Debug\net9.0\Herald.Sinks.Raygun.dll
  Herald.Sinks.MySQL -> E:\dev\herald\Modules\Herald.Sinks\src\Herald.Sinks.MySQL\bin\Debug\net9.0\Herald.Sinks.MySQL.dll
  Herald.Sinks.PagerDuty -> E:\dev\herald\Modules\Herald.Sinks\src\Herald.Sinks.PagerDuty\bin\Debug\net9.0\Herald.Sinks.PagerDuty.dll
  Herald.Sinks.Couchbase.Tests -> E:\dev\herald\Modules\Herald.Sinks\tests\Herald.Sinks.Couchbase.Tests\bin\Debug\net10.0\Herald.Sinks.Couchbase.Tests.dll
  Herald.Sinks.Loki.Tests -> E:\dev\herald\Modules\Herald.Sinks\tests\Herald.Sinks.Loki.Tests\bin\Debug\net10.0\Herald.Sinks.Loki.Tests.dll
  Herald.Sinks.MSSqlServer -> E:\dev\herald\Modules\Herald.Sinks\src\Herald.Sinks.MSSqlServer\bin\Debug\net9.0\Herald.Sinks.MSSqlServer.dll
  Herald.Sinks.Pulsar -> E:\dev\herald\Modules\Herald.Sinks\src\Herald.Sinks.Pulsar\bin\Debug\net9.0\Herald.Sinks.Pulsar.dll
  Herald.Sinks.SQLite -> E:\dev\herald\Modules\Herald.Sinks\src\Herald.Sinks.SQLite\bin\Debug\net9.0\Herald.Sinks.SQLite.dll
  Herald.Sinks.Email -> E:\dev\herald\Modules\Herald.Sinks\src\Herald.Sinks.Email\bin\Debug\net9.0\Herald.Sinks.Email.dll
  Herald.Sinks.AwsCloudWatch -> E:\dev\herald\Modules\Herald.Sinks\src\Herald.Sinks.AwsCloudWatch\bin\Debug\net9.0\Herald.Sinks.AwsCloudWatch.dll
  Herald.Sinks.Coralogix -> E:\dev\herald\Modules\Herald.Sinks\src\Herald.Sinks.Coralogix\bin\Debug\net9.0\Herald.Sinks.Coralogix.dll
  Herald.Sinks.ZeroMQ -> E:\dev\herald\Modules\Herald.Sinks\src\Herald.Sinks.ZeroMQ\bin\Debug\net9.0\Herald.Sinks.ZeroMQ.dll
  Herald.Sinks.Loki -> E:\dev\herald\Modules\Herald.Sinks\src\Herald.Sinks.Loki\bin\Debug\net9.0\Herald.Sinks.Loki.dll
  Herald.Sinks.Kafka -> E:\dev\herald\Modules\Herald.Sinks\src\Herald.Sinks.Kafka\bin\Debug\net9.0\Herald.Sinks.Kafka.dll
  Herald.Sinks.NewRelicLogs -> E:\dev\herald\Modules\Herald.Sinks\src\Herald.Sinks.NewRelicLogs\bin\Debug\net9.0\Herald.Sinks.NewRelicLogs.dll
  Herald.Sinks.HttpJson -> E:\dev\herald\Modules\Herald.Sinks\src\Herald.Sinks.HttpJson\bin\Debug\net9.0\Herald.Sinks.HttpJson.dll
  Herald.Sinks.Datadog -> E:\dev\herald\Modules\Herald.Sinks\src\Herald.Sinks.Datadog\bin\Debug\net9.0\Herald.Sinks.Datadog.dll
  Herald.Sinks.RabbitMQ -> E:\dev\herald\Modules\Herald.Sinks\src\Herald.Sinks.RabbitMQ\bin\Debug\net9.0\Herald.Sinks.RabbitMQ.dll
  Herald.Sinks.Kinesis -> E:\dev\herald\Modules\Herald.Sinks\src\Herald.Sinks.Kinesis\bin\Debug\net9.0\Herald.Sinks.Kinesis.dll
  Herald.Sinks.Otlp -> E:\dev\herald\Modules\Herald.Sinks\src\Herald.Sinks.Otlp\bin\Debug\net9.0\Herald.Sinks.Otlp.dll
  Herald.Game.Pro -> E:\dev\herald\Modules\Herald.Sinks\meta\Herald.Game.Pro\bin\Debug\net8.0\Herald.Game.Pro.dll
  Herald.Sinks.InfluxDB -> E:\dev\herald\Modules\Herald.Sinks\src\Herald.Sinks.InfluxDB\bin\Debug\net9.0\Herald.Sinks.InfluxDB.dll
  Herald.Sinks.Redis -> E:\dev\herald\Modules\Herald.Sinks\src\Herald.Sinks.Redis\bin\Debug\net9.0\Herald.Sinks.Redis.dll
  Herald.Sinks.SumoLogic -> E:\dev\herald\Modules\Herald.Sinks\src\Herald.Sinks.SumoLogic\bin\Debug\net9.0\Herald.Sinks.SumoLogic.dll
  Herald.Sinks.LogzIo -> E:\dev\herald\Modules\Herald.Sinks\src\Herald.Sinks.LogzIo\bin\Debug\net9.0\Herald.Sinks.LogzIo.dll
  Herald.Sinks.Sqs -> E:\dev\herald\Modules\Herald.Sinks\src\Herald.Sinks.Sqs\bin\Debug\net9.0\Herald.Sinks.Sqs.dll
  Herald.Sinks.DynamoDB -> E:\dev\herald\Modules\Herald.Sinks\src\Herald.Sinks.DynamoDB\bin\Debug\net9.0\Herald.Sinks.DynamoDB.dll
  Herald.Sinks.Splunk -> E:\dev\herald\Modules\Herald.Sinks\src\Herald.Sinks.Splunk\bin\Debug\net9.0\Herald.Sinks.Splunk.dll
  Herald.Business -> E:\dev\herald\Modules\Herald.Sinks\meta\Herald.Business\bin\Debug\net8.0\Herald.Business.dll
  Herald.Sinks.RedisList.Tests -> E:\dev\herald\Modules\Herald.Sinks\tests\Herald.Sinks.RedisList.Tests\bin\Debug\net9.0\Herald.Sinks.RedisList.Tests.dll
  Herald.Sinks.AzureBlobStorage.Tests -> E:\dev\herald\Modules\Herald.Sinks\tests\Herald.Sinks.AzureBlobStorage.Tests\bin\Debug\net8.0\Herald.Sinks.AzureBlobStorage.Tests.dll
  Herald.Sinks.AzureTableStorage -> E:\dev\herald\Modules\Herald.Sinks\src\Herald.Sinks.AzureTableStorage\bin\Debug\net9.0\Herald.Sinks.AzureTableStorage.dll
  Herald.Sinks.Elasticsearch -> E:\dev\herald\Modules\Herald.Sinks\src\Herald.Sinks.Elasticsearch\bin\Debug\net9.0\Herald.Sinks.Elasticsearch.dll
  Herald.Sinks.Honeycomb.Tests -> E:\dev\herald\Modules\Herald.Sinks\tests\Herald.Sinks.Honeycomb.Tests\bin\Debug\net10.0\Herald.Sinks.Honeycomb.Tests.dll
  Herald.Sinks.PostgreSQL.Tests -> E:\dev\herald\Modules\Herald.Sinks\tests\Herald.Sinks.PostgreSQL.Tests\bin\Debug\net8.0\Herald.Sinks.PostgreSQL.Tests.dll
  Herald.Sinks.NewRelicLogs.Tests -> E:\dev\herald\Modules\Herald.Sinks\tests\Herald.Sinks.NewRelicLogs.Tests\bin\Debug\net8.0\Herald.Sinks.NewRelicLogs.Tests.dll
  Herald.Sinks.HttpJson.Tests -> E:\dev\herald\Modules\Herald.Sinks\tests\Herald.Sinks.HttpJson.Tests\bin\Debug\net9.0\Herald.Sinks.HttpJson.Tests.dll
  Herald.Sinks.AwsCloudWatch.Tests -> E:\dev\herald\Modules\Herald.Sinks\tests\Herald.Sinks.AwsCloudWatch.Tests\bin\Debug\net10.0\Herald.Sinks.AwsCloudWatch.Tests.dll
  Herald.Sinks.ApplicationInsightsSdk -> E:\dev\herald\Modules\Herald.Sinks\src\Herald.Sinks.ApplicationInsightsSdk\bin\Debug\net9.0\Herald.Sinks.ApplicationInsightsSdk.dll
  Herald.Sinks.MicrosoftTeams -> E:\dev\herald\Modules\Herald.Sinks\src\Herald.Sinks.MicrosoftTeams\bin\Debug\net9.0\Herald.Sinks.MicrosoftTeams.dll
  Herald.Sinks.Discord.Tests -> E:\dev\herald\Modules\Herald.Sinks\tests\Herald.Sinks.Discord.Tests\bin\Debug\net10.0\Herald.Sinks.Discord.Tests.dll
  Herald.Sinks.Rollbar -> E:\dev\herald\Modules\Herald.Sinks\src\Herald.Sinks.Rollbar\bin\Debug\net9.0\Herald.Sinks.Rollbar.dll
  Herald.Sinks.AzureServiceBus.Tests -> E:\dev\herald\Modules\Herald.Sinks\tests\Herald.Sinks.AzureServiceBus.Tests\bin\Debug\net10.0\Herald.Sinks.AzureServiceBus.Tests.dll
  Herald.Sinks.Seq -> E:\dev\herald\Modules\Herald.Sinks\src\Herald.Sinks.Seq\bin\Debug\net9.0\Herald.Sinks.Seq.dll
  Herald.Sinks.AzureBlobStorage -> E:\dev\herald\Modules\Herald.Sinks\src\Herald.Sinks.AzureBlobStorage\bin\Debug\net9.0\Herald.Sinks.AzureBlobStorage.dll
  Herald.Sinks.ClickHouse -> E:\dev\herald\Modules\Herald.Sinks\src\Herald.Sinks.ClickHouse\bin\Debug\net9.0\Herald.Sinks.ClickHouse.dll
  Herald.Sinks.Nats.Tests -> E:\dev\herald\Modules\Herald.Sinks\tests\Herald.Sinks.Nats.Tests\bin\Debug\net9.0\Herald.Sinks.Nats.Tests.dll
  Herald.Sinks.Twilio -> E:\dev\herald\Modules\Herald.Sinks\src\Herald.Sinks.Twilio\bin\Debug\net9.0\Herald.Sinks.Twilio.dll
  Herald.Sinks.LogzIo.Tests -> E:\dev\herald\Modules\Herald.Sinks\tests\Herald.Sinks.LogzIo.Tests\bin\Debug\net10.0\Herald.Sinks.LogzIo.Tests.dll
  Herald.Sinks.MSSqlServer.Tests -> E:\dev\herald\Modules\Herald.Sinks\tests\Herald.Sinks.MSSqlServer.Tests\bin\Debug\net9.0\Herald.Sinks.MSSqlServer.Tests.dll
  Herald.Sinks.Dynatrace -> E:\dev\herald\Modules\Herald.Sinks\src\Herald.Sinks.Dynatrace\bin\Debug\net9.0\Herald.Sinks.Dynatrace.dll
  Herald.Sinks.Mezmo.Tests -> E:\dev\herald\Modules\Herald.Sinks\tests\Herald.Sinks.Mezmo.Tests\bin\Debug\net8.0\Herald.Sinks.Mezmo.Tests.dll
  Herald.Sinks.GoogleCloudPubSub -> E:\dev\herald\Modules\Herald.Sinks\src\Herald.Sinks.GoogleCloudPubSub\bin\Debug\net9.0\Herald.Sinks.GoogleCloudPubSub.dll
  Herald.Sinks.Exceptionless -> E:\dev\herald\Modules\Herald.Sinks\src\Herald.Sinks.Exceptionless\bin\Debug\net9.0\Herald.Sinks.Exceptionless.dll
  Herald.Sinks.Telegram.Tests -> E:\dev\herald\Modules\Herald.Sinks\tests\Herald.Sinks.Telegram.Tests\bin\Debug\net8.0\Herald.Sinks.Telegram.Tests.dll
  Herald.Sinks.UnityConsole.Tests -> E:\dev\herald\Modules\Herald.Sinks\tests\Herald.Sinks.UnityConsole.Tests\bin\Debug\net10.0\Herald.Sinks.UnityConsole.Tests.dll
  Herald.Sinks.BigQuery -> E:\dev\herald\Modules\Herald.Sinks\src\Herald.Sinks.BigQuery\bin\Debug\net9.0\Herald.Sinks.BigQuery.dll
  Herald.Sinks.BetterStack -> E:\dev\herald\Modules\Herald.Sinks\src\Herald.Sinks.BetterStack\bin\Debug\net9.0\Herald.Sinks.BetterStack.dll
  Herald.Sinks.Honeycomb -> E:\dev\herald\Modules\Herald.Sinks\src\Herald.Sinks.Honeycomb\bin\Debug\net9.0\Herald.Sinks.Honeycomb.dll
  Herald.Sinks.GenericWebhook.Tests -> E:\dev\herald\Modules\Herald.Sinks\tests\Herald.Sinks.GenericWebhook.Tests\bin\Debug\net9.0\Herald.Sinks.GenericWebhook.Tests.dll
  Herald.Sinks.Bugsnag -> E:\dev\herald\Modules\Herald.Sinks\src\Herald.Sinks.Bugsnag\bin\Debug\net9.0\Herald.Sinks.Bugsnag.dll
  Herald.Sinks.TcpJsonLine -> E:\dev\herald\Modules\Herald.Sinks\src\Herald.Sinks.TcpJsonLine\bin\Debug\net9.0\Herald.Sinks.TcpJsonLine.dll
  Herald.Sinks.AwsCloudWatch.Tests -> E:\dev\herald\Modules\Herald.Sinks\tests\Herald.Sinks.AwsCloudWatch.Tests\bin\Debug\net8.0\Herald.Sinks.AwsCloudWatch.Tests.dll
  Herald.Sinks.AwsCloudWatch.Tests -> E:\dev\herald\Modules\Herald.Sinks\tests\Herald.Sinks.AwsCloudWatch.Tests\bin\Debug\net9.0\Herald.Sinks.AwsCloudWatch.Tests.dll
  Herald.Sinks.Mqtt.Tests -> E:\dev\herald\Modules\Herald.Sinks\tests\Herald.Sinks.Mqtt.Tests\bin\Debug\net9.0\Herald.Sinks.Mqtt.Tests.dll
  Herald.Sinks.Couchbase.Tests -> E:\dev\herald\Modules\Herald.Sinks\tests\Herald.Sinks.Couchbase.Tests\bin\Debug\net8.0\Herald.Sinks.Couchbase.Tests.dll
  Herald.Sinks.GenericWebhook.Tests -> E:\dev\herald\Modules\Herald.Sinks\tests\Herald.Sinks.GenericWebhook.Tests\bin\Debug\net10.0\Herald.Sinks.GenericWebhook.Tests.dll
  Herald.Sinks.ApplicationInsightsHttp -> E:\dev\herald\Modules\Herald.Sinks\src\Herald.Sinks.ApplicationInsightsHttp\bin\Debug\net9.0\Herald.Sinks.ApplicationInsightsHttp.dll
  Herald.Sinks.AzureServiceBus -> E:\dev\herald\Modules\Herald.Sinks\src\Herald.Sinks.AzureServiceBus\bin\Debug\net9.0\Herald.Sinks.AzureServiceBus.dll
  Herald.Sinks.RavenDB -> E:\dev\herald\Modules\Herald.Sinks\src\Herald.Sinks.RavenDB\bin\Debug\net9.0\Herald.Sinks.RavenDB.dll
  Herald.Sinks.RabbitMQ.Tests -> E:\dev\herald\Modules\Herald.Sinks\tests\Herald.Sinks.RabbitMQ.Tests\bin\Debug\net8.0\Herald.Sinks.RabbitMQ.Tests.dll
  Herald.Sinks.MongoDB.Tests -> E:\dev\herald\Modules\Herald.Sinks\tests\Herald.Sinks.MongoDB.Tests\bin\Debug\net10.0\Herald.Sinks.MongoDB.Tests.dll
  Herald.Sinks.Mezmo -> E:\dev\herald\Modules\Herald.Sinks\src\Herald.Sinks.Mezmo\bin\Debug\net9.0\Herald.Sinks.Mezmo.dll
  Herald.Sinks.Sentry.Tests -> E:\dev\herald\Modules\Herald.Sinks\tests\Herald.Sinks.Sentry.Tests\bin\Debug\net9.0\Herald.Sinks.Sentry.Tests.dll
  Herald.Sinks.DynamoDB.Tests -> E:\dev\herald\Modules\Herald.Sinks\tests\Herald.Sinks.DynamoDB.Tests\bin\Debug\net10.0\Herald.Sinks.DynamoDB.Tests.dll
  Herald.Sinks.ZeroMQ.Tests -> E:\dev\herald\Modules\Herald.Sinks\tests\Herald.Sinks.ZeroMQ.Tests\bin\Debug\net10.0\Herald.Sinks.ZeroMQ.Tests.dll
  Herald.Sinks.Slack.Tests -> E:\dev\herald\Modules\Herald.Sinks\tests\Herald.Sinks.Slack.Tests\bin\Debug\net10.0\Herald.Sinks.Slack.Tests.dll
  Herald.Sinks.AzureAnalytics -> E:\dev\herald\Modules\Herald.Sinks\src\Herald.Sinks.AzureAnalytics\bin\Debug\net9.0\Herald.Sinks.AzureAnalytics.dll
  Herald.Sinks.Rollbar.Tests -> E:\dev\herald\Modules\Herald.Sinks\tests\Herald.Sinks.Rollbar.Tests\bin\Debug\net9.0\Herald.Sinks.Rollbar.Tests.dll
  Herald.Sinks.SQLite.Tests -> E:\dev\herald\Modules\Herald.Sinks\tests\Herald.Sinks.SQLite.Tests\bin\Debug\net9.0\Herald.Sinks.SQLite.Tests.dll
  Herald.Sinks.Seq.Tests -> E:\dev\herald\Modules\Herald.Sinks\tests\Herald.Sinks.Seq.Tests\bin\Debug\net9.0\Herald.Sinks.Seq.Tests.dll
  Herald.Sinks.AzureBlobStorage.Tests -> E:\dev\herald\Modules\Herald.Sinks\tests\Herald.Sinks.AzureBlobStorage.Tests\bin\Debug\net9.0\Herald.Sinks.AzureBlobStorage.Tests.dll
  Herald.Sinks.AzureCosmosDB.Tests -> E:\dev\herald\Modules\Herald.Sinks\tests\Herald.Sinks.AzureCosmosDB.Tests\bin\Debug\net9.0\Herald.Sinks.AzureCosmosDB.Tests.dll
  Herald.Sinks.Kafka.Tests -> E:\dev\herald\Modules\Herald.Sinks\tests\Herald.Sinks.Kafka.Tests\bin\Debug\net9.0\Herald.Sinks.Kafka.Tests.dll
  Herald.Sinks.Redis.Tests -> E:\dev\herald\Modules\Herald.Sinks\tests\Herald.Sinks.Redis.Tests\bin\Debug\net9.0\Herald.Sinks.Redis.Tests.dll
  Herald.Sinks.Email.Tests -> E:\dev\herald\Modules\Herald.Sinks\tests\Herald.Sinks.Email.Tests\bin\Debug\net10.0\Herald.Sinks.Email.Tests.dll
  Herald.Sinks.Aliyun -> E:\dev\herald\Modules\Herald.Sinks\src\Herald.Sinks.Aliyun\bin\Debug\net9.0\Herald.Sinks.Aliyun.dll
  Herald.Sinks.Email.Tests -> E:\dev\herald\Modules\Herald.Sinks\tests\Herald.Sinks.Email.Tests\bin\Debug\net9.0\Herald.Sinks.Email.Tests.dll
  Herald.Sinks.PostgreSQL.Tests -> E:\dev\herald\Modules\Herald.Sinks\tests\Herald.Sinks.PostgreSQL.Tests\bin\Debug\net9.0\Herald.Sinks.PostgreSQL.Tests.dll
  Herald.Sinks.GodotConsole.Tests -> E:\dev\herald\Modules\Herald.Sinks\tests\Herald.Sinks.GodotConsole.Tests\bin\Debug\net8.0\Herald.Sinks.GodotConsole.Tests.dll
  Herald.Sinks.OtlpGrpc -> E:\dev\herald\Modules\Herald.Sinks\src\Herald.Sinks.OtlpGrpc\bin\Debug\net9.0\Herald.Sinks.OtlpGrpc.dll
  Herald.Sinks.AzureEventHub.Tests -> E:\dev\herald\Modules\Herald.Sinks\tests\Herald.Sinks.AzureEventHub.Tests\bin\Debug\net10.0\Herald.Sinks.AzureEventHub.Tests.dll
  Herald.Sinks.BetterStack.Tests -> E:\dev\herald\Modules\Herald.Sinks\tests\Herald.Sinks.BetterStack.Tests\bin\Debug\net9.0\Herald.Sinks.BetterStack.Tests.dll
  Herald.Sinks.Stackify.Tests -> E:\dev\herald\Modules\Herald.Sinks\tests\Herald.Sinks.Stackify.Tests\bin\Debug\net10.0\Herald.Sinks.Stackify.Tests.dll
  Herald.Sinks.PostgreSQL.Tests -> E:\dev\herald\Modules\Herald.Sinks\tests\Herald.Sinks.PostgreSQL.Tests\bin\Debug\net10.0\Herald.Sinks.PostgreSQL.Tests.dll
  Herald.Sinks.Slack -> E:\dev\herald\Modules\Herald.Sinks\src\Herald.Sinks.Slack\bin\Debug\net9.0\Herald.Sinks.Slack.dll
  Herald.Sinks.Bugsnag.Tests -> E:\dev\herald\Modules\Herald.Sinks\tests\Herald.Sinks.Bugsnag.Tests\bin\Debug\net9.0\Herald.Sinks.Bugsnag.Tests.dll
  Herald.Sinks.ApplicationInsightsSdk.Tests -> E:\dev\herald\Modules\Herald.Sinks\tests\Herald.Sinks.ApplicationInsightsSdk.Tests\bin\Debug\net10.0\Herald.Sinks.ApplicationInsightsSdk.Tests.dll
E:\dev\herald\Modules\Herald.Sinks\tests\Herald.Sinks.Otlp.Tests\ProtobufFileLogSinkTests.cs(43,13): error CS0234: The type or namespace name 'Delete' does not exist in the namespace 'Herald.Sinks.File' (are you missing an assembly reference?) [E:\dev\herald\Modules\Herald.Sinks\tests\Herald.Sinks.Otlp.Tests\Herald.Sinks.Otlp.Tests.csproj::TargetFramework=net9.0]
E:\dev\herald\Modules\Herald.Sinks\tests\Herald.Sinks.Otlp.Tests\ProtobufFileLogSinkTests.cs(62,25): error CS0234: The type or namespace name 'ReadAllBytes' does not exist in the namespace 'Herald.Sinks.File' (are you missing an assembly reference?) [E:\dev\herald\Modules\Herald.Sinks\tests\Herald.Sinks.Otlp.Tests\Herald.Sinks.Otlp.Tests.csproj::TargetFramework=net9.0]
E:\dev\herald\Modules\Herald.Sinks\tests\Herald.Sinks.Otlp.Tests\ProtobufFileLogSinkTests.cs(74,13): error CS0234: The type or namespace name 'Delete' does not exist in the namespace 'Herald.Sinks.File' (are you missing an assembly reference?) [E:\dev\herald\Modules\Herald.Sinks\tests\Herald.Sinks.Otlp.Tests\Herald.Sinks.Otlp.Tests.csproj::TargetFramework=net9.0]
E:\dev\herald\Modules\Herald.Sinks\tests\Herald.Sinks.Otlp.Tests\ProtobufFileLogSinkTests.cs(97,13): error CS0234: The type or namespace name 'Delete' does not exist in the namespace 'Herald.Sinks.File' (are you missing an assembly reference?) [E:\dev\herald\Modules\Herald.Sinks\tests\Herald.Sinks.Otlp.Tests\Herald.Sinks.Otlp.Tests.csproj::TargetFramework=net9.0]
E:\dev\herald\Modules\Herald.Sinks\tests\Herald.Sinks.Otlp.Tests\ProtobufFileLogSinkTests.cs(114,13): error CS0234: The type or namespace name 'Delete' does not exist in the namespace 'Herald.Sinks.File' (are you missing an assembly reference?) [E:\dev\herald\Modules\Herald.Sinks\tests\Herald.Sinks.Otlp.Tests\Herald.Sinks.Otlp.Tests.csproj::TargetFramework=net9.0]
E:\dev\herald\Modules\Herald.Sinks\tests\Herald.Sinks.Otlp.Tests\ProtobufFileLogSinkTests.cs(133,13): error CS0234: The type or namespace name 'Delete' does not exist in the namespace 'Herald.Sinks.File' (are you missing an assembly reference?) [E:\dev\herald\Modules\Herald.Sinks\tests\Herald.Sinks.Otlp.Tests\Herald.Sinks.Otlp.Tests.csproj::TargetFramework=net9.0]
E:\dev\herald\Modules\Herald.Sinks\tests\Herald.Sinks.Otlp.Tests\ProtobufFileLogSinkTests.cs(147,13): error CS0234: The type or namespace name 'Exists' does not exist in the namespace 'Herald.Sinks.File' (are you missing an assembly reference?) [E:\dev\herald\Modules\Herald.Sinks\tests\Herald.Sinks.Otlp.Tests\Herald.Sinks.Otlp.Tests.csproj::TargetFramework=net9.0]
E:\dev\herald\Modules\Herald.Sinks\tests\Herald.Sinks.Otlp.Tests\ProtobufFileLogSinkTests.cs(148,25): error CS0234: The type or namespace name 'ReadAllBytes' does not exist in the namespace 'Herald.Sinks.File' (are you missing an assembly reference?) [E:\dev\herald\Modules\Herald.Sinks\tests\Herald.Sinks.Otlp.Tests\Herald.Sinks.Otlp.Tests.csproj::TargetFramework=net9.0]
E:\dev\herald\Modules\Herald.Sinks\tests\Herald.Sinks.Otlp.Tests\ProtobufFileLogSinkTests.cs(153,13): error CS0234: The type or namespace name 'Delete' does not exist in the namespace 'Herald.Sinks.File' (are you missing an assembly reference?) [E:\dev\herald\Modules\Herald.Sinks\tests\Herald.Sinks.Otlp.Tests\Herald.Sinks.Otlp.Tests.csproj::TargetFramework=net9.0]
E:\dev\herald\Modules\Herald.Sinks\tests\Herald.Sinks.Otlp.Tests\ProtobufFileLogSinkTests.cs(199,13): error CS0234: The type or namespace name 'Delete' does not exist in the namespace 'Herald.Sinks.File' (are you missing an assembly reference?) [E:\dev\herald\Modules\Herald.Sinks\tests\Herald.Sinks.Otlp.Tests\Herald.Sinks.Otlp.Tests.csproj::TargetFramework=net9.0]
  Herald.Sinks.Raygun.Tests -> E:\dev\herald\Modules\Herald.Sinks\tests\Herald.Sinks.Raygun.Tests\bin\Debug\net9.0\Herald.Sinks.Raygun.Tests.dll
  Herald.Sinks.AzureServiceBus.Tests -> E:\dev\herald\Modules\Herald.Sinks\tests\Herald.Sinks.AzureServiceBus.Tests\bin\Debug\net9.0\Herald.Sinks.AzureServiceBus.Tests.dll
  Herald.Sinks.SumoLogic.Tests -> E:\dev\herald\Modules\Herald.Sinks\tests\Herald.Sinks.SumoLogic.Tests\bin\Debug\net10.0\Herald.Sinks.SumoLogic.Tests.dll
  Herald.Sinks.Exceptionless.Tests -> E:\dev\herald\Modules\Herald.Sinks\tests\Herald.Sinks.Exceptionless.Tests\bin\Debug\net9.0\Herald.Sinks.Exceptionless.Tests.dll
  Herald.Sinks.RavenDB.Tests -> E:\dev\herald\Modules\Herald.Sinks\tests\Herald.Sinks.RavenDB.Tests\bin\Debug\net9.0\Herald.Sinks.RavenDB.Tests.dll
  Herald.Sinks.Loggly -> E:\dev\herald\Modules\Herald.Sinks\src\Herald.Sinks.Loggly\bin\Debug\net9.0\Herald.Sinks.Loggly.dll
  Herald.Sinks.Couchbase.Tests -> E:\dev\herald\Modules\Herald.Sinks\tests\Herald.Sinks.Couchbase.Tests\bin\Debug\net9.0\Herald.Sinks.Couchbase.Tests.dll
  Herald.Sinks.Cassandra.Tests -> E:\dev\herald\Modules\Herald.Sinks\tests\Herald.Sinks.Cassandra.Tests\bin\Debug\net9.0\Herald.Sinks.Cassandra.Tests.dll
  Herald.Sinks.DynamoDB.Tests -> E:\dev\herald\Modules\Herald.Sinks\tests\Herald.Sinks.DynamoDB.Tests\bin\Debug\net9.0\Herald.Sinks.DynamoDB.Tests.dll
  Herald.Sinks.Twilio.Tests -> E:\dev\herald\Modules\Herald.Sinks\tests\Herald.Sinks.Twilio.Tests\bin\Debug\net9.0\Herald.Sinks.Twilio.Tests.dll
  Herald.Sinks.Syslog -> E:\dev\herald\Modules\Herald.Sinks\src\Herald.Sinks.Syslog\bin\Debug\net9.0\Herald.Sinks.Syslog.dll
  Herald.Sinks.Splunk.Tests -> E:\dev\herald\Modules\Herald.Sinks\tests\Herald.Sinks.Splunk.Tests\bin\Debug\net9.0\Herald.Sinks.Splunk.Tests.dll
  Herald.Sinks.UdpJsonLine -> E:\dev\herald\Modules\Herald.Sinks\src\Herald.Sinks.UdpJsonLine\bin\Debug\net9.0\Herald.Sinks.UdpJsonLine.dll
  Herald.Sinks.GoogleCloudLogging.Tests -> E:\dev\herald\Modules\Herald.Sinks\tests\Herald.Sinks.GoogleCloudLogging.Tests\bin\Debug\net10.0\Herald.Sinks.GoogleCloudLogging.Tests.dll
  Herald.Sinks.ElmahIo -> E:\dev\herald\Modules\Herald.Sinks\src\Herald.Sinks.ElmahIo\bin\Debug\net9.0\Herald.Sinks.ElmahIo.dll
  Herald.Sinks.BigQuery.Tests -> E:\dev\herald\Modules\Herald.Sinks\tests\Herald.Sinks.BigQuery.Tests\bin\Debug\net9.0\Herald.Sinks.BigQuery.Tests.dll
  Herald.Sinks.Axiom.Tests -> E:\dev\herald\Modules\Herald.Sinks\tests\Herald.Sinks.Axiom.Tests\bin\Debug\net8.0\Herald.Sinks.Axiom.Tests.dll
  Herald.Sinks.Graylog -> E:\dev\herald\Modules\Herald.Sinks\src\Herald.Sinks.Graylog\bin\Debug\net10.0\Herald.Sinks.Graylog.dll
  Herald.Sinks.Axiom.Tests -> E:\dev\herald\Modules\Herald.Sinks\tests\Herald.Sinks.Axiom.Tests\bin\Debug\net9.0\Herald.Sinks.Axiom.Tests.dll
  Herald.Sinks.Datadog.Tests -> E:\dev\herald\Modules\Herald.Sinks\tests\Herald.Sinks.Datadog.Tests\bin\Debug\net9.0\Herald.Sinks.Datadog.Tests.dll
  Herald.Sinks.Elasticsearch.Tests -> E:\dev\herald\Modules\Herald.Sinks\tests\Herald.Sinks.Elasticsearch.Tests\bin\Debug\net9.0\Herald.Sinks.Elasticsearch.Tests.dll
  Herald.Sinks.OtlpGrpc.Tests -> E:\dev\herald\Modules\Herald.Sinks\tests\Herald.Sinks.OtlpGrpc.Tests\bin\Debug\net9.0\Herald.Sinks.OtlpGrpc.Tests.dll
  Herald.Sinks.Loggly.Tests -> E:\dev\herald\Modules\Herald.Sinks\tests\Herald.Sinks.Loggly.Tests\bin\Debug\net9.0\Herald.Sinks.Loggly.Tests.dll
  Herald.Sinks.ZeroMQ.Tests -> E:\dev\herald\Modules\Herald.Sinks\tests\Herald.Sinks.ZeroMQ.Tests\bin\Debug\net9.0\Herald.Sinks.ZeroMQ.Tests.dll
  Herald.Sinks.Raygun -> E:\dev\herald\Modules\Herald.Sinks\src\Herald.Sinks.Raygun\bin\Debug\net10.0\Herald.Sinks.Raygun.dll
  Herald.Sinks.UdpJsonLine.Tests -> E:\dev\herald\Modules\Herald.Sinks\tests\Herald.Sinks.UdpJsonLine.Tests\bin\Debug\net9.0\Herald.Sinks.UdpJsonLine.Tests.dll
  Herald.Sinks.PagerDuty.Tests -> E:\dev\herald\Modules\Herald.Sinks\tests\Herald.Sinks.PagerDuty.Tests\bin\Debug\net9.0\Herald.Sinks.PagerDuty.Tests.dll
  Herald.Sinks.AzureBlobStorage.Tests -> E:\dev\herald\Modules\Herald.Sinks\tests\Herald.Sinks.AzureBlobStorage.Tests\bin\Debug\net10.0\Herald.Sinks.AzureBlobStorage.Tests.dll
  Herald.Sinks.AzureAnalytics.Tests -> E:\dev\herald\Modules\Herald.Sinks\tests\Herald.Sinks.AzureAnalytics.Tests\bin\Debug\net10.0\Herald.Sinks.AzureAnalytics.Tests.dll
  Herald.Sinks.ApplicationInsightsHttp.Tests -> E:\dev\herald\Modules\Herald.Sinks\tests\Herald.Sinks.ApplicationInsightsHttp.Tests\bin\Debug\net9.0\Herald.Sinks.ApplicationInsightsHttp.Tests.dll
  Herald.Sinks.NewRelicLogs.Tests -> E:\dev\herald\Modules\Herald.Sinks\tests\Herald.Sinks.NewRelicLogs.Tests\bin\Debug\net9.0\Herald.Sinks.NewRelicLogs.Tests.dll
  Herald.Sinks.Sqs.Tests -> E:\dev\herald\Modules\Herald.Sinks\tests\Herald.Sinks.Sqs.Tests\bin\Debug\net9.0\Herald.Sinks.Sqs.Tests.dll
  Herald.Sinks.Honeycomb.Tests -> E:\dev\herald\Modules\Herald.Sinks\tests\Herald.Sinks.Honeycomb.Tests\bin\Debug\net9.0\Herald.Sinks.Honeycomb.Tests.dll
  Herald.Sinks.TcpJsonLine.Tests -> E:\dev\herald\Modules\Herald.Sinks\tests\Herald.Sinks.TcpJsonLine.Tests\bin\Debug\net9.0\Herald.Sinks.TcpJsonLine.Tests.dll
  Herald.Sinks.LogzIo.Tests -> E:\dev\herald\Modules\Herald.Sinks\tests\Herald.Sinks.LogzIo.Tests\bin\Debug\net9.0\Herald.Sinks.LogzIo.Tests.dll
  Herald.Sinks.InfluxDB.Tests -> E:\dev\herald\Modules\Herald.Sinks\tests\Herald.Sinks.InfluxDB.Tests\bin\Debug\net9.0\Herald.Sinks.InfluxDB.Tests.dll
  Herald.Sinks.Mezmo.Tests -> E:\dev\herald\Modules\Herald.Sinks\tests\Herald.Sinks.Mezmo.Tests\bin\Debug\net9.0\Herald.Sinks.Mezmo.Tests.dll
  Herald.Sinks.GoogleCloudPubSub.Tests -> E:\dev\herald\Modules\Herald.Sinks\tests\Herald.Sinks.GoogleCloudPubSub.Tests\bin\Debug\net9.0\Herald.Sinks.GoogleCloudPubSub.Tests.dll
  Herald.Sinks.Slack.Tests -> E:\dev\herald\Modules\Herald.Sinks\tests\Herald.Sinks.Slack.Tests\bin\Debug\net9.0\Herald.Sinks.Slack.Tests.dll
  Herald.Sinks.RabbitMQ.Tests -> E:\dev\herald\Modules\Herald.Sinks\tests\Herald.Sinks.RabbitMQ.Tests\bin\Debug\net9.0\Herald.Sinks.RabbitMQ.Tests.dll
  Herald.Sinks.Aliyun.Tests -> E:\dev\herald\Modules\Herald.Sinks\tests\Herald.Sinks.Aliyun.Tests\bin\Debug\net9.0\Herald.Sinks.Aliyun.Tests.dll
  Herald.Sinks.Telegram -> E:\dev\herald\Modules\Herald.Sinks\src\Herald.Sinks.Telegram\bin\Debug\net9.0\Herald.Sinks.Telegram.dll
  Herald.Sinks.Dynatrace.Tests -> E:\dev\herald\Modules\Herald.Sinks\tests\Herald.Sinks.Dynatrace.Tests\bin\Debug\net9.0\Herald.Sinks.Dynatrace.Tests.dll
  Herald.Sinks.Graylog.Tests -> E:\dev\herald\Modules\Herald.Sinks\tests\Herald.Sinks.Graylog.Tests\bin\Debug\net10.0\Herald.Sinks.Graylog.Tests.dll
  Herald.Sinks.Raygun.Tests -> E:\dev\herald\Modules\Herald.Sinks\tests\Herald.Sinks.Raygun.Tests\bin\Debug\net10.0\Herald.Sinks.Raygun.Tests.dll
  Herald.Sinks.Batching.Tests -> E:\dev\herald\Modules\Herald.Sinks\tests\Herald.Sinks.Batching.Tests\bin\Debug\net9.0\Herald.Sinks.Batching.Tests.dll
  Herald.Sinks.Nats.Tests -> E:\dev\herald\Modules\Herald.Sinks\tests\Herald.Sinks.Nats.Tests\bin\Debug\net8.0\Herald.Sinks.Nats.Tests.dll
  Herald.Sinks.Coralogix.Tests -> E:\dev\herald\Modules\Herald.Sinks\tests\Herald.Sinks.Coralogix.Tests\bin\Debug\net9.0\Herald.Sinks.Coralogix.Tests.dll
  Herald.Sinks.Syslog.Tests -> E:\dev\herald\Modules\Herald.Sinks\tests\Herald.Sinks.Syslog.Tests\bin\Debug\net9.0\Herald.Sinks.Syslog.Tests.dll
  Herald.Sinks.Loki.Tests -> E:\dev\herald\Modules\Herald.Sinks\tests\Herald.Sinks.Loki.Tests\bin\Debug\net9.0\Herald.Sinks.Loki.Tests.dll
  Herald.Sinks.MicrosoftTeams.Tests -> E:\dev\herald\Modules\Herald.Sinks\tests\Herald.Sinks.MicrosoftTeams.Tests\bin\Debug\net9.0\Herald.Sinks.MicrosoftTeams.Tests.dll
  Herald.Sinks.AzureAnalytics.Tests -> E:\dev\herald\Modules\Herald.Sinks\tests\Herald.Sinks.AzureAnalytics.Tests\bin\Debug\net9.0\Herald.Sinks.AzureAnalytics.Tests.dll
  Herald.Sinks.Stackify.Tests -> E:\dev\herald\Modules\Herald.Sinks\tests\Herald.Sinks.Stackify.Tests\bin\Debug\net9.0\Herald.Sinks.Stackify.Tests.dll
  Herald.Sinks.MongoDB -> E:\dev\herald\Modules\Herald.Sinks\src\Herald.Sinks.MongoDB\bin\Debug\net9.0\Herald.Sinks.MongoDB.dll
  Herald.Sinks.ApplicationInsightsSdk.Tests -> E:\dev\herald\Modules\Herald.Sinks\tests\Herald.Sinks.ApplicationInsightsSdk.Tests\bin\Debug\net9.0\Herald.Sinks.ApplicationInsightsSdk.Tests.dll
  Herald.Sinks.ElmahIo.Tests -> E:\dev\herald\Modules\Herald.Sinks\tests\Herald.Sinks.ElmahIo.Tests\bin\Debug\net9.0\Herald.Sinks.ElmahIo.Tests.dll
  Herald.Sinks.Discord -> E:\dev\herald\Modules\Herald.Sinks\src\Herald.Sinks.Discord\bin\Debug\net9.0\Herald.Sinks.Discord.dll
  Herald.Sinks.DynamoDB.Tests -> E:\dev\herald\Modules\Herald.Sinks\tests\Herald.Sinks.DynamoDB.Tests\bin\Debug\net8.0\Herald.Sinks.DynamoDB.Tests.dll
  Herald.Sinks.SignalFx -> E:\dev\herald\Modules\Herald.Sinks\src\Herald.Sinks.SignalFx\bin\Debug\net9.0\Herald.Sinks.SignalFx.dll
  Herald.Sinks.TextWriter.Tests -> E:\dev\herald\Modules\Herald.Sinks\tests\Herald.Sinks.TextWriter.Tests\bin\Debug\net9.0\Herald.Sinks.TextWriter.Tests.dll
  Herald.Sinks.AzureEventHub -> E:\dev\herald\Modules\Herald.Sinks\src\Herald.Sinks.AzureEventHub\bin\Debug\net9.0\Herald.Sinks.AzureEventHub.dll
  Herald.Sinks.AmazonS3 -> E:\dev\herald\Modules\Herald.Sinks\src\Herald.Sinks.AmazonS3\bin\Debug\net9.0\Herald.Sinks.AmazonS3.dll
  Herald.Sinks.Pulsar -> E:\dev\herald\Modules\Herald.Sinks\src\Herald.Sinks.Pulsar\bin\Debug\net10.0\Herald.Sinks.Pulsar.dll
  Herald.Game.Pro -> E:\dev\herald\Modules\Herald.Sinks\meta\Herald.Game.Pro\bin\Debug\net9.0\Herald.Game.Pro.dll
  Herald.Business -> E:\dev\herald\Modules\Herald.Sinks\meta\Herald.Business\bin\Debug\net9.0\Herald.Business.dll
  Herald.Sinks.Kinesis.Tests -> E:\dev\herald\Modules\Herald.Sinks\tests\Herald.Sinks.Kinesis.Tests\bin\Debug\net9.0\Herald.Sinks.Kinesis.Tests.dll
  Herald.Sinks.AzureEventHub.Tests -> E:\dev\herald\Modules\Herald.Sinks\tests\Herald.Sinks.AzureEventHub.Tests\bin\Debug\net9.0\Herald.Sinks.AzureEventHub.Tests.dll
  Herald.Sinks.AmazonS3.Tests -> E:\dev\herald\Modules\Herald.Sinks\tests\Herald.Sinks.AmazonS3.Tests\bin\Debug\net9.0\Herald.Sinks.AmazonS3.Tests.dll
  Herald.Sinks.MongoDB.Tests -> E:\dev\herald\Modules\Herald.Sinks\tests\Herald.Sinks.MongoDB.Tests\bin\Debug\net9.0\Herald.Sinks.MongoDB.Tests.dll
  Herald.Sinks.Discord.Tests -> E:\dev\herald\Modules\Herald.Sinks\tests\Herald.Sinks.Discord.Tests\bin\Debug\net9.0\Herald.Sinks.Discord.Tests.dll
  Herald.Sinks.SignalFx.Tests -> E:\dev\herald\Modules\Herald.Sinks\tests\Herald.Sinks.SignalFx.Tests\bin\Debug\net9.0\Herald.Sinks.SignalFx.Tests.dll
  Herald.Sinks.Kinesis.Tests -> E:\dev\herald\Modules\Herald.Sinks\tests\Herald.Sinks.Kinesis.Tests\bin\Debug\net8.0\Herald.Sinks.Kinesis.Tests.dll
  Herald.Sinks.GoogleCloudPubSub.Tests -> E:\dev\herald\Modules\Herald.Sinks\tests\Herald.Sinks.GoogleCloudPubSub.Tests\bin\Debug\net8.0\Herald.Sinks.GoogleCloudPubSub.Tests.dll
  Herald.Sinks.Telegram.Tests -> E:\dev\herald\Modules\Herald.Sinks\tests\Herald.Sinks.Telegram.Tests\bin\Debug\net9.0\Herald.Sinks.Telegram.Tests.dll
  Herald.Sinks.MongoDB.Tests -> E:\dev\herald\Modules\Herald.Sinks\tests\Herald.Sinks.MongoDB.Tests\bin\Debug\net8.0\Herald.Sinks.MongoDB.Tests.dll
  Herald.Sinks.Kafka.Tests -> E:\dev\herald\Modules\Herald.Sinks\tests\Herald.Sinks.Kafka.Tests\bin\Debug\net8.0\Herald.Sinks.Kafka.Tests.dll
  Herald.Sinks.UdpJsonLine -> E:\dev\herald\Modules\Herald.Sinks\src\Herald.Sinks.UdpJsonLine\bin\Debug\net10.0\Herald.Sinks.UdpJsonLine.dll
  Herald.Sinks.BigQuery -> E:\dev\herald\Modules\Herald.Sinks\src\Herald.Sinks.BigQuery\bin\Debug\net10.0\Herald.Sinks.BigQuery.dll
  Herald.Sinks.Sentry.Tests -> E:\dev\herald\Modules\Herald.Sinks\tests\Herald.Sinks.Sentry.Tests\bin\Debug\net8.0\Herald.Sinks.Sentry.Tests.dll
  Herald.Sinks.Syslog.Tests -> E:\dev\herald\Modules\Herald.Sinks\tests\Herald.Sinks.Syslog.Tests\bin\Debug\net10.0\Herald.Sinks.Syslog.Tests.dll
  Herald.Sinks.GoogleCloudLogging -> E:\dev\herald\Modules\Herald.Sinks\src\Herald.Sinks.GoogleCloudLogging\bin\Debug\net9.0\Herald.Sinks.GoogleCloudLogging.dll
  Herald.Sinks.Kinesis.Tests -> E:\dev\herald\Modules\Herald.Sinks\tests\Herald.Sinks.Kinesis.Tests\bin\Debug\net10.0\Herald.Sinks.Kinesis.Tests.dll
  Herald.Sinks.AzureLogAnalyticsDcr -> E:\dev\herald\Modules\Herald.Sinks\src\Herald.Sinks.AzureLogAnalyticsDcr\bin\Debug\net9.0\Herald.Sinks.AzureLogAnalyticsDcr.dll
  Herald.Sinks.UdpJsonLine.Tests -> E:\dev\herald\Modules\Herald.Sinks\tests\Herald.Sinks.UdpJsonLine.Tests\bin\Debug\net8.0\Herald.Sinks.UdpJsonLine.Tests.dll
  Herald.Sinks.GoogleCloudLogging.Tests -> E:\dev\herald\Modules\Herald.Sinks\tests\Herald.Sinks.GoogleCloudLogging.Tests\bin\Debug\net9.0\Herald.Sinks.GoogleCloudLogging.Tests.dll
  Herald.Sinks.AzureLogAnalyticsDcr.Tests -> E:\dev\herald\Modules\Herald.Sinks\tests\Herald.Sinks.AzureLogAnalyticsDcr.Tests\bin\Debug\net9.0\Herald.Sinks.AzureLogAnalyticsDcr.Tests.dll
  Herald.Sinks.OpenSearch.Tests -> E:\dev\herald\Modules\Herald.Sinks\tests\Herald.Sinks.OpenSearch.Tests\bin\Debug\net9.0\Herald.Sinks.OpenSearch.Tests.dll
  Herald.Sinks.BigQuery.Tests -> E:\dev\herald\Modules\Herald.Sinks\tests\Herald.Sinks.BigQuery.Tests\bin\Debug\net10.0\Herald.Sinks.BigQuery.Tests.dll
  Herald.Sinks.ElmahIo.Tests -> E:\dev\herald\Modules\Herald.Sinks\tests\Herald.Sinks.ElmahIo.Tests\bin\Debug\net10.0\Herald.Sinks.ElmahIo.Tests.dll
  Herald.Game.Pro -> E:\dev\herald\Modules\Herald.Sinks\meta\Herald.Game.Pro\bin\Debug\net10.0\Herald.Game.Pro.dll
  Herald.Business -> E:\dev\herald\Modules\Herald.Sinks\meta\Herald.Business\bin\Debug\net10.0\Herald.Business.dll
  Herald.Sinks.AzureTableStorage.Tests -> E:\dev\herald\Modules\Herald.Sinks\tests\Herald.Sinks.AzureTableStorage.Tests\bin\Debug\net9.0\Herald.Sinks.AzureTableStorage.Tests.dll
  Herald.Sinks.UdpJsonLine.Tests -> E:\dev\herald\Modules\Herald.Sinks\tests\Herald.Sinks.UdpJsonLine.Tests\bin\Debug\net10.0\Herald.Sinks.UdpJsonLine.Tests.dll
  Herald.Sinks.ClickHouse.Tests -> E:\dev\herald\Modules\Herald.Sinks\tests\Herald.Sinks.ClickHouse.Tests\bin\Debug\net9.0\Herald.Sinks.ClickHouse.Tests.dll
  Herald.Sinks.Pulsar.Tests -> E:\dev\herald\Modules\Herald.Sinks\tests\Herald.Sinks.Pulsar.Tests\bin\Debug\net9.0\Herald.Sinks.Pulsar.Tests.dll
  Herald.Sinks.SumoLogic.Tests -> E:\dev\herald\Modules\Herald.Sinks\tests\Herald.Sinks.SumoLogic.Tests\bin\Debug\net9.0\Herald.Sinks.SumoLogic.Tests.dll
  Herald.Sinks.Graylog.Tests -> E:\dev\herald\Modules\Herald.Sinks\tests\Herald.Sinks.Graylog.Tests\bin\Debug\net9.0\Herald.Sinks.Graylog.Tests.dll
  Herald.Sinks.MySQL.Tests -> E:\dev\herald\Modules\Herald.Sinks\tests\Herald.Sinks.MySQL.Tests\bin\Debug\net9.0\Herald.Sinks.MySQL.Tests.dll
  Herald.Sinks.Dynatrace.Tests -> E:\dev\herald\Modules\Herald.Sinks\tests\Herald.Sinks.Dynatrace.Tests\bin\Debug\net10.0\Herald.Sinks.Dynatrace.Tests.dll
  Herald.Sinks.RavenDB.Tests -> E:\dev\herald\Modules\Herald.Sinks\tests\Herald.Sinks.RavenDB.Tests\bin\Debug\net10.0\Herald.Sinks.RavenDB.Tests.dll
  Herald.Sinks.MSSqlServer.Tests -> E:\dev\herald\Modules\Herald.Sinks\tests\Herald.Sinks.MSSqlServer.Tests\bin\Debug\net10.0\Herald.Sinks.MSSqlServer.Tests.dll
  Herald.Sinks.EventLog.Tests -> E:\dev\herald\Modules\Herald.Sinks\tests\Herald.Sinks.EventLog.Tests\bin\Debug\net10.0\Herald.Sinks.EventLog.Tests.dll
  Herald.Sinks.Pulsar.Tests -> E:\dev\herald\Modules\Herald.Sinks\tests\Herald.Sinks.Pulsar.Tests\bin\Debug\net10.0\Herald.Sinks.Pulsar.Tests.dll

Build FAILED.

E:\dev\Herald.OSS\src\Quick\PipelineBootstrapBuilder.cs(268,16): warning IL3050: Using member 'System.Text.Json.JsonSerializer.Serialize<TValue>(TValue, JsonSerializerOptions)' which has 'RequiresDynamicCodeAttribute' can break functionality when AOT compiling. JSON serialization and deserialization might require types that cannot be statically analyzed and might need runtime code generation. Use System.Text.Json source generation for native AOT applications. [E:\dev\Herald.OSS\Herald.OSS.csproj::TargetFramework=net8.0]
E:\dev\Herald.OSS\src\Quick\PipelineBootstrapBuilder.cs(268,16): warning IL2026: Using member 'System.Text.Json.JsonSerializer.Serialize<TValue>(TValue, JsonSerializerOptions)' which has 'RequiresUnreferencedCodeAttribute' can break functionality when trimming application code. JSON serialization and deserialization might require types that cannot be statically analyzed. Use the overload that takes a JsonTypeInfo or JsonSerializerContext, or make sure all of the required types are preserved. [E:\dev\Herald.OSS\Herald.OSS.csproj::TargetFramework=net8.0]
E:\dev\Herald.OSS\src\Serilog\Destructuring\SerilogDestructuringPolicyBridge.cs(79,17): warning IL2046: Member 'MMP.Herald.Serilog.Destructuring.SerilogDestructuringPolicyBridge.TryDestructure(Object, out String)' with 'RequiresUnreferencedCodeAttribute' implements interface member 'MMP.Herald.Templating.IDestructuringPolicy.TryDestructure(Object, out String)' without 'RequiresUnreferencedCodeAttribute'. 'RequiresUnreferencedCodeAttribute' annotations must match across all interface implementations or overrides. [E:\dev\Herald.OSS\Herald.OSS.csproj::TargetFramework=net10.0]
E:\dev\Herald.OSS\src\Quick\PipelineBootstrapBuilder.cs(268,16): warning IL2026: Using member 'System.Text.Json.JsonSerializer.Serialize<TValue>(TValue, JsonSerializerOptions)' which has 'RequiresUnreferencedCodeAttribute' can break functionality when trimming application code. JSON serialization and deserialization might require types that cannot be statically analyzed. Use the overload that takes a JsonTypeInfo or JsonSerializerContext, or make sure all of the required types are preserved. [E:\dev\Herald.OSS\Herald.OSS.csproj::TargetFramework=net10.0]
E:\dev\Herald.OSS\src\Quick\PipelineBootstrapBuilder.cs(268,16): warning IL3050: Using member 'System.Text.Json.JsonSerializer.Serialize<TValue>(TValue, JsonSerializerOptions)' which has 'RequiresDynamicCodeAttribute' can break functionality when AOT compiling. JSON serialization and deserialization might require types that cannot be statically analyzed and might need runtime code generation. Use System.Text.Json source generation for native AOT applications. [E:\dev\Herald.OSS\Herald.OSS.csproj::TargetFramework=net10.0]
E:\dev\Herald.OSS\src\Serilog\Destructuring\SerilogDestructuringPolicyBridge.cs(79,17): warning IL2046: Member 'MMP.Herald.Serilog.Destructuring.SerilogDestructuringPolicyBridge.TryDestructure(Object, out String)' with 'RequiresUnreferencedCodeAttribute' implements interface member 'MMP.Herald.Templating.IDestructuringPolicy.TryDestructure(Object, out String)' without 'RequiresUnreferencedCodeAttribute'. 'RequiresUnreferencedCodeAttribute' annotations must match across all interface implementations or overrides. [E:\dev\Herald.OSS\Herald.OSS.csproj::TargetFramework=net9.0]
E:\dev\Herald.OSS\src\Quick\PipelineBootstrapBuilder.cs(268,16): warning IL2026: Using member 'System.Text.Json.JsonSerializer.Serialize<TValue>(TValue, JsonSerializerOptions)' which has 'RequiresUnreferencedCodeAttribute' can break functionality when trimming application code. JSON serialization and deserialization might require types that cannot be statically analyzed. Use the overload that takes a JsonTypeInfo or JsonSerializerContext, or make sure all of the required types are preserved. [E:\dev\Herald.OSS\Herald.OSS.csproj::TargetFramework=net9.0]
E:\dev\Herald.OSS\src\Quick\PipelineBootstrapBuilder.cs(268,16): warning IL3050: Using member 'System.Text.Json.JsonSerializer.Serialize<TValue>(TValue, JsonSerializerOptions)' which has 'RequiresDynamicCodeAttribute' can break functionality when AOT compiling. JSON serialization and deserialization might require types that cannot be statically analyzed and might need runtime code generation. Use System.Text.Json source generation for native AOT applications. [E:\dev\Herald.OSS\Herald.OSS.csproj::TargetFramework=net9.0]
E:\dev\herald\Modules\Herald.Sinks\src\Herald.Sinks.File\obj\Debug\net8.0\MMP.Herald.OSS.Generators\MMP.Herald.Generators.SinkAutoRegistrationGenerator\__SinkAutoRegistration__.g.cs(17,90): error CS0436: The type 'JsonFileSinkProvider' in 'E:\dev\herald\Modules\Herald.Sinks\src\Herald.Sinks.File\Providers\JsonFileSinkProvider.cs' conflicts with the imported type 'JsonFileSinkProvider' in 'Herald.OSS, Version=0.12.0.0, Culture=neutral, PublicKeyToken=null'. Using the type defined in 'E:\dev\herald\Modules\Herald.Sinks\src\Herald.Sinks.File\Providers\JsonFileSinkProvider.cs'. [E:\dev\herald\Modules\Herald.Sinks\src\Herald.Sinks.File\Herald.Sinks.File.csproj::TargetFramework=net8.0]
E:\dev\herald\Modules\Herald.Sinks\src\Herald.Sinks.File\obj\Debug\net8.0\MMP.Herald.OSS.Generators\MMP.Herald.Generators.SinkAutoRegistrationGenerator\__SinkAutoRegistration__.g.cs(18,90): error CS0436: The type 'TextFileSinkProvider' in 'E:\dev\herald\Modules\Herald.Sinks\src\Herald.Sinks.File\Providers\TextFileSinkProvider.cs' conflicts with the imported type 'TextFileSinkProvider' in 'Herald.OSS, Version=0.12.0.0, Culture=neutral, PublicKeyToken=null'. Using the type defined in 'E:\dev\herald\Modules\Herald.Sinks\src\Herald.Sinks.File\Providers\TextFileSinkProvider.cs'. [E:\dev\herald\Modules\Herald.Sinks\src\Herald.Sinks.File\Herald.Sinks.File.csproj::TargetFramework=net8.0]
E:\dev\herald\Modules\Herald.Sinks\src\Herald.Sinks.File\FileSinkRegistration.cs(50,31): error CS0436: The type 'TextFileSinkProvider' in 'E:\dev\herald\Modules\Herald.Sinks\src\Herald.Sinks.File\Providers\TextFileSinkProvider.cs' conflicts with the imported type 'TextFileSinkProvider' in 'Herald.OSS, Version=0.12.0.0, Culture=neutral, PublicKeyToken=null'. Using the type defined in 'E:\dev\herald\Modules\Herald.Sinks\src\Herald.Sinks.File\Providers\TextFileSinkProvider.cs'. [E:\dev\herald\Modules\Herald.Sinks\src\Herald.Sinks.File\Herald.Sinks.File.csproj::TargetFramework=net8.0]
E:\dev\herald\Modules\Herald.Sinks\src\Herald.Sinks.File\FileSinkRegistration.cs(51,31): error CS0436: The type 'JsonFileSinkProvider' in 'E:\dev\herald\Modules\Herald.Sinks\src\Herald.Sinks.File\Providers\JsonFileSinkProvider.cs' conflicts with the imported type 'JsonFileSinkProvider' in 'Herald.OSS, Version=0.12.0.0, Culture=neutral, PublicKeyToken=null'. Using the type defined in 'E:\dev\herald\Modules\Herald.Sinks\src\Herald.Sinks.File\Providers\JsonFileSinkProvider.cs'. [E:\dev\herald\Modules\Herald.Sinks\src\Herald.Sinks.File\Herald.Sinks.File.csproj::TargetFramework=net8.0]
E:\dev\herald\Modules\Herald.Sinks\src\Herald.Sinks.File\FileSinkRegistration.cs(72,41): error CS0436: The type 'TextFileSinkProvider' in 'E:\dev\herald\Modules\Herald.Sinks\src\Herald.Sinks.File\Providers\TextFileSinkProvider.cs' conflicts with the imported type 'TextFileSinkProvider' in 'Herald.OSS, Version=0.12.0.0, Culture=neutral, PublicKeyToken=null'. Using the type defined in 'E:\dev\herald\Modules\Herald.Sinks\src\Herald.Sinks.File\Providers\TextFileSinkProvider.cs'. [E:\dev\herald\Modules\Herald.Sinks\src\Herald.Sinks.File\Herald.Sinks.File.csproj::TargetFramework=net8.0]
E:\dev\herald\Modules\Herald.Sinks\src\Herald.Sinks.File\FileSinkRegistration.cs(73,41): error CS0436: The type 'JsonFileSinkProvider' in 'E:\dev\herald\Modules\Herald.Sinks\src\Herald.Sinks.File\Providers\JsonFileSinkProvider.cs' conflicts with the imported type 'JsonFileSinkProvider' in 'Herald.OSS, Version=0.12.0.0, Culture=neutral, PublicKeyToken=null'. Using the type defined in 'E:\dev\herald\Modules\Herald.Sinks\src\Herald.Sinks.File\Providers\JsonFileSinkProvider.cs'. [E:\dev\herald\Modules\Herald.Sinks\src\Herald.Sinks.File\Herald.Sinks.File.csproj::TargetFramework=net8.0]
E:\dev\herald\Modules\Herald.Sinks\src\Herald.Sinks.Parquet\ParquetLogSink.cs(102,34): error CS0234: The type or namespace name 'Create' does not exist in the namespace 'Herald.Sinks.File' (are you missing an assembly reference?) [E:\dev\herald\Modules\Herald.Sinks\src\Herald.Sinks.Parquet\Herald.Sinks.Parquet.csproj::TargetFramework=net8.0]
E:\dev\herald\Modules\Herald.Sinks\src\Herald.Sinks.File\obj\Debug\net10.0\MMP.Herald.OSS.Generators\MMP.Herald.Generators.SinkAutoRegistrationGenerator\__SinkAutoRegistration__.g.cs(17,90): error CS0436: The type 'JsonFileSinkProvider' in 'E:\dev\herald\Modules\Herald.Sinks\src\Herald.Sinks.File\Providers\JsonFileSinkProvider.cs' conflicts with the imported type 'JsonFileSinkProvider' in 'Herald.OSS, Version=0.12.0.0, Culture=neutral, PublicKeyToken=null'. Using the type defined in 'E:\dev\herald\Modules\Herald.Sinks\src\Herald.Sinks.File\Providers\JsonFileSinkProvider.cs'. [E:\dev\herald\Modules\Herald.Sinks\src\Herald.Sinks.File\Herald.Sinks.File.csproj::TargetFramework=net10.0]
E:\dev\herald\Modules\Herald.Sinks\src\Herald.Sinks.File\obj\Debug\net10.0\MMP.Herald.OSS.Generators\MMP.Herald.Generators.SinkAutoRegistrationGenerator\__SinkAutoRegistration__.g.cs(18,90): error CS0436: The type 'TextFileSinkProvider' in 'E:\dev\herald\Modules\Herald.Sinks\src\Herald.Sinks.File\Providers\TextFileSinkProvider.cs' conflicts with the imported type 'TextFileSinkProvider' in 'Herald.OSS, Version=0.12.0.0, Culture=neutral, PublicKeyToken=null'. Using the type defined in 'E:\dev\herald\Modules\Herald.Sinks\src\Herald.Sinks.File\Providers\TextFileSinkProvider.cs'. [E:\dev\herald\Modules\Herald.Sinks\src\Herald.Sinks.File\Herald.Sinks.File.csproj::TargetFramework=net10.0]
E:\dev\herald\Modules\Herald.Sinks\src\Herald.Sinks.File\FileSinkRegistration.cs(50,31): error CS0436: The type 'TextFileSinkProvider' in 'E:\dev\herald\Modules\Herald.Sinks\src\Herald.Sinks.File\Providers\TextFileSinkProvider.cs' conflicts with the imported type 'TextFileSinkProvider' in 'Herald.OSS, Version=0.12.0.0, Culture=neutral, PublicKeyToken=null'. Using the type defined in 'E:\dev\herald\Modules\Herald.Sinks\src\Herald.Sinks.File\Providers\TextFileSinkProvider.cs'. [E:\dev\herald\Modules\Herald.Sinks\src\Herald.Sinks.File\Herald.Sinks.File.csproj::TargetFramework=net10.0]
E:\dev\herald\Modules\Herald.Sinks\src\Herald.Sinks.File\FileSinkRegistration.cs(51,31): error CS0436: The type 'JsonFileSinkProvider' in 'E:\dev\herald\Modules\Herald.Sinks\src\Herald.Sinks.File\Providers\JsonFileSinkProvider.cs' conflicts with the imported type 'JsonFileSinkProvider' in 'Herald.OSS, Version=0.12.0.0, Culture=neutral, PublicKeyToken=null'. Using the type defined in 'E:\dev\herald\Modules\Herald.Sinks\src\Herald.Sinks.File\Providers\JsonFileSinkProvider.cs'. [E:\dev\herald\Modules\Herald.Sinks\src\Herald.Sinks.File\Herald.Sinks.File.csproj::TargetFramework=net10.0]
E:\dev\herald\Modules\Herald.Sinks\src\Herald.Sinks.File\FileSinkRegistration.cs(72,41): error CS0436: The type 'TextFileSinkProvider' in 'E:\dev\herald\Modules\Herald.Sinks\src\Herald.Sinks.File\Providers\TextFileSinkProvider.cs' conflicts with the imported type 'TextFileSinkProvider' in 'Herald.OSS, Version=0.12.0.0, Culture=neutral, PublicKeyToken=null'. Using the type defined in 'E:\dev\herald\Modules\Herald.Sinks\src\Herald.Sinks.File\Providers\TextFileSinkProvider.cs'. [E:\dev\herald\Modules\Herald.Sinks\src\Herald.Sinks.File\Herald.Sinks.File.csproj::TargetFramework=net10.0]
E:\dev\herald\Modules\Herald.Sinks\src\Herald.Sinks.File\FileSinkRegistration.cs(73,41): error CS0436: The type 'JsonFileSinkProvider' in 'E:\dev\herald\Modules\Herald.Sinks\src\Herald.Sinks.File\Providers\JsonFileSinkProvider.cs' conflicts with the imported type 'JsonFileSinkProvider' in 'Herald.OSS, Version=0.12.0.0, Culture=neutral, PublicKeyToken=null'. Using the type defined in 'E:\dev\herald\Modules\Herald.Sinks\src\Herald.Sinks.File\Providers\JsonFileSinkProvider.cs'. [E:\dev\herald\Modules\Herald.Sinks\src\Herald.Sinks.File\Herald.Sinks.File.csproj::TargetFramework=net10.0]
E:\dev\herald\Modules\Herald.Sinks\src\Herald.Sinks.Parquet\ParquetLogSink.cs(102,34): error CS0234: The type or namespace name 'Create' does not exist in the namespace 'Herald.Sinks.File' (are you missing an assembly reference?) [E:\dev\herald\Modules\Herald.Sinks\src\Herald.Sinks.Parquet\Herald.Sinks.Parquet.csproj::TargetFramework=net10.0]
E:\dev\herald\Modules\Herald.Sinks\src\Herald.Sinks.File\FileSinkRegistration.cs(50,31): error CS0436: The type 'TextFileSinkProvider' in 'E:\dev\herald\Modules\Herald.Sinks\src\Herald.Sinks.File\Providers\TextFileSinkProvider.cs' conflicts with the imported type 'TextFileSinkProvider' in 'Herald.OSS, Version=0.12.0.0, Culture=neutral, PublicKeyToken=null'. Using the type defined in 'E:\dev\herald\Modules\Herald.Sinks\src\Herald.Sinks.File\Providers\TextFileSinkProvider.cs'. [E:\dev\herald\Modules\Herald.Sinks\src\Herald.Sinks.File\Herald.Sinks.File.csproj::TargetFramework=net9.0]
E:\dev\herald\Modules\Herald.Sinks\src\Herald.Sinks.File\FileSinkRegistration.cs(51,31): error CS0436: The type 'JsonFileSinkProvider' in 'E:\dev\herald\Modules\Herald.Sinks\src\Herald.Sinks.File\Providers\JsonFileSinkProvider.cs' conflicts with the imported type 'JsonFileSinkProvider' in 'Herald.OSS, Version=0.12.0.0, Culture=neutral, PublicKeyToken=null'. Using the type defined in 'E:\dev\herald\Modules\Herald.Sinks\src\Herald.Sinks.File\Providers\JsonFileSinkProvider.cs'. [E:\dev\herald\Modules\Herald.Sinks\src\Herald.Sinks.File\Herald.Sinks.File.csproj::TargetFramework=net9.0]
E:\dev\herald\Modules\Herald.Sinks\src\Herald.Sinks.File\obj\Debug\net9.0\MMP.Herald.OSS.Generators\MMP.Herald.Generators.SinkAutoRegistrationGenerator\__SinkAutoRegistration__.g.cs(17,90): error CS0436: The type 'JsonFileSinkProvider' in 'E:\dev\herald\Modules\Herald.Sinks\src\Herald.Sinks.File\Providers\JsonFileSinkProvider.cs' conflicts with the imported type 'JsonFileSinkProvider' in 'Herald.OSS, Version=0.12.0.0, Culture=neutral, PublicKeyToken=null'. Using the type defined in 'E:\dev\herald\Modules\Herald.Sinks\src\Herald.Sinks.File\Providers\JsonFileSinkProvider.cs'. [E:\dev\herald\Modules\Herald.Sinks\src\Herald.Sinks.File\Herald.Sinks.File.csproj::TargetFramework=net9.0]
E:\dev\herald\Modules\Herald.Sinks\src\Herald.Sinks.File\obj\Debug\net9.0\MMP.Herald.OSS.Generators\MMP.Herald.Generators.SinkAutoRegistrationGenerator\__SinkAutoRegistration__.g.cs(18,90): error CS0436: The type 'TextFileSinkProvider' in 'E:\dev\herald\Modules\Herald.Sinks\src\Herald.Sinks.File\Providers\TextFileSinkProvider.cs' conflicts with the imported type 'TextFileSinkProvider' in 'Herald.OSS, Version=0.12.0.0, Culture=neutral, PublicKeyToken=null'. Using the type defined in 'E:\dev\herald\Modules\Herald.Sinks\src\Herald.Sinks.File\Providers\TextFileSinkProvider.cs'. [E:\dev\herald\Modules\Herald.Sinks\src\Herald.Sinks.File\Herald.Sinks.File.csproj::TargetFramework=net9.0]
E:\dev\herald\Modules\Herald.Sinks\src\Herald.Sinks.File\FileSinkRegistration.cs(72,41): error CS0436: The type 'TextFileSinkProvider' in 'E:\dev\herald\Modules\Herald.Sinks\src\Herald.Sinks.File\Providers\TextFileSinkProvider.cs' conflicts with the imported type 'TextFileSinkProvider' in 'Herald.OSS, Version=0.12.0.0, Culture=neutral, PublicKeyToken=null'. Using the type defined in 'E:\dev\herald\Modules\Herald.Sinks\src\Herald.Sinks.File\Providers\TextFileSinkProvider.cs'. [E:\dev\herald\Modules\Herald.Sinks\src\Herald.Sinks.File\Herald.Sinks.File.csproj::TargetFramework=net9.0]
E:\dev\herald\Modules\Herald.Sinks\src\Herald.Sinks.File\FileSinkRegistration.cs(73,41): error CS0436: The type 'JsonFileSinkProvider' in 'E:\dev\herald\Modules\Herald.Sinks\src\Herald.Sinks.File\Providers\JsonFileSinkProvider.cs' conflicts with the imported type 'JsonFileSinkProvider' in 'Herald.OSS, Version=0.12.0.0, Culture=neutral, PublicKeyToken=null'. Using the type defined in 'E:\dev\herald\Modules\Herald.Sinks\src\Herald.Sinks.File\Providers\JsonFileSinkProvider.cs'. [E:\dev\herald\Modules\Herald.Sinks\src\Herald.Sinks.File\Herald.Sinks.File.csproj::TargetFramework=net9.0]
E:\dev\herald\Modules\Herald.Sinks\tests\Herald.Sinks.Otlp.Tests\ProtobufFileLogSinkTests.cs(43,13): error CS0234: The type or namespace name 'Delete' does not exist in the namespace 'Herald.Sinks.File' (are you missing an assembly reference?) [E:\dev\herald\Modules\Herald.Sinks\tests\Herald.Sinks.Otlp.Tests\Herald.Sinks.Otlp.Tests.csproj::TargetFramework=net8.0]
E:\dev\herald\Modules\Herald.Sinks\tests\Herald.Sinks.Otlp.Tests\ProtobufFileLogSinkTests.cs(62,25): error CS0234: The type or namespace name 'ReadAllBytes' does not exist in the namespace 'Herald.Sinks.File' (are you missing an assembly reference?) [E:\dev\herald\Modules\Herald.Sinks\tests\Herald.Sinks.Otlp.Tests\Herald.Sinks.Otlp.Tests.csproj::TargetFramework=net8.0]
E:\dev\herald\Modules\Herald.Sinks\tests\Herald.Sinks.Otlp.Tests\ProtobufFileLogSinkTests.cs(74,13): error CS0234: The type or namespace name 'Delete' does not exist in the namespace 'Herald.Sinks.File' (are you missing an assembly reference?) [E:\dev\herald\Modules\Herald.Sinks\tests\Herald.Sinks.Otlp.Tests\Herald.Sinks.Otlp.Tests.csproj::TargetFramework=net8.0]
E:\dev\herald\Modules\Herald.Sinks\tests\Herald.Sinks.Otlp.Tests\ProtobufFileLogSinkTests.cs(97,13): error CS0234: The type or namespace name 'Delete' does not exist in the namespace 'Herald.Sinks.File' (are you missing an assembly reference?) [E:\dev\herald\Modules\Herald.Sinks\tests\Herald.Sinks.Otlp.Tests\Herald.Sinks.Otlp.Tests.csproj::TargetFramework=net8.0]
E:\dev\herald\Modules\Herald.Sinks\tests\Herald.Sinks.Otlp.Tests\ProtobufFileLogSinkTests.cs(114,13): error CS0234: The type or namespace name 'Delete' does not exist in the namespace 'Herald.Sinks.File' (are you missing an assembly reference?) [E:\dev\herald\Modules\Herald.Sinks\tests\Herald.Sinks.Otlp.Tests\Herald.Sinks.Otlp.Tests.csproj::TargetFramework=net8.0]
E:\dev\herald\Modules\Herald.Sinks\tests\Herald.Sinks.Otlp.Tests\ProtobufFileLogSinkTests.cs(133,13): error CS0234: The type or namespace name 'Delete' does not exist in the namespace 'Herald.Sinks.File' (are you missing an assembly reference?) [E:\dev\herald\Modules\Herald.Sinks\tests\Herald.Sinks.Otlp.Tests\Herald.Sinks.Otlp.Tests.csproj::TargetFramework=net8.0]
E:\dev\herald\Modules\Herald.Sinks\tests\Herald.Sinks.Otlp.Tests\ProtobufFileLogSinkTests.cs(147,13): error CS0234: The type or namespace name 'Exists' does not exist in the namespace 'Herald.Sinks.File' (are you missing an assembly reference?) [E:\dev\herald\Modules\Herald.Sinks\tests\Herald.Sinks.Otlp.Tests\Herald.Sinks.Otlp.Tests.csproj::TargetFramework=net8.0]
E:\dev\herald\Modules\Herald.Sinks\tests\Herald.Sinks.Otlp.Tests\ProtobufFileLogSinkTests.cs(148,25): error CS0234: The type or namespace name 'ReadAllBytes' does not exist in the namespace 'Herald.Sinks.File' (are you missing an assembly reference?) [E:\dev\herald\Modules\Herald.Sinks\tests\Herald.Sinks.Otlp.Tests\Herald.Sinks.Otlp.Tests.csproj::TargetFramework=net8.0]
E:\dev\herald\Modules\Herald.Sinks\tests\Herald.Sinks.Otlp.Tests\ProtobufFileLogSinkTests.cs(153,13): error CS0234: The type or namespace name 'Delete' does not exist in the namespace 'Herald.Sinks.File' (are you missing an assembly reference?) [E:\dev\herald\Modules\Herald.Sinks\tests\Herald.Sinks.Otlp.Tests\Herald.Sinks.Otlp.Tests.csproj::TargetFramework=net8.0]
E:\dev\herald\Modules\Herald.Sinks\tests\Herald.Sinks.Otlp.Tests\ProtobufFileLogSinkTests.cs(199,13): error CS0234: The type or namespace name 'Delete' does not exist in the namespace 'Herald.Sinks.File' (are you missing an assembly reference?) [E:\dev\herald\Modules\Herald.Sinks\tests\Herald.Sinks.Otlp.Tests\Herald.Sinks.Otlp.Tests.csproj::TargetFramework=net8.0]
E:\dev\herald\Modules\Herald.Sinks\tests\Herald.Sinks.Otlp.Tests\ProtobufFileLogSinkTests.cs(43,13): error CS0234: The type or namespace name 'Delete' does not exist in the namespace 'Herald.Sinks.File' (are you missing an assembly reference?) [E:\dev\herald\Modules\Herald.Sinks\tests\Herald.Sinks.Otlp.Tests\Herald.Sinks.Otlp.Tests.csproj::TargetFramework=net10.0]
E:\dev\herald\Modules\Herald.Sinks\tests\Herald.Sinks.Otlp.Tests\ProtobufFileLogSinkTests.cs(62,25): error CS0234: The type or namespace name 'ReadAllBytes' does not exist in the namespace 'Herald.Sinks.File' (are you missing an assembly reference?) [E:\dev\herald\Modules\Herald.Sinks\tests\Herald.Sinks.Otlp.Tests\Herald.Sinks.Otlp.Tests.csproj::TargetFramework=net10.0]
E:\dev\herald\Modules\Herald.Sinks\tests\Herald.Sinks.Otlp.Tests\ProtobufFileLogSinkTests.cs(74,13): error CS0234: The type or namespace name 'Delete' does not exist in the namespace 'Herald.Sinks.File' (are you missing an assembly reference?) [E:\dev\herald\Modules\Herald.Sinks\tests\Herald.Sinks.Otlp.Tests\Herald.Sinks.Otlp.Tests.csproj::TargetFramework=net10.0]
E:\dev\herald\Modules\Herald.Sinks\tests\Herald.Sinks.Otlp.Tests\ProtobufFileLogSinkTests.cs(97,13): error CS0234: The type or namespace name 'Delete' does not exist in the namespace 'Herald.Sinks.File' (are you missing an assembly reference?) [E:\dev\herald\Modules\Herald.Sinks\tests\Herald.Sinks.Otlp.Tests\Herald.Sinks.Otlp.Tests.csproj::TargetFramework=net10.0]
E:\dev\herald\Modules\Herald.Sinks\tests\Herald.Sinks.Otlp.Tests\ProtobufFileLogSinkTests.cs(114,13): error CS0234: The type or namespace name 'Delete' does not exist in the namespace 'Herald.Sinks.File' (are you missing an assembly reference?) [E:\dev\herald\Modules\Herald.Sinks\tests\Herald.Sinks.Otlp.Tests\Herald.Sinks.Otlp.Tests.csproj::TargetFramework=net10.0]
E:\dev\herald\Modules\Herald.Sinks\tests\Herald.Sinks.Otlp.Tests\ProtobufFileLogSinkTests.cs(133,13): error CS0234: The type or namespace name 'Delete' does not exist in the namespace 'Herald.Sinks.File' (are you missing an assembly reference?) [E:\dev\herald\Modules\Herald.Sinks\tests\Herald.Sinks.Otlp.Tests\Herald.Sinks.Otlp.Tests.csproj::TargetFramework=net10.0]
E:\dev\herald\Modules\Herald.Sinks\tests\Herald.Sinks.Otlp.Tests\ProtobufFileLogSinkTests.cs(147,13): error CS0234: The type or namespace name 'Exists' does not exist in the namespace 'Herald.Sinks.File' (are you missing an assembly reference?) [E:\dev\herald\Modules\Herald.Sinks\tests\Herald.Sinks.Otlp.Tests\Herald.Sinks.Otlp.Tests.csproj::TargetFramework=net10.0]
E:\dev\herald\Modules\Herald.Sinks\tests\Herald.Sinks.Otlp.Tests\ProtobufFileLogSinkTests.cs(148,25): error CS0234: The type or namespace name 'ReadAllBytes' does not exist in the namespace 'Herald.Sinks.File' (are you missing an assembly reference?) [E:\dev\herald\Modules\Herald.Sinks\tests\Herald.Sinks.Otlp.Tests\Herald.Sinks.Otlp.Tests.csproj::TargetFramework=net10.0]
E:\dev\herald\Modules\Herald.Sinks\tests\Herald.Sinks.Otlp.Tests\ProtobufFileLogSinkTests.cs(153,13): error CS0234: The type or namespace name 'Delete' does not exist in the namespace 'Herald.Sinks.File' (are you missing an assembly reference?) [E:\dev\herald\Modules\Herald.Sinks\tests\Herald.Sinks.Otlp.Tests\Herald.Sinks.Otlp.Tests.csproj::TargetFramework=net10.0]
E:\dev\herald\Modules\Herald.Sinks\tests\Herald.Sinks.Otlp.Tests\ProtobufFileLogSinkTests.cs(199,13): error CS0234: The type or namespace name 'Delete' does not exist in the namespace 'Herald.Sinks.File' (are you missing an assembly reference?) [E:\dev\herald\Modules\Herald.Sinks\tests\Herald.Sinks.Otlp.Tests\Herald.Sinks.Otlp.Tests.csproj::TargetFramework=net10.0]
E:\dev\herald\Modules\Herald.Sinks\src\Herald.Sinks.Parquet\ParquetLogSink.cs(102,34): error CS0234: The type or namespace name 'Create' does not exist in the namespace 'Herald.Sinks.File' (are you missing an assembly reference?) [E:\dev\herald\Modules\Herald.Sinks\src\Herald.Sinks.Parquet\Herald.Sinks.Parquet.csproj::TargetFramework=net9.0]
E:\dev\herald\Modules\Herald.Sinks\tests\Herald.Sinks.Otlp.Tests\ProtobufFileLogSinkTests.cs(43,13): error CS0234: The type or namespace name 'Delete' does not exist in the namespace 'Herald.Sinks.File' (are you missing an assembly reference?) [E:\dev\herald\Modules\Herald.Sinks\tests\Herald.Sinks.Otlp.Tests\Herald.Sinks.Otlp.Tests.csproj::TargetFramework=net9.0]
E:\dev\herald\Modules\Herald.Sinks\tests\Herald.Sinks.Otlp.Tests\ProtobufFileLogSinkTests.cs(62,25): error CS0234: The type or namespace name 'ReadAllBytes' does not exist in the namespace 'Herald.Sinks.File' (are you missing an assembly reference?) [E:\dev\herald\Modules\Herald.Sinks\tests\Herald.Sinks.Otlp.Tests\Herald.Sinks.Otlp.Tests.csproj::TargetFramework=net9.0]
E:\dev\herald\Modules\Herald.Sinks\tests\Herald.Sinks.Otlp.Tests\ProtobufFileLogSinkTests.cs(74,13): error CS0234: The type or namespace name 'Delete' does not exist in the namespace 'Herald.Sinks.File' (are you missing an assembly reference?) [E:\dev\herald\Modules\Herald.Sinks\tests\Herald.Sinks.Otlp.Tests\Herald.Sinks.Otlp.Tests.csproj::TargetFramework=net9.0]
E:\dev\herald\Modules\Herald.Sinks\tests\Herald.Sinks.Otlp.Tests\ProtobufFileLogSinkTests.cs(97,13): error CS0234: The type or namespace name 'Delete' does not exist in the namespace 'Herald.Sinks.File' (are you missing an assembly reference?) [E:\dev\herald\Modules\Herald.Sinks\tests\Herald.Sinks.Otlp.Tests\Herald.Sinks.Otlp.Tests.csproj::TargetFramework=net9.0]
E:\dev\herald\Modules\Herald.Sinks\tests\Herald.Sinks.Otlp.Tests\ProtobufFileLogSinkTests.cs(114,13): error CS0234: The type or namespace name 'Delete' does not exist in the namespace 'Herald.Sinks.File' (are you missing an assembly reference?) [E:\dev\herald\Modules\Herald.Sinks\tests\Herald.Sinks.Otlp.Tests\Herald.Sinks.Otlp.Tests.csproj::TargetFramework=net9.0]
E:\dev\herald\Modules\Herald.Sinks\tests\Herald.Sinks.Otlp.Tests\ProtobufFileLogSinkTests.cs(133,13): error CS0234: The type or namespace name 'Delete' does not exist in the namespace 'Herald.Sinks.File' (are you missing an assembly reference?) [E:\dev\herald\Modules\Herald.Sinks\tests\Herald.Sinks.Otlp.Tests\Herald.Sinks.Otlp.Tests.csproj::TargetFramework=net9.0]
E:\dev\herald\Modules\Herald.Sinks\tests\Herald.Sinks.Otlp.Tests\ProtobufFileLogSinkTests.cs(147,13): error CS0234: The type or namespace name 'Exists' does not exist in the namespace 'Herald.Sinks.File' (are you missing an assembly reference?) [E:\dev\herald\Modules\Herald.Sinks\tests\Herald.Sinks.Otlp.Tests\Herald.Sinks.Otlp.Tests.csproj::TargetFramework=net9.0]
E:\dev\herald\Modules\Herald.Sinks\tests\Herald.Sinks.Otlp.Tests\ProtobufFileLogSinkTests.cs(148,25): error CS0234: The type or namespace name 'ReadAllBytes' does not exist in the namespace 'Herald.Sinks.File' (are you missing an assembly reference?) [E:\dev\herald\Modules\Herald.Sinks\tests\Herald.Sinks.Otlp.Tests\Herald.Sinks.Otlp.Tests.csproj::TargetFramework=net9.0]
E:\dev\herald\Modules\Herald.Sinks\tests\Herald.Sinks.Otlp.Tests\ProtobufFileLogSinkTests.cs(153,13): error CS0234: The type or namespace name 'Delete' does not exist in the namespace 'Herald.Sinks.File' (are you missing an assembly reference?) [E:\dev\herald\Modules\Herald.Sinks\tests\Herald.Sinks.Otlp.Tests\Herald.Sinks.Otlp.Tests.csproj::TargetFramework=net9.0]
E:\dev\herald\Modules\Herald.Sinks\tests\Herald.Sinks.Otlp.Tests\ProtobufFileLogSinkTests.cs(199,13): error CS0234: The type or namespace name 'Delete' does not exist in the namespace 'Herald.Sinks.File' (are you missing an assembly reference?) [E:\dev\herald\Modules\Herald.Sinks\tests\Herald.Sinks.Otlp.Tests\Herald.Sinks.Otlp.Tests.csproj::TargetFramework=net9.0]
    8 Warning(s)
    51 Error(s)

Time Elapsed 00:01:36.17
[0;31m[FAIL][0m  .NET build failed
