[1;37m----------------------------------------[0m
[0;36m[INFO][0m  Building Herald.Sinks (Debug)...
  Determining projects to restore...
  All projects are up-to-date for restore.
  MMP.Herald.OSS.Generators -> E:\dev\Herald.OSS\generators\bin\Debug\netstandard2.0\MMP.Herald.OSS.Generators.dll
  Herald.Sinks.Contract.Tests -> E:\dev\herald\Modules\Herald.Sinks\tests\Herald.Sinks.Contract.Tests\bin\Debug\net8.0\Herald.Sinks.Contract.Tests.dll
  Herald.Sinks.Contract.Tests -> E:\dev\herald\Modules\Herald.Sinks\tests\Herald.Sinks.Contract.Tests\bin\Debug\net10.0\Herald.Sinks.Contract.Tests.dll
  Herald.OSS -> E:\dev\Herald.OSS\bin\Debug\net9.0\Herald.OSS.dll
  Herald.OSS -> E:\dev\Herald.OSS\bin\Debug\net10.0\Herald.OSS.dll
  Herald.Sinks.Contract.Tests -> E:\dev\herald\Modules\Herald.Sinks\tests\Herald.Sinks.Contract.Tests\bin\Debug\net9.0\Herald.Sinks.Contract.Tests.dll
  Herald.Sinks.XUnit -> E:\dev\herald\Modules\Herald.Sinks\src\Herald.Sinks.XUnit\bin\Debug\net9.0\Herald.Sinks.XUnit.dll
  Herald.OSS -> E:\dev\Herald.OSS\bin\Debug\net8.0\Herald.OSS.dll
  Herald.Sinks.Debug -> E:\dev\herald\Modules\Herald.Sinks\src\Herald.Sinks.Debug\bin\Debug\net9.0\Herald.Sinks.Debug.dll
  Herald.Sinks.EventLog -> E:\dev\herald\Modules\Herald.Sinks\src\Herald.Sinks.EventLog\bin\Debug\net9.0\Herald.Sinks.EventLog.dll
  Herald.Sinks.HelloWorld -> E:\dev\herald\Modules\Herald.Sinks\src\Herald.Sinks.HelloWorld\bin\Debug\net9.0\Herald.Sinks.HelloWorld.dll
E:\dev\herald\Modules\Herald.Sinks\src\Herald.Sinks.File\obj\Debug\net9.0\MMP.Herald.OSS.Generators\MMP.Herald.Generators.SinkAutoRegistrationGenerator\__SinkAutoRegistration__.g.cs(17,90): error CS0436: The type 'JsonFileSinkProvider' in 'E:\dev\herald\Modules\Herald.Sinks\src\Herald.Sinks.File\Providers\JsonFileSinkProvider.cs' conflicts with the imported type 'JsonFileSinkProvider' in 'Herald.OSS, Version=0.12.0.0, Culture=neutral, PublicKeyToken=null'. Using the type defined in 'E:\dev\herald\Modules\Herald.Sinks\src\Herald.Sinks.File\Providers\JsonFileSinkProvider.cs'. [E:\dev\herald\Modules\Herald.Sinks\src\Herald.Sinks.File\Herald.Sinks.File.csproj::TargetFramework=net9.0]
E:\dev\herald\Modules\Herald.Sinks\src\Herald.Sinks.File\obj\Debug\net9.0\MMP.Herald.OSS.Generators\MMP.Herald.Generators.SinkAutoRegistrationGenerator\__SinkAutoRegistration__.g.cs(18,90): error CS0436: The type 'TextFileSinkProvider' in 'E:\dev\herald\Modules\Herald.Sinks\src\Herald.Sinks.File\Providers\TextFileSinkProvider.cs' conflicts with the imported type 'TextFileSinkProvider' in 'Herald.OSS, Version=0.12.0.0, Culture=neutral, PublicKeyToken=null'. Using the type defined in 'E:\dev\herald\Modules\Herald.Sinks\src\Herald.Sinks.File\Providers\TextFileSinkProvider.cs'. [E:\dev\herald\Modules\Herald.Sinks\src\Herald.Sinks.File\Herald.Sinks.File.csproj::TargetFramework=net9.0]
E:\dev\herald\Modules\Herald.Sinks\src\Herald.Sinks.File\FileSinkRegistration.cs(50,31): error CS0436: The type 'TextFileSinkProvider' in 'E:\dev\herald\Modules\Herald.Sinks\src\Herald.Sinks.File\Providers\TextFileSinkProvider.cs' conflicts with the imported type 'TextFileSinkProvider' in 'Herald.OSS, Version=0.12.0.0, Culture=neutral, PublicKeyToken=null'. Using the type defined in 'E:\dev\herald\Modules\Herald.Sinks\src\Herald.Sinks.File\Providers\TextFileSinkProvider.cs'. [E:\dev\herald\Modules\Herald.Sinks\src\Herald.Sinks.File\Herald.Sinks.File.csproj::TargetFramework=net9.0]
E:\dev\herald\Modules\Herald.Sinks\src\Herald.Sinks.File\FileSinkRegistration.cs(51,31): error CS0436: The type 'JsonFileSinkProvider' in 'E:\dev\herald\Modules\Herald.Sinks\src\Herald.Sinks.File\Providers\JsonFileSinkProvider.cs' conflicts with the imported type 'JsonFileSinkProvider' in 'Herald.OSS, Version=0.12.0.0, Culture=neutral, PublicKeyToken=null'. Using the type defined in 'E:\dev\herald\Modules\Herald.Sinks\src\Herald.Sinks.File\Providers\JsonFileSinkProvider.cs'. [E:\dev\herald\Modules\Herald.Sinks\src\Herald.Sinks.File\Herald.Sinks.File.csproj::TargetFramework=net9.0]
E:\dev\herald\Modules\Herald.Sinks\src\Herald.Sinks.File\FileSinkRegistration.cs(72,41): error CS0436: The type 'TextFileSinkProvider' in 'E:\dev\herald\Modules\Herald.Sinks\src\Herald.Sinks.File\Providers\TextFileSinkProvider.cs' conflicts with the imported type 'TextFileSinkProvider' in 'Herald.OSS, Version=0.12.0.0, Culture=neutral, PublicKeyToken=null'. Using the type defined in 'E:\dev\herald\Modules\Herald.Sinks\src\Herald.Sinks.File\Providers\TextFileSinkProvider.cs'. [E:\dev\herald\Modules\Herald.Sinks\src\Herald.Sinks.File\Herald.Sinks.File.csproj::TargetFramework=net9.0]
E:\dev\herald\Modules\Herald.Sinks\src\Herald.Sinks.File\FileSinkRegistration.cs(73,41): error CS0436: The type 'JsonFileSinkProvider' in 'E:\dev\herald\Modules\Herald.Sinks\src\Herald.Sinks.File\Providers\JsonFileSinkProvider.cs' conflicts with the imported type 'JsonFileSinkProvider' in 'Herald.OSS, Version=0.12.0.0, Culture=neutral, PublicKeyToken=null'. Using the type defined in 'E:\dev\herald\Modules\Herald.Sinks\src\Herald.Sinks.File\Providers\JsonFileSinkProvider.cs'. [E:\dev\herald\Modules\Herald.Sinks\src\Herald.Sinks.File\Herald.Sinks.File.csproj::TargetFramework=net9.0]
  Herald.Sinks.Trace -> E:\dev\herald\Modules\Herald.Sinks\src\Herald.Sinks.Trace\bin\Debug\net9.0\Herald.Sinks.Trace.dll
  Herald.Sinks.TextWriter -> E:\dev\herald\Modules\Herald.Sinks\src\Herald.Sinks.TextWriter\bin\Debug\net9.0\Herald.Sinks.TextWriter.dll
  Herald.Sinks.InMemory -> E:\dev\herald\Modules\Herald.Sinks\src\Herald.Sinks.InMemory\bin\Debug\net8.0\Herald.Sinks.InMemory.dll
  Herald.Sinks.XUnit -> E:\dev\herald\Modules\Herald.Sinks\src\Herald.Sinks.XUnit\bin\Debug\net8.0\Herald.Sinks.XUnit.dll
  Herald.Sinks.Trace -> E:\dev\herald\Modules\Herald.Sinks\src\Herald.Sinks.Trace\bin\Debug\net8.0\Herald.Sinks.Trace.dll
  Herald.Sinks.EventLog -> E:\dev\herald\Modules\Herald.Sinks\src\Herald.Sinks.EventLog\bin\Debug\net8.0\Herald.Sinks.EventLog.dll
E:\dev\herald\Modules\Herald.Sinks\src\Herald.Sinks.UnityConsole\UnityConsoleLogSink.cs(90,44): error CS0117: 'LogLevelKeys' does not contain a definition for 'Critical' [E:\dev\herald\Modules\Herald.Sinks\src\Herald.Sinks.UnityConsole\Herald.Sinks.UnityConsole.csproj::TargetFramework=net8.0]
E:\dev\herald\Modules\Herald.Sinks\src\Herald.Sinks.UnityConsole\UnityConsoleLogSink.cs(91,22): error CS0117: 'LogLevelKeys' does not contain a definition for 'Warn' [E:\dev\herald\Modules\Herald.Sinks\src\Herald.Sinks.UnityConsole\Herald.Sinks.UnityConsole.csproj::TargetFramework=net8.0]
E:\dev\herald\Modules\Herald.Sinks\src\Herald.Sinks.GodotConsole\GodotConsoleLogSink.cs(98,44): error CS0117: 'LogLevelKeys' does not contain a definition for 'Critical' [E:\dev\herald\Modules\Herald.Sinks\src\Herald.Sinks.GodotConsole\Herald.Sinks.GodotConsole.csproj::TargetFramework=net9.0]
E:\dev\herald\Modules\Herald.Sinks\src\Herald.Sinks.GodotConsole\GodotConsoleLogSink.cs(99,22): error CS0117: 'LogLevelKeys' does not contain a definition for 'Warn' [E:\dev\herald\Modules\Herald.Sinks\src\Herald.Sinks.GodotConsole\Herald.Sinks.GodotConsole.csproj::TargetFramework=net9.0]
E:\dev\herald\Modules\Herald.Sinks\src\Herald.Sinks.UnityConsole\UnityConsoleLogSink.cs(90,44): error CS0117: 'LogLevelKeys' does not contain a definition for 'Critical' [E:\dev\herald\Modules\Herald.Sinks\src\Herald.Sinks.UnityConsole\Herald.Sinks.UnityConsole.csproj::TargetFramework=net9.0]
E:\dev\herald\Modules\Herald.Sinks\src\Herald.Sinks.UnityConsole\UnityConsoleLogSink.cs(91,22): error CS0117: 'LogLevelKeys' does not contain a definition for 'Warn' [E:\dev\herald\Modules\Herald.Sinks\src\Herald.Sinks.UnityConsole\Herald.Sinks.UnityConsole.csproj::TargetFramework=net9.0]
  Herald.Sinks.InMemory -> E:\dev\herald\Modules\Herald.Sinks\src\Herald.Sinks.InMemory\bin\Debug\net9.0\Herald.Sinks.InMemory.dll
  Herald.Sinks.TextWriter -> E:\dev\herald\Modules\Herald.Sinks\src\Herald.Sinks.TextWriter\bin\Debug\net10.0\Herald.Sinks.TextWriter.dll
  Herald.Sinks.Batching -> E:\dev\herald\Modules\Herald.Sinks\src\Herald.Sinks.Batching\bin\Debug\net9.0\Herald.Sinks.Batching.dll
E:\dev\herald\Modules\Herald.Sinks\src\Herald.Sinks.GodotConsole\GodotConsoleLogSink.cs(98,44): error CS0117: 'LogLevelKeys' does not contain a definition for 'Critical' [E:\dev\herald\Modules\Herald.Sinks\src\Herald.Sinks.GodotConsole\Herald.Sinks.GodotConsole.csproj::TargetFramework=net10.0]
E:\dev\herald\Modules\Herald.Sinks\src\Herald.Sinks.GodotConsole\GodotConsoleLogSink.cs(99,22): error CS0117: 'LogLevelKeys' does not contain a definition for 'Warn' [E:\dev\herald\Modules\Herald.Sinks\src\Herald.Sinks.GodotConsole\Herald.Sinks.GodotConsole.csproj::TargetFramework=net10.0]
  Herald.Sinks.Batching -> E:\dev\herald\Modules\Herald.Sinks\src\Herald.Sinks.Batching\bin\Debug\net8.0\Herald.Sinks.Batching.dll
E:\dev\herald\Modules\Herald.Sinks\src\Herald.Sinks.File\obj\Debug\net8.0\MMP.Herald.OSS.Generators\MMP.Herald.Generators.SinkAutoRegistrationGenerator\__SinkAutoRegistration__.g.cs(17,90): error CS0436: The type 'JsonFileSinkProvider' in 'E:\dev\herald\Modules\Herald.Sinks\src\Herald.Sinks.File\Providers\JsonFileSinkProvider.cs' conflicts with the imported type 'JsonFileSinkProvider' in 'Herald.OSS, Version=0.12.0.0, Culture=neutral, PublicKeyToken=null'. Using the type defined in 'E:\dev\herald\Modules\Herald.Sinks\src\Herald.Sinks.File\Providers\JsonFileSinkProvider.cs'. [E:\dev\herald\Modules\Herald.Sinks\src\Herald.Sinks.File\Herald.Sinks.File.csproj::TargetFramework=net8.0]
E:\dev\herald\Modules\Herald.Sinks\src\Herald.Sinks.File\obj\Debug\net8.0\MMP.Herald.OSS.Generators\MMP.Herald.Generators.SinkAutoRegistrationGenerator\__SinkAutoRegistration__.g.cs(18,90): error CS0436: The type 'TextFileSinkProvider' in 'E:\dev\herald\Modules\Herald.Sinks\src\Herald.Sinks.File\Providers\TextFileSinkProvider.cs' conflicts with the imported type 'TextFileSinkProvider' in 'Herald.OSS, Version=0.12.0.0, Culture=neutral, PublicKeyToken=null'. Using the type defined in 'E:\dev\herald\Modules\Herald.Sinks\src\Herald.Sinks.File\Providers\TextFileSinkProvider.cs'. [E:\dev\herald\Modules\Herald.Sinks\src\Herald.Sinks.File\Herald.Sinks.File.csproj::TargetFramework=net8.0]
E:\dev\herald\Modules\Herald.Sinks\src\Herald.Sinks.File\FileSinkRegistration.cs(50,31): error CS0436: The type 'TextFileSinkProvider' in 'E:\dev\herald\Modules\Herald.Sinks\src\Herald.Sinks.File\Providers\TextFileSinkProvider.cs' conflicts with the imported type 'TextFileSinkProvider' in 'Herald.OSS, Version=0.12.0.0, Culture=neutral, PublicKeyToken=null'. Using the type defined in 'E:\dev\herald\Modules\Herald.Sinks\src\Herald.Sinks.File\Providers\TextFileSinkProvider.cs'. [E:\dev\herald\Modules\Herald.Sinks\src\Herald.Sinks.File\Herald.Sinks.File.csproj::TargetFramework=net8.0]
E:\dev\herald\Modules\Herald.Sinks\src\Herald.Sinks.File\FileSinkRegistration.cs(51,31): error CS0436: The type 'JsonFileSinkProvider' in 'E:\dev\herald\Modules\Herald.Sinks\src\Herald.Sinks.File\Providers\JsonFileSinkProvider.cs' conflicts with the imported type 'JsonFileSinkProvider' in 'Herald.OSS, Version=0.12.0.0, Culture=neutral, PublicKeyToken=null'. Using the type defined in 'E:\dev\herald\Modules\Herald.Sinks\src\Herald.Sinks.File\Providers\JsonFileSinkProvider.cs'. [E:\dev\herald\Modules\Herald.Sinks\src\Herald.Sinks.File\Herald.Sinks.File.csproj::TargetFramework=net8.0]
E:\dev\herald\Modules\Herald.Sinks\src\Herald.Sinks.File\FileSinkRegistration.cs(72,41): error CS0436: The type 'TextFileSinkProvider' in 'E:\dev\herald\Modules\Herald.Sinks\src\Herald.Sinks.File\Providers\TextFileSinkProvider.cs' conflicts with the imported type 'TextFileSinkProvider' in 'Herald.OSS, Version=0.12.0.0, Culture=neutral, PublicKeyToken=null'. Using the type defined in 'E:\dev\herald\Modules\Herald.Sinks\src\Herald.Sinks.File\Providers\TextFileSinkProvider.cs'. [E:\dev\herald\Modules\Herald.Sinks\src\Herald.Sinks.File\Herald.Sinks.File.csproj::TargetFramework=net8.0]
E:\dev\herald\Modules\Herald.Sinks\src\Herald.Sinks.File\FileSinkRegistration.cs(73,41): error CS0436: The type 'JsonFileSinkProvider' in 'E:\dev\herald\Modules\Herald.Sinks\src\Herald.Sinks.File\Providers\JsonFileSinkProvider.cs' conflicts with the imported type 'JsonFileSinkProvider' in 'Herald.OSS, Version=0.12.0.0, Culture=neutral, PublicKeyToken=null'. Using the type defined in 'E:\dev\herald\Modules\Herald.Sinks\src\Herald.Sinks.File\Providers\JsonFileSinkProvider.cs'. [E:\dev\herald\Modules\Herald.Sinks\src\Herald.Sinks.File\Herald.Sinks.File.csproj::TargetFramework=net8.0]
  Herald.Sinks.Debug -> E:\dev\herald\Modules\Herald.Sinks\src\Herald.Sinks.Debug\bin\Debug\net8.0\Herald.Sinks.Debug.dll
E:\dev\herald\Modules\Herald.Sinks\src\Herald.Sinks.GodotConsole\GodotConsoleLogSink.cs(98,44): error CS0117: 'LogLevelKeys' does not contain a definition for 'Critical' [E:\dev\herald\Modules\Herald.Sinks\src\Herald.Sinks.GodotConsole\Herald.Sinks.GodotConsole.csproj::TargetFramework=net8.0]
E:\dev\herald\Modules\Herald.Sinks\src\Herald.Sinks.GodotConsole\GodotConsoleLogSink.cs(99,22): error CS0117: 'LogLevelKeys' does not contain a definition for 'Warn' [E:\dev\herald\Modules\Herald.Sinks\src\Herald.Sinks.GodotConsole\Herald.Sinks.GodotConsole.csproj::TargetFramework=net8.0]
E:\dev\herald\Modules\Herald.Sinks\src\Herald.Sinks.UnityConsole\UnityConsoleLogSink.cs(90,44): error CS0117: 'LogLevelKeys' does not contain a definition for 'Critical' [E:\dev\herald\Modules\Herald.Sinks\src\Herald.Sinks.UnityConsole\Herald.Sinks.UnityConsole.csproj::TargetFramework=net10.0]
E:\dev\herald\Modules\Herald.Sinks\src\Herald.Sinks.UnityConsole\UnityConsoleLogSink.cs(91,22): error CS0117: 'LogLevelKeys' does not contain a definition for 'Warn' [E:\dev\herald\Modules\Herald.Sinks\src\Herald.Sinks.UnityConsole\Herald.Sinks.UnityConsole.csproj::TargetFramework=net10.0]
E:\dev\herald\Modules\Herald.Sinks\src\Herald.Sinks.File\FileSinkRegistration.cs(50,31): error CS0436: The type 'TextFileSinkProvider' in 'E:\dev\herald\Modules\Herald.Sinks\src\Herald.Sinks.File\Providers\TextFileSinkProvider.cs' conflicts with the imported type 'TextFileSinkProvider' in 'Herald.OSS, Version=0.12.0.0, Culture=neutral, PublicKeyToken=null'. Using the type defined in 'E:\dev\herald\Modules\Herald.Sinks\src\Herald.Sinks.File\Providers\TextFileSinkProvider.cs'. [E:\dev\herald\Modules\Herald.Sinks\src\Herald.Sinks.File\Herald.Sinks.File.csproj::TargetFramework=net10.0]
E:\dev\herald\Modules\Herald.Sinks\src\Herald.Sinks.File\FileSinkRegistration.cs(51,31): error CS0436: The type 'JsonFileSinkProvider' in 'E:\dev\herald\Modules\Herald.Sinks\src\Herald.Sinks.File\Providers\JsonFileSinkProvider.cs' conflicts with the imported type 'JsonFileSinkProvider' in 'Herald.OSS, Version=0.12.0.0, Culture=neutral, PublicKeyToken=null'. Using the type defined in 'E:\dev\herald\Modules\Herald.Sinks\src\Herald.Sinks.File\Providers\JsonFileSinkProvider.cs'. [E:\dev\herald\Modules\Herald.Sinks\src\Herald.Sinks.File\Herald.Sinks.File.csproj::TargetFramework=net10.0]
E:\dev\herald\Modules\Herald.Sinks\src\Herald.Sinks.File\obj\Debug\net10.0\MMP.Herald.OSS.Generators\MMP.Herald.Generators.SinkAutoRegistrationGenerator\__SinkAutoRegistration__.g.cs(17,90): error CS0436: The type 'JsonFileSinkProvider' in 'E:\dev\herald\Modules\Herald.Sinks\src\Herald.Sinks.File\Providers\JsonFileSinkProvider.cs' conflicts with the imported type 'JsonFileSinkProvider' in 'Herald.OSS, Version=0.12.0.0, Culture=neutral, PublicKeyToken=null'. Using the type defined in 'E:\dev\herald\Modules\Herald.Sinks\src\Herald.Sinks.File\Providers\JsonFileSinkProvider.cs'. [E:\dev\herald\Modules\Herald.Sinks\src\Herald.Sinks.File\Herald.Sinks.File.csproj::TargetFramework=net10.0]
E:\dev\herald\Modules\Herald.Sinks\src\Herald.Sinks.File\obj\Debug\net10.0\MMP.Herald.OSS.Generators\MMP.Herald.Generators.SinkAutoRegistrationGenerator\__SinkAutoRegistration__.g.cs(18,90): error CS0436: The type 'TextFileSinkProvider' in 'E:\dev\herald\Modules\Herald.Sinks\src\Herald.Sinks.File\Providers\TextFileSinkProvider.cs' conflicts with the imported type 'TextFileSinkProvider' in 'Herald.OSS, Version=0.12.0.0, Culture=neutral, PublicKeyToken=null'. Using the type defined in 'E:\dev\herald\Modules\Herald.Sinks\src\Herald.Sinks.File\Providers\TextFileSinkProvider.cs'. [E:\dev\herald\Modules\Herald.Sinks\src\Herald.Sinks.File\Herald.Sinks.File.csproj::TargetFramework=net10.0]
E:\dev\herald\Modules\Herald.Sinks\src\Herald.Sinks.File\FileSinkRegistration.cs(72,41): error CS0436: The type 'TextFileSinkProvider' in 'E:\dev\herald\Modules\Herald.Sinks\src\Herald.Sinks.File\Providers\TextFileSinkProvider.cs' conflicts with the imported type 'TextFileSinkProvider' in 'Herald.OSS, Version=0.12.0.0, Culture=neutral, PublicKeyToken=null'. Using the type defined in 'E:\dev\herald\Modules\Herald.Sinks\src\Herald.Sinks.File\Providers\TextFileSinkProvider.cs'. [E:\dev\herald\Modules\Herald.Sinks\src\Herald.Sinks.File\Herald.Sinks.File.csproj::TargetFramework=net10.0]
E:\dev\herald\Modules\Herald.Sinks\src\Herald.Sinks.File\FileSinkRegistration.cs(73,41): error CS0436: The type 'JsonFileSinkProvider' in 'E:\dev\herald\Modules\Herald.Sinks\src\Herald.Sinks.File\Providers\JsonFileSinkProvider.cs' conflicts with the imported type 'JsonFileSinkProvider' in 'Herald.OSS, Version=0.12.0.0, Culture=neutral, PublicKeyToken=null'. Using the type defined in 'E:\dev\herald\Modules\Herald.Sinks\src\Herald.Sinks.File\Providers\JsonFileSinkProvider.cs'. [E:\dev\herald\Modules\Herald.Sinks\src\Herald.Sinks.File\Herald.Sinks.File.csproj::TargetFramework=net10.0]
  Herald.Sinks.InMemory -> E:\dev\herald\Modules\Herald.Sinks\src\Herald.Sinks.InMemory\bin\Debug\net10.0\Herald.Sinks.InMemory.dll
  Herald.Sinks.HelloWorld -> E:\dev\herald\Modules\Herald.Sinks\src\Herald.Sinks.HelloWorld\bin\Debug\net8.0\Herald.Sinks.HelloWorld.dll
  Herald.Sinks.Debug -> E:\dev\herald\Modules\Herald.Sinks\src\Herald.Sinks.Debug\bin\Debug\net10.0\Herald.Sinks.Debug.dll
  Herald.Sinks.HelloWorld -> E:\dev\herald\Modules\Herald.Sinks\src\Herald.Sinks.HelloWorld\bin\Debug\net10.0\Herald.Sinks.HelloWorld.dll
  Herald.Sinks.EventLog -> E:\dev\herald\Modules\Herald.Sinks\src\Herald.Sinks.EventLog\bin\Debug\net10.0\Herald.Sinks.EventLog.dll
  Herald.Sinks.Seq -> E:\dev\herald\Modules\Herald.Sinks\src\Herald.Sinks.Seq\bin\Debug\net9.0\Herald.Sinks.Seq.dll
  Herald.Sinks.TextWriter -> E:\dev\herald\Modules\Herald.Sinks\src\Herald.Sinks.TextWriter\bin\Debug\net8.0\Herald.Sinks.TextWriter.dll
  Herald.Sinks.MSSqlServer -> E:\dev\herald\Modules\Herald.Sinks\src\Herald.Sinks.MSSqlServer\bin\Debug\net9.0\Herald.Sinks.MSSqlServer.dll
  Herald.Sinks.Loggly -> E:\dev\herald\Modules\Herald.Sinks\src\Herald.Sinks.Loggly\bin\Debug\net9.0\Herald.Sinks.Loggly.dll
  Herald.Sinks.AzureBlobStorage -> E:\dev\herald\Modules\Herald.Sinks\src\Herald.Sinks.AzureBlobStorage\bin\Debug\net9.0\Herald.Sinks.AzureBlobStorage.dll
  Herald.Sinks.Batching -> E:\dev\herald\Modules\Herald.Sinks\src\Herald.Sinks.Batching\bin\Debug\net10.0\Herald.Sinks.Batching.dll
  Herald.Sinks.DynamoDB -> E:\dev\herald\Modules\Herald.Sinks\src\Herald.Sinks.DynamoDB\bin\Debug\net9.0\Herald.Sinks.DynamoDB.dll
E:\dev\herald\Modules\Herald.Sinks\src\Herald.Sinks.Parquet\ParquetLogSink.cs(102,34): error CS0234: The type or namespace name 'Create' does not exist in the namespace 'Herald.Sinks.File' (are you missing an assembly reference?) [E:\dev\herald\Modules\Herald.Sinks\src\Herald.Sinks.Parquet\Herald.Sinks.Parquet.csproj::TargetFramework=net9.0]
  Herald.Sinks.GenericWebhook -> E:\dev\herald\Modules\Herald.Sinks\src\Herald.Sinks.GenericWebhook\bin\Debug\net9.0\Herald.Sinks.GenericWebhook.dll
  Herald.Sinks.Discord -> E:\dev\herald\Modules\Herald.Sinks\src\Herald.Sinks.Discord\bin\Debug\net9.0\Herald.Sinks.Discord.dll
  Herald.Sinks.Sqs -> E:\dev\herald\Modules\Herald.Sinks\src\Herald.Sinks.Sqs\bin\Debug\net9.0\Herald.Sinks.Sqs.dll
  Herald.Sinks.ClickHouse -> E:\dev\herald\Modules\Herald.Sinks\src\Herald.Sinks.ClickHouse\bin\Debug\net9.0\Herald.Sinks.ClickHouse.dll
  Herald.Sinks.ElmahIo -> E:\dev\herald\Modules\Herald.Sinks\src\Herald.Sinks.ElmahIo\bin\Debug\net9.0\Herald.Sinks.ElmahIo.dll
  Herald.Sinks.GoogleCloudLogging -> E:\dev\herald\Modules\Herald.Sinks\src\Herald.Sinks.GoogleCloudLogging\bin\Debug\net9.0\Herald.Sinks.GoogleCloudLogging.dll
  Herald.Sinks.AzureLogAnalyticsDcr -> E:\dev\herald\Modules\Herald.Sinks\src\Herald.Sinks.AzureLogAnalyticsDcr\bin\Debug\net9.0\Herald.Sinks.AzureLogAnalyticsDcr.dll
  Herald.Sinks.InfluxDB -> E:\dev\herald\Modules\Herald.Sinks\src\Herald.Sinks.InfluxDB\bin\Debug\net9.0\Herald.Sinks.InfluxDB.dll
  Herald.Sinks.ZeroMQ -> E:\dev\herald\Modules\Herald.Sinks\src\Herald.Sinks.ZeroMQ\bin\Debug\net9.0\Herald.Sinks.ZeroMQ.dll
  Herald.Sinks.SignalFx -> E:\dev\herald\Modules\Herald.Sinks\src\Herald.Sinks.SignalFx\bin\Debug\net9.0\Herald.Sinks.SignalFx.dll
  Herald.Sinks.AzureEventHub -> E:\dev\herald\Modules\Herald.Sinks\src\Herald.Sinks.AzureEventHub\bin\Debug\net9.0\Herald.Sinks.AzureEventHub.dll
  Herald.Sinks.SumoLogic -> E:\dev\herald\Modules\Herald.Sinks\src\Herald.Sinks.SumoLogic\bin\Debug\net9.0\Herald.Sinks.SumoLogic.dll
  Herald.Sinks.Exceptionless -> E:\dev\herald\Modules\Herald.Sinks\src\Herald.Sinks.Exceptionless\bin\Debug\net9.0\Herald.Sinks.Exceptionless.dll
  Herald.Sinks.TcpJsonLine -> E:\dev\herald\Modules\Herald.Sinks\src\Herald.Sinks.TcpJsonLine\bin\Debug\net9.0\Herald.Sinks.TcpJsonLine.dll
  Herald.Sinks.AzureServiceBus -> E:\dev\herald\Modules\Herald.Sinks\src\Herald.Sinks.AzureServiceBus\bin\Debug\net9.0\Herald.Sinks.AzureServiceBus.dll
  Herald.Sinks.SQLite -> E:\dev\herald\Modules\Herald.Sinks\src\Herald.Sinks.SQLite\bin\Debug\net9.0\Herald.Sinks.SQLite.dll
  Herald.Sinks.Redis -> E:\dev\herald\Modules\Herald.Sinks\src\Herald.Sinks.Redis\bin\Debug\net9.0\Herald.Sinks.Redis.dll
  Herald.Sinks.Graylog -> E:\dev\herald\Modules\Herald.Sinks\src\Herald.Sinks.Graylog\bin\Debug\net9.0\Herald.Sinks.Graylog.dll
  Herald.Sinks.RavenDB -> E:\dev\herald\Modules\Herald.Sinks\src\Herald.Sinks.RavenDB\bin\Debug\net9.0\Herald.Sinks.RavenDB.dll
  Herald.Sinks.Mqtt -> E:\dev\herald\Modules\Herald.Sinks\src\Herald.Sinks.Mqtt\bin\Debug\net9.0\Herald.Sinks.Mqtt.dll
  Herald.Sinks.HttpJson -> E:\dev\herald\Modules\Herald.Sinks\src\Herald.Sinks.HttpJson\bin\Debug\net9.0\Herald.Sinks.HttpJson.dll
  Herald.Sinks.Slack -> E:\dev\herald\Modules\Herald.Sinks\src\Herald.Sinks.Slack\bin\Debug\net9.0\Herald.Sinks.Slack.dll
  Herald.Sinks.RabbitMQ -> E:\dev\herald\Modules\Herald.Sinks\src\Herald.Sinks.RabbitMQ\bin\Debug\net9.0\Herald.Sinks.RabbitMQ.dll
  Herald.Sinks.UdpJsonLine -> E:\dev\herald\Modules\Herald.Sinks\src\Herald.Sinks.UdpJsonLine\bin\Debug\net9.0\Herald.Sinks.UdpJsonLine.dll
  Herald.Sinks.Splunk -> E:\dev\herald\Modules\Herald.Sinks\src\Herald.Sinks.Splunk\bin\Debug\net9.0\Herald.Sinks.Splunk.dll
  Herald.Sinks.ApplicationInsightsHttp -> E:\dev\herald\Modules\Herald.Sinks\src\Herald.Sinks.ApplicationInsightsHttp\bin\Debug\net9.0\Herald.Sinks.ApplicationInsightsHttp.dll
  Herald.Sinks.Datadog -> E:\dev\herald\Modules\Herald.Sinks\src\Herald.Sinks.Datadog\bin\Debug\net9.0\Herald.Sinks.Datadog.dll
  Herald.Sinks.Rollbar -> E:\dev\herald\Modules\Herald.Sinks\src\Herald.Sinks.Rollbar\bin\Debug\net9.0\Herald.Sinks.Rollbar.dll
  Herald.Sinks.Loki -> E:\dev\herald\Modules\Herald.Sinks\src\Herald.Sinks.Loki\bin\Debug\net9.0\Herald.Sinks.Loki.dll
  Herald.Sinks.Kinesis -> E:\dev\herald\Modules\Herald.Sinks\src\Herald.Sinks.Kinesis\bin\Debug\net9.0\Herald.Sinks.Kinesis.dll
  Herald.Sinks.PostgreSQL -> E:\dev\herald\Modules\Herald.Sinks\src\Herald.Sinks.PostgreSQL\bin\Debug\net9.0\Herald.Sinks.PostgreSQL.dll
  Herald.Sinks.Syslog -> E:\dev\herald\Modules\Herald.Sinks\src\Herald.Sinks.Syslog\bin\Debug\net9.0\Herald.Sinks.Syslog.dll
  Herald.Sinks.BetterStack -> E:\dev\herald\Modules\Herald.Sinks\src\Herald.Sinks.BetterStack\bin\Debug\net9.0\Herald.Sinks.BetterStack.dll
  Herald.Sinks.Coralogix -> E:\dev\herald\Modules\Herald.Sinks\src\Herald.Sinks.Coralogix\bin\Debug\net9.0\Herald.Sinks.Coralogix.dll
  Herald.Sinks.LogzIo -> E:\dev\herald\Modules\Herald.Sinks\src\Herald.Sinks.LogzIo\bin\Debug\net9.0\Herald.Sinks.LogzIo.dll
  Herald.Sinks.Raygun -> E:\dev\herald\Modules\Herald.Sinks\src\Herald.Sinks.Raygun\bin\Debug\net9.0\Herald.Sinks.Raygun.dll
  Herald.Sinks.Pulsar -> E:\dev\herald\Modules\Herald.Sinks\src\Herald.Sinks.Pulsar\bin\Debug\net9.0\Herald.Sinks.Pulsar.dll
  Herald.Sinks.NewRelicLogs -> E:\dev\herald\Modules\Herald.Sinks\src\Herald.Sinks.NewRelicLogs\bin\Debug\net9.0\Herald.Sinks.NewRelicLogs.dll
  Herald.Sinks.PagerDuty -> E:\dev\herald\Modules\Herald.Sinks\src\Herald.Sinks.PagerDuty\bin\Debug\net9.0\Herald.Sinks.PagerDuty.dll
  Herald.Sinks.OpenSearch -> E:\dev\herald\Modules\Herald.Sinks\src\Herald.Sinks.OpenSearch\bin\Debug\net9.0\Herald.Sinks.OpenSearch.dll
  Herald.Sinks.Sentry -> E:\dev\herald\Modules\Herald.Sinks\src\Herald.Sinks.Sentry\bin\Debug\net9.0\Herald.Sinks.Sentry.dll
  Herald.Sinks.BigQuery -> E:\dev\herald\Modules\Herald.Sinks\src\Herald.Sinks.BigQuery\bin\Debug\net9.0\Herald.Sinks.BigQuery.dll
  Herald.Sinks.AzureAnalytics -> E:\dev\herald\Modules\Herald.Sinks\src\Herald.Sinks.AzureAnalytics\bin\Debug\net9.0\Herald.Sinks.AzureAnalytics.dll
  Herald.Sinks.Otlp -> E:\dev\herald\Modules\Herald.Sinks\src\Herald.Sinks.Otlp\bin\Debug\net9.0\Herald.Sinks.Otlp.dll
  Herald.Sinks.AzureTableStorage -> E:\dev\herald\Modules\Herald.Sinks\src\Herald.Sinks.AzureTableStorage\bin\Debug\net9.0\Herald.Sinks.AzureTableStorage.dll
  Herald.Sinks.AzureCosmosDB -> E:\dev\herald\Modules\Herald.Sinks\src\Herald.Sinks.AzureCosmosDB\bin\Debug\net9.0\Herald.Sinks.AzureCosmosDB.dll
  Herald.Sinks.RedisList -> E:\dev\herald\Modules\Herald.Sinks\src\Herald.Sinks.RedisList\bin\Debug\net9.0\Herald.Sinks.RedisList.dll
  Herald.Sinks.Bugsnag -> E:\dev\herald\Modules\Herald.Sinks\src\Herald.Sinks.Bugsnag\bin\Debug\net9.0\Herald.Sinks.Bugsnag.dll
  Herald.Sinks.Stackify -> E:\dev\herald\Modules\Herald.Sinks\src\Herald.Sinks.Stackify\bin\Debug\net9.0\Herald.Sinks.Stackify.dll
  Herald.Sinks.Twilio -> E:\dev\herald\Modules\Herald.Sinks\src\Herald.Sinks.Twilio\bin\Debug\net9.0\Herald.Sinks.Twilio.dll
  Herald.Sinks.MySQL -> E:\dev\herald\Modules\Herald.Sinks\src\Herald.Sinks.MySQL\bin\Debug\net9.0\Herald.Sinks.MySQL.dll
  Herald.Sinks.XUnit -> E:\dev\herald\Modules\Herald.Sinks\src\Herald.Sinks.XUnit\bin\Debug\net10.0\Herald.Sinks.XUnit.dll
  Herald.Sinks.Axiom -> E:\dev\herald\Modules\Herald.Sinks\src\Herald.Sinks.Axiom\bin\Debug\net9.0\Herald.Sinks.Axiom.dll
  Herald.Sinks.Mezmo -> E:\dev\herald\Modules\Herald.Sinks\src\Herald.Sinks.Mezmo\bin\Debug\net9.0\Herald.Sinks.Mezmo.dll
  Herald.Sinks.Telegram -> E:\dev\herald\Modules\Herald.Sinks\src\Herald.Sinks.Telegram\bin\Debug\net9.0\Herald.Sinks.Telegram.dll
  Herald.Sinks.Trace -> E:\dev\herald\Modules\Herald.Sinks\src\Herald.Sinks.Trace\bin\Debug\net10.0\Herald.Sinks.Trace.dll
  Herald.Sinks.AwsCloudWatch -> E:\dev\herald\Modules\Herald.Sinks\src\Herald.Sinks.AwsCloudWatch\bin\Debug\net9.0\Herald.Sinks.AwsCloudWatch.dll
E:\dev\herald\Modules\Herald.Sinks\tests\_shared\LogEventBuilder.cs(19,46): error CS0117: 'KnownLogLevels' does not contain a definition for 'Info' [E:\dev\herald\Modules\Herald.Sinks\tests\Herald.Sinks.ApplicationInsightsHttp.Tests\Herald.Sinks.ApplicationInsightsHttp.Tests.csproj::TargetFramework=net9.0]
E:\dev\herald\Modules\Herald.Sinks\tests\Herald.Sinks.ApplicationInsightsHttp.Tests\ApplicationInsightsLogSinkTests.cs(121,39): error CS0117: 'KnownLogLevels' does not contain a definition for 'Info' [E:\dev\herald\Modules\Herald.Sinks\tests\Herald.Sinks.ApplicationInsightsHttp.Tests\Herald.Sinks.ApplicationInsightsHttp.Tests.csproj::TargetFramework=net9.0]
E:\dev\herald\Modules\Herald.Sinks\tests\_shared\LogEventBuilder.cs(19,46): error CS0117: 'KnownLogLevels' does not contain a definition for 'Info' [E:\dev\herald\Modules\Herald.Sinks\tests\Herald.Sinks.GenericWebhook.Tests\Herald.Sinks.GenericWebhook.Tests.csproj::TargetFramework=net9.0]
  Herald.Sinks.MicrosoftTeams -> E:\dev\herald\Modules\Herald.Sinks\src\Herald.Sinks.MicrosoftTeams\bin\Debug\net9.0\Herald.Sinks.MicrosoftTeams.dll
E:\dev\herald\Modules\Herald.Sinks\tests\_shared\LogEventBuilder.cs(19,46): error CS0117: 'KnownLogLevels' does not contain a definition for 'Info' [E:\dev\herald\Modules\Herald.Sinks\tests\Herald.Sinks.Datadog.Tests\Herald.Sinks.Datadog.Tests.csproj::TargetFramework=net9.0]
E:\dev\herald\Modules\Herald.Sinks\tests\Herald.Sinks.Datadog.Tests\DatadogLogSinkTests.cs(32,39): error CS0117: 'KnownLogLevels' does not contain a definition for 'Warn' [E:\dev\herald\Modules\Herald.Sinks\tests\Herald.Sinks.Datadog.Tests\Herald.Sinks.Datadog.Tests.csproj::TargetFramework=net9.0]
  Herald.Sinks.ApplicationInsightsSdk -> E:\dev\herald\Modules\Herald.Sinks\src\Herald.Sinks.ApplicationInsightsSdk\bin\Debug\net9.0\Herald.Sinks.ApplicationInsightsSdk.dll
E:\dev\herald\Modules\Herald.Sinks\tests\_shared\LogEventBuilder.cs(19,46): error CS0117: 'KnownLogLevels' does not contain a definition for 'Info' [E:\dev\herald\Modules\Herald.Sinks\tests\Herald.Sinks.Graylog.Tests\Herald.Sinks.Graylog.Tests.csproj::TargetFramework=net9.0]
E:\dev\herald\Modules\Herald.Sinks\tests\Herald.Sinks.Graylog.Tests\GraylogMessageBuilderTests.cs(23,39): error CS0117: 'KnownLogLevels' does not contain a definition for 'Warn' [E:\dev\herald\Modules\Herald.Sinks\tests\Herald.Sinks.Graylog.Tests\Herald.Sinks.Graylog.Tests.csproj::TargetFramework=net9.0]
E:\dev\herald\Modules\Herald.Sinks\tests\Herald.Sinks.Graylog.Tests\GraylogMessageBuilderTests.cs(50,39): error CS0117: 'KnownLogLevels' does not contain a definition for 'Trace' [E:\dev\herald\Modules\Herald.Sinks\tests\Herald.Sinks.Graylog.Tests\Herald.Sinks.Graylog.Tests.csproj::TargetFramework=net9.0]
E:\dev\herald\Modules\Herald.Sinks\tests\Herald.Sinks.Graylog.Tests\GraylogMessageBuilderTests.cs(52,38): error CS0117: 'KnownLogLevels' does not contain a definition for 'Info' [E:\dev\herald\Modules\Herald.Sinks\tests\Herald.Sinks.Graylog.Tests\Herald.Sinks.Graylog.Tests.csproj::TargetFramework=net9.0]
E:\dev\herald\Modules\Herald.Sinks\tests\Herald.Sinks.Graylog.Tests\GraylogMessageBuilderTests.cs(54,38): error CS0117: 'KnownLogLevels' does not contain a definition for 'Warn' [E:\dev\herald\Modules\Herald.Sinks\tests\Herald.Sinks.Graylog.Tests\Herald.Sinks.Graylog.Tests.csproj::TargetFramework=net9.0]
E:\dev\herald\Modules\Herald.Sinks\tests\Herald.Sinks.Graylog.Tests\GraylogMessageBuilderTests.cs(56,42): error CS0117: 'KnownLogLevels' does not contain a definition for 'Critical' [E:\dev\herald\Modules\Herald.Sinks\tests\Herald.Sinks.Graylog.Tests\Herald.Sinks.Graylog.Tests.csproj::TargetFramework=net9.0]
E:\dev\herald\Modules\Herald.Sinks\tests\_shared\LogEventBuilder.cs(19,46): error CS0117: 'KnownLogLevels' does not contain a definition for 'Info' [E:\dev\herald\Modules\Herald.Sinks\tests\Herald.Sinks.ElmahIo.Tests\Herald.Sinks.ElmahIo.Tests.csproj::TargetFramework=net9.0]
  Herald.Sinks.Couchbase -> E:\dev\herald\Modules\Herald.Sinks\src\Herald.Sinks.Couchbase\bin\Debug\net9.0\Herald.Sinks.Couchbase.dll
E:\dev\herald\Modules\Herald.Sinks\tests\_shared\LogEventBuilder.cs(19,46): error CS0117: 'KnownLogLevels' does not contain a definition for 'Info' [E:\dev\herald\Modules\Herald.Sinks\tests\Herald.Sinks.AzureEventHub.Tests\Herald.Sinks.AzureEventHub.Tests.csproj::TargetFramework=net9.0]
  Herald.Sinks.Honeycomb -> E:\dev\herald\Modules\Herald.Sinks\src\Herald.Sinks.Honeycomb\bin\Debug\net9.0\Herald.Sinks.Honeycomb.dll
E:\dev\herald\Modules\Herald.Sinks\tests\_shared\LogEventBuilder.cs(19,46): error CS0117: 'KnownLogLevels' does not contain a definition for 'Info' [E:\dev\herald\Modules\Herald.Sinks\tests\Herald.Sinks.Seq.Tests\Herald.Sinks.Seq.Tests.csproj::TargetFramework=net9.0]
E:\dev\herald\Modules\Herald.Sinks\tests\Herald.Sinks.Seq.Tests\SeqLogSinkTests.cs(85,68): error CS0117: 'KnownLogLevels' does not contain a definition for 'Info' [E:\dev\herald\Modules\Herald.Sinks\tests\Herald.Sinks.Seq.Tests\Herald.Sinks.Seq.Tests.csproj::TargetFramework=net9.0]
E:\dev\herald\Modules\Herald.Sinks\tests\_shared\LogEventBuilder.cs(19,46): error CS0117: 'KnownLogLevels' does not contain a definition for 'Info' [E:\dev\herald\Modules\Herald.Sinks\tests\Herald.Sinks.AzureLogAnalyticsDcr.Tests\Herald.Sinks.AzureLogAnalyticsDcr.Tests.csproj::TargetFramework=net9.0]
  Herald.Sinks.MongoDB -> E:\dev\herald\Modules\Herald.Sinks\src\Herald.Sinks.MongoDB\bin\Debug\net9.0\Herald.Sinks.MongoDB.dll
E:\dev\herald\Modules\Herald.Sinks\tests\_shared\LogEventBuilder.cs(19,46): error CS0117: 'KnownLogLevels' does not contain a definition for 'Info' [E:\dev\herald\Modules\Herald.Sinks\tests\Herald.Sinks.SumoLogic.Tests\Herald.Sinks.SumoLogic.Tests.csproj::TargetFramework=net9.0]
  Herald.Sinks.Email -> E:\dev\herald\Modules\Herald.Sinks\src\Herald.Sinks.Email\bin\Debug\net9.0\Herald.Sinks.Email.dll
  Herald.Sinks.Cassandra -> E:\dev\herald\Modules\Herald.Sinks\src\Herald.Sinks.Cassandra\bin\Debug\net9.0\Herald.Sinks.Cassandra.dll
  Herald.Sinks.Dynatrace -> E:\dev\herald\Modules\Herald.Sinks\src\Herald.Sinks.Dynatrace\bin\Debug\net9.0\Herald.Sinks.Dynatrace.dll
E:\dev\herald\Modules\Herald.Sinks\tests\_shared\LogEventBuilder.cs(19,46): error CS0117: 'KnownLogLevels' does not contain a definition for 'Info' [E:\dev\herald\Modules\Herald.Sinks\tests\Herald.Sinks.MSSqlServer.Tests\Herald.Sinks.MSSqlServer.Tests.csproj::TargetFramework=net9.0]
  Herald.Sinks.AmazonS3 -> E:\dev\herald\Modules\Herald.Sinks\src\Herald.Sinks.AmazonS3\bin\Debug\net9.0\Herald.Sinks.AmazonS3.dll
  Herald.Sinks.Nats -> E:\dev\herald\Modules\Herald.Sinks\src\Herald.Sinks.Nats\bin\Debug\net9.0\Herald.Sinks.Nats.dll
E:\dev\herald\Modules\Herald.Sinks\tests\_shared\LogEventBuilder.cs(19,46): error CS0117: 'KnownLogLevels' does not contain a definition for 'Info' [E:\dev\herald\Modules\Herald.Sinks\tests\Herald.Sinks.BetterStack.Tests\Herald.Sinks.BetterStack.Tests.csproj::TargetFramework=net9.0]
E:\dev\herald\Modules\Herald.Sinks\tests\_shared\LogEventBuilder.cs(19,46): error CS0117: 'KnownLogLevels' does not contain a definition for 'Info' [E:\dev\herald\Modules\Herald.Sinks\tests\Herald.Sinks.AzureServiceBus.Tests\Herald.Sinks.AzureServiceBus.Tests.csproj::TargetFramework=net9.0]
E:\dev\herald\Modules\Herald.Sinks\tests\_shared\LogEventBuilder.cs(19,46): error CS0117: 'KnownLogLevels' does not contain a definition for 'Info' [E:\dev\herald\Modules\Herald.Sinks\tests\Herald.Sinks.Syslog.Tests\Herald.Sinks.Syslog.Tests.csproj::TargetFramework=net9.0]
E:\dev\herald\Modules\Herald.Sinks\tests\Herald.Sinks.Syslog.Tests\SyslogMessageBuilderTests.cs(30,89): error CS0117: 'KnownLogLevels' does not contain a definition for 'Info' [E:\dev\herald\Modules\Herald.Sinks\tests\Herald.Sinks.Syslog.Tests\Herald.Sinks.Syslog.Tests.csproj::TargetFramework=net9.0]
E:\dev\herald\Modules\Herald.Sinks\tests\Herald.Sinks.Syslog.Tests\SyslogMessageBuilderTests.cs(105,39): error CS0117: 'KnownLogLevels' does not contain a definition for 'Trace' [E:\dev\herald\Modules\Herald.Sinks\tests\Herald.Sinks.Syslog.Tests\Herald.Sinks.Syslog.Tests.csproj::TargetFramework=net9.0]
E:\dev\herald\Modules\Herald.Sinks\tests\Herald.Sinks.Syslog.Tests\SyslogMessageBuilderTests.cs(107,38): error CS0117: 'KnownLogLevels' does not contain a definition for 'Info' [E:\dev\herald\Modules\Herald.Sinks\tests\Herald.Sinks.Syslog.Tests\Herald.Sinks.Syslog.Tests.csproj::TargetFramework=net9.0]
E:\dev\herald\Modules\Herald.Sinks\tests\Herald.Sinks.Syslog.Tests\SyslogMessageBuilderTests.cs(109,38): error CS0117: 'KnownLogLevels' does not contain a definition for 'Warn' [E:\dev\herald\Modules\Herald.Sinks\tests\Herald.Sinks.Syslog.Tests\Herald.Sinks.Syslog.Tests.csproj::TargetFramework=net9.0]
E:\dev\herald\Modules\Herald.Sinks\tests\Herald.Sinks.Syslog.Tests\SyslogMessageBuilderTests.cs(111,42): error CS0117: 'KnownLogLevels' does not contain a definition for 'Critical' [E:\dev\herald\Modules\Herald.Sinks\tests\Herald.Sinks.Syslog.Tests\Herald.Sinks.Syslog.Tests.csproj::TargetFramework=net9.0]
E:\dev\herald\Modules\Herald.Sinks\tests\Herald.Sinks.Syslog.Tests\SyslogMessageBuilderTests.cs(132,89): error CS0117: 'KnownLogLevels' does not contain a definition for 'Info' [E:\dev\herald\Modules\Herald.Sinks\tests\Herald.Sinks.Syslog.Tests\Herald.Sinks.Syslog.Tests.csproj::TargetFramework=net9.0]
E:\dev\herald\Modules\Herald.Sinks\tests\Herald.Sinks.Syslog.Tests\SyslogSinkRuntimeConfigTests.cs(221,39): error CS0117: 'KnownLogLevels' does not contain a definition for 'Info' [E:\dev\herald\Modules\Herald.Sinks\tests\Herald.Sinks.Syslog.Tests\Herald.Sinks.Syslog.Tests.csproj::TargetFramework=net9.0]
E:\dev\herald\Modules\Herald.Sinks\tests\_shared\LogEventBuilder.cs(19,46): error CS0117: 'KnownLogLevels' does not contain a definition for 'Info' [E:\dev\herald\Modules\Herald.Sinks\tests\Herald.Sinks.PagerDuty.Tests\Herald.Sinks.PagerDuty.Tests.csproj::TargetFramework=net9.0]
E:\dev\herald\Modules\Herald.Sinks\tests\Herald.Sinks.PagerDuty.Tests\PagerDutyLogSinkTests.cs(30,39): error CS0117: 'KnownLogLevels' does not contain a definition for 'Critical' [E:\dev\herald\Modules\Herald.Sinks\tests\Herald.Sinks.PagerDuty.Tests\Herald.Sinks.PagerDuty.Tests.csproj::TargetFramework=net9.0]
E:\dev\herald\Modules\Herald.Sinks\tests\_shared\LogEventBuilder.cs(19,46): error CS0117: 'KnownLogLevels' does not contain a definition for 'Info' [E:\dev\herald\Modules\Herald.Sinks\tests\Herald.Sinks.Debug.Tests\Herald.Sinks.Debug.Tests.csproj::TargetFramework=net9.0]
E:\dev\herald\Modules\Herald.Sinks\tests\Herald.Sinks.Debug.Tests\DebugLogSinkTests.cs(46,39): error CS0117: 'KnownLogLevels' does not contain a definition for 'Warn' [E:\dev\herald\Modules\Herald.Sinks\tests\Herald.Sinks.Debug.Tests\Herald.Sinks.Debug.Tests.csproj::TargetFramework=net9.0]
  Herald.Sinks.Elasticsearch -> E:\dev\herald\Modules\Herald.Sinks\src\Herald.Sinks.Elasticsearch\bin\Debug\net9.0\Herald.Sinks.Elasticsearch.dll
  Herald.Sinks.GoogleCloudPubSub -> E:\dev\herald\Modules\Herald.Sinks\src\Herald.Sinks.GoogleCloudPubSub\bin\Debug\net9.0\Herald.Sinks.GoogleCloudPubSub.dll
E:\dev\herald\Modules\Herald.Sinks\tests\_shared\LogEventBuilder.cs(19,46): error CS0117: 'KnownLogLevels' does not contain a definition for 'Info' [E:\dev\herald\Modules\Herald.Sinks\tests\Herald.Sinks.Pulsar.Tests\Herald.Sinks.Pulsar.Tests.csproj::TargetFramework=net9.0]
E:\dev\herald\Modules\Herald.Sinks\tests\_shared\LogEventBuilder.cs(19,46): error CS0117: 'KnownLogLevels' does not contain a definition for 'Info' [E:\dev\herald\Modules\Herald.Sinks\tests\Herald.Sinks.EventLog.Tests\Herald.Sinks.EventLog.Tests.csproj::TargetFramework=net9.0]
E:\dev\herald\Modules\Herald.Sinks\tests\_shared\LogEventBuilder.cs(19,46): error CS0117: 'KnownLogLevels' does not contain a definition for 'Info' [E:\dev\herald\Modules\Herald.Sinks\tests\Herald.Sinks.InMemory.Tests\Herald.Sinks.InMemory.Tests.csproj::TargetFramework=net8.0]
  Herald.Sinks.OtlpGrpc -> E:\dev\herald\Modules\Herald.Sinks\src\Herald.Sinks.OtlpGrpc\bin\Debug\net9.0\Herald.Sinks.OtlpGrpc.dll
E:\dev\herald\Modules\Herald.Sinks\tests\_shared\LogEventBuilder.cs(19,46): error CS0117: 'KnownLogLevels' does not contain a definition for 'Info' [E:\dev\herald\Modules\Herald.Sinks\tests\Herald.Sinks.Bugsnag.Tests\Herald.Sinks.Bugsnag.Tests.csproj::TargetFramework=net9.0]
E:\dev\herald\Modules\Herald.Sinks\tests\_shared\LogEventBuilder.cs(19,46): error CS0117: 'KnownLogLevels' does not contain a definition for 'Info' [E:\dev\herald\Modules\Herald.Sinks\tests\Herald.Sinks.AzureCosmosDB.Tests\Herald.Sinks.AzureCosmosDB.Tests.csproj::TargetFramework=net9.0]
E:\dev\herald\Modules\Herald.Sinks\tests\_shared\LogEventBuilder.cs(19,46): error CS0117: 'KnownLogLevels' does not contain a definition for 'Info' [E:\dev\herald\Modules\Herald.Sinks\tests\Herald.Sinks.Exceptionless.Tests\Herald.Sinks.Exceptionless.Tests.csproj::TargetFramework=net9.0]
E:\dev\herald\Modules\Herald.Sinks\tests\_shared\LogEventBuilder.cs(19,46): error CS0117: 'KnownLogLevels' does not contain a definition for 'Info' [E:\dev\herald\Modules\Herald.Sinks\tests\Herald.Sinks.ClickHouse.Tests\Herald.Sinks.ClickHouse.Tests.csproj::TargetFramework=net9.0]
E:\dev\herald\Modules\Herald.Sinks\tests\_shared\LogEventBuilder.cs(19,46): error CS0117: 'KnownLogLevels' does not contain a definition for 'Info' [E:\dev\herald\Modules\Herald.Sinks\tests\Herald.Sinks.Sentry.Tests\Herald.Sinks.Sentry.Tests.csproj::TargetFramework=net9.0]
E:\dev\herald\Modules\Herald.Sinks\tests\_shared\LogEventBuilder.cs(19,46): error CS0117: 'KnownLogLevels' does not contain a definition for 'Info' [E:\dev\herald\Modules\Herald.Sinks\tests\Herald.Sinks.RavenDB.Tests\Herald.Sinks.RavenDB.Tests.csproj::TargetFramework=net9.0]
E:\dev\herald\Modules\Herald.Sinks\tests\_shared\LogEventBuilder.cs(19,46): error CS0117: 'KnownLogLevels' does not contain a definition for 'Info' [E:\dev\herald\Modules\Herald.Sinks\tests\Herald.Sinks.OpenSearch.Tests\Herald.Sinks.OpenSearch.Tests.csproj::TargetFramework=net9.0]
E:\dev\herald\Modules\Herald.Sinks\tests\_shared\LogEventBuilder.cs(19,46): error CS0117: 'KnownLogLevels' does not contain a definition for 'Info' [E:\dev\herald\Modules\Herald.Sinks\tests\Herald.Sinks.Mqtt.Tests\Herald.Sinks.Mqtt.Tests.csproj::TargetFramework=net9.0]
E:\dev\herald\Modules\Herald.Sinks\tests\_shared\LogEventBuilder.cs(19,46): error CS0117: 'KnownLogLevels' does not contain a definition for 'Info' [E:\dev\herald\Modules\Herald.Sinks\tests\Herald.Sinks.ApplicationInsightsSdk.Tests\Herald.Sinks.ApplicationInsightsSdk.Tests.csproj::TargetFramework=net9.0]
E:\dev\herald\Modules\Herald.Sinks\tests\_shared\LogEventBuilder.cs(19,46): error CS0117: 'KnownLogLevels' does not contain a definition for 'Info' [E:\dev\herald\Modules\Herald.Sinks\tests\Herald.Sinks.TcpJsonLine.Tests\Herald.Sinks.TcpJsonLine.Tests.csproj::TargetFramework=net9.0]
E:\dev\herald\Modules\Herald.Sinks\tests\_shared\LogEventBuilder.cs(19,46): error CS0117: 'KnownLogLevels' does not contain a definition for 'Info' [E:\dev\herald\Modules\Herald.Sinks\tests\Herald.Sinks.Sqs.Tests\Herald.Sinks.Sqs.Tests.csproj::TargetFramework=net9.0]
E:\dev\herald\Modules\Herald.Sinks\tests\Herald.Sinks.AzureAnalytics.Tests\AzureAnalyticsLogSinkTests.cs(75,68): error CS0117: 'KnownLogLevels' does not contain a definition for 'Warn' [E:\dev\herald\Modules\Herald.Sinks\tests\Herald.Sinks.AzureAnalytics.Tests\Herald.Sinks.AzureAnalytics.Tests.csproj::TargetFramework=net9.0]
E:\dev\herald\Modules\Herald.Sinks\tests\_shared\LogEventBuilder.cs(19,46): error CS0117: 'KnownLogLevels' does not contain a definition for 'Info' [E:\dev\herald\Modules\Herald.Sinks\tests\Herald.Sinks.MongoDB.Tests\Herald.Sinks.MongoDB.Tests.csproj::TargetFramework=net9.0]
E:\dev\herald\Modules\Herald.Sinks\tests\_shared\LogEventBuilder.cs(19,46): error CS0117: 'KnownLogLevels' does not contain a definition for 'Info' [E:\dev\herald\Modules\Herald.Sinks\tests\Herald.Sinks.AzureAnalytics.Tests\Herald.Sinks.AzureAnalytics.Tests.csproj::TargetFramework=net9.0]
E:\dev\herald\Modules\Herald.Sinks\tests\_shared\LogEventBuilder.cs(19,46): error CS0117: 'KnownLogLevels' does not contain a definition for 'Info' [E:\dev\herald\Modules\Herald.Sinks\tests\Herald.Sinks.MicrosoftTeams.Tests\Herald.Sinks.MicrosoftTeams.Tests.csproj::TargetFramework=net9.0]
E:\dev\herald\Modules\Herald.Sinks\tests\Herald.Sinks.InfluxDB.Tests\InfluxDBLogSinkTests.cs(48,39): error CS0117: 'KnownLogLevels' does not contain a definition for 'Info' [E:\dev\herald\Modules\Herald.Sinks\tests\Herald.Sinks.InfluxDB.Tests\Herald.Sinks.InfluxDB.Tests.csproj::TargetFramework=net9.0]
E:\dev\herald\Modules\Herald.Sinks\tests\_shared\LogEventBuilder.cs(19,46): error CS0117: 'KnownLogLevels' does not contain a definition for 'Info' [E:\dev\herald\Modules\Herald.Sinks\tests\Herald.Sinks.InfluxDB.Tests\Herald.Sinks.InfluxDB.Tests.csproj::TargetFramework=net9.0]
E:\dev\herald\Modules\Herald.Sinks\tests\_shared\LogEventBuilder.cs(19,46): error CS0117: 'KnownLogLevels' does not contain a definition for 'Info' [E:\dev\herald\Modules\Herald.Sinks\tests\Herald.Sinks.InMemory.Tests\Herald.Sinks.InMemory.Tests.csproj::TargetFramework=net10.0]
E:\dev\herald\Modules\Herald.Sinks\tests\_shared\LogEventBuilder.cs(19,46): error CS0117: 'KnownLogLevels' does not contain a definition for 'Info' [E:\dev\herald\Modules\Herald.Sinks\tests\Herald.Sinks.Debug.Tests\Herald.Sinks.Debug.Tests.csproj::TargetFramework=net8.0]
E:\dev\herald\Modules\Herald.Sinks\tests\Herald.Sinks.Debug.Tests\DebugLogSinkTests.cs(46,39): error CS0117: 'KnownLogLevels' does not contain a definition for 'Warn' [E:\dev\herald\Modules\Herald.Sinks\tests\Herald.Sinks.Debug.Tests\Herald.Sinks.Debug.Tests.csproj::TargetFramework=net8.0]
  Herald.Sinks.Aliyun -> E:\dev\herald\Modules\Herald.Sinks\src\Herald.Sinks.Aliyun\bin\Debug\net9.0\Herald.Sinks.Aliyun.dll
E:\dev\herald\Modules\Herald.Sinks\tests\_shared\LogEventBuilder.cs(19,46): error CS0117: 'KnownLogLevels' does not contain a definition for 'Info' [E:\dev\herald\Modules\Herald.Sinks\tests\Herald.Sinks.BigQuery.Tests\Herald.Sinks.BigQuery.Tests.csproj::TargetFramework=net9.0]
E:\dev\herald\Modules\Herald.Sinks\tests\_shared\LogEventBuilder.cs(19,46): error CS0117: 'KnownLogLevels' does not contain a definition for 'Info' [E:\dev\herald\Modules\Herald.Sinks\tests\Herald.Sinks.AwsCloudWatch.Tests\Herald.Sinks.AwsCloudWatch.Tests.csproj::TargetFramework=net9.0]
E:\dev\herald\Modules\Herald.Sinks\tests\Herald.Sinks.SignalFx.Tests\SignalFxLogSinkTests.cs(31,39): error CS0117: 'KnownLogLevels' does not contain a definition for 'Warn' [E:\dev\herald\Modules\Herald.Sinks\tests\Herald.Sinks.SignalFx.Tests\Herald.Sinks.SignalFx.Tests.csproj::TargetFramework=net9.0]
E:\dev\herald\Modules\Herald.Sinks\tests\_shared\LogEventBuilder.cs(19,46): error CS0117: 'KnownLogLevels' does not contain a definition for 'Info' [E:\dev\herald\Modules\Herald.Sinks\tests\Herald.Sinks.NewRelicLogs.Tests\Herald.Sinks.NewRelicLogs.Tests.csproj::TargetFramework=net9.0]
E:\dev\herald\Modules\Herald.Sinks\tests\_shared\LogEventBuilder.cs(19,46): error CS0117: 'KnownLogLevels' does not contain a definition for 'Info' [E:\dev\herald\Modules\Herald.Sinks\tests\Herald.Sinks.SignalFx.Tests\Herald.Sinks.SignalFx.Tests.csproj::TargetFramework=net9.0]
E:\dev\herald\Modules\Herald.Sinks\tests\_shared\LogEventBuilder.cs(19,46): error CS0117: 'KnownLogLevels' does not contain a definition for 'Info' [E:\dev\herald\Modules\Herald.Sinks\tests\Herald.Sinks.Honeycomb.Tests\Herald.Sinks.Honeycomb.Tests.csproj::TargetFramework=net9.0]
E:\dev\herald\Modules\Herald.Sinks\tests\_shared\LogEventBuilder.cs(19,46): error CS0117: 'KnownLogLevels' does not contain a definition for 'Info' [E:\dev\herald\Modules\Herald.Sinks\tests\Herald.Sinks.AmazonS3.Tests\Herald.Sinks.AmazonS3.Tests.csproj::TargetFramework=net9.0]
E:\dev\herald\Modules\Herald.Sinks\tests\Herald.Sinks.Honeycomb.Tests\HoneycombLogSinkTests.cs(31,39): error CS0117: 'KnownLogLevels' does not contain a definition for 'Warn' [E:\dev\herald\Modules\Herald.Sinks\tests\Herald.Sinks.Honeycomb.Tests\Herald.Sinks.Honeycomb.Tests.csproj::TargetFramework=net9.0]
E:\dev\herald\Modules\Herald.Sinks\tests\Herald.Sinks.HttpJson.Tests\HttpJsonLogSinkTests.cs(29,69): error CS0117: 'KnownLogLevels' does not contain a definition for 'Info' [E:\dev\herald\Modules\Herald.Sinks\tests\Herald.Sinks.HttpJson.Tests\Herald.Sinks.HttpJson.Tests.csproj::TargetFramework=net9.0]
E:\dev\herald\Modules\Herald.Sinks\tests\_shared\LogEventBuilder.cs(19,46): error CS0117: 'KnownLogLevels' does not contain a definition for 'Info' [E:\dev\herald\Modules\Herald.Sinks\tests\Herald.Sinks.RabbitMQ.Tests\Herald.Sinks.RabbitMQ.Tests.csproj::TargetFramework=net9.0]
E:\dev\herald\Modules\Herald.Sinks\tests\_shared\LogEventBuilder.cs(19,46): error CS0117: 'KnownLogLevels' does not contain a definition for 'Info' [E:\dev\herald\Modules\Herald.Sinks\tests\Herald.Sinks.EventLog.Tests\Herald.Sinks.EventLog.Tests.csproj::TargetFramework=net10.0]
E:\dev\herald\Modules\Herald.Sinks\tests\_shared\LogEventBuilder.cs(19,46): error CS0117: 'KnownLogLevels' does not contain a definition for 'Info' [E:\dev\herald\Modules\Herald.Sinks\tests\Herald.Sinks.HttpJson.Tests\Herald.Sinks.HttpJson.Tests.csproj::TargetFramework=net9.0]
E:\dev\herald\Modules\Herald.Sinks\tests\_shared\LogEventBuilder.cs(19,46): error CS0117: 'KnownLogLevels' does not contain a definition for 'Info' [E:\dev\herald\Modules\Herald.Sinks\tests\Herald.Sinks.Aliyun.Tests\Herald.Sinks.Aliyun.Tests.csproj::TargetFramework=net9.0]
E:\dev\herald\Modules\Herald.Sinks\tests\_shared\LogEventBuilder.cs(19,46): error CS0117: 'KnownLogLevels' does not contain a definition for 'Info' [E:\dev\herald\Modules\Herald.Sinks\tests\Herald.Sinks.Cassandra.Tests\Herald.Sinks.Cassandra.Tests.csproj::TargetFramework=net9.0]
E:\dev\herald\Modules\Herald.Sinks\tests\_shared\LogEventBuilder.cs(19,46): error CS0117: 'KnownLogLevels' does not contain a definition for 'Info' [E:\dev\herald\Modules\Herald.Sinks\tests\Herald.Sinks.Rollbar.Tests\Herald.Sinks.Rollbar.Tests.csproj::TargetFramework=net9.0]
E:\dev\herald\Modules\Herald.Sinks\tests\Herald.Sinks.Slack.Tests\SlackWebhookLogSinkTests.cs(39,39): error CS0117: 'KnownLogLevels' does not contain a definition for 'Warn' [E:\dev\herald\Modules\Herald.Sinks\tests\Herald.Sinks.Slack.Tests\Herald.Sinks.Slack.Tests.csproj::TargetFramework=net9.0]
E:\dev\herald\Modules\Herald.Sinks\tests\_shared\LogEventBuilder.cs(19,46): error CS0117: 'KnownLogLevels' does not contain a definition for 'Info' [E:\dev\herald\Modules\Herald.Sinks\tests\Herald.Sinks.Slack.Tests\Herald.Sinks.Slack.Tests.csproj::TargetFramework=net9.0]
E:\dev\herald\Modules\Herald.Sinks\tests\_shared\LogEventBuilder.cs(19,46): error CS0117: 'KnownLogLevels' does not contain a definition for 'Info' [E:\dev\herald\Modules\Herald.Sinks\tests\Herald.Sinks.Trace.Tests\Herald.Sinks.Trace.Tests.csproj::TargetFramework=net10.0]
E:\dev\herald\Modules\Herald.Sinks\tests\Herald.Sinks.Trace.Tests\TraceLogSinkTests.cs(40,39): error CS0117: 'KnownLogLevels' does not contain a definition for 'Warn' [E:\dev\herald\Modules\Herald.Sinks\tests\Herald.Sinks.Trace.Tests\Herald.Sinks.Trace.Tests.csproj::TargetFramework=net10.0]
E:\dev\herald\Modules\Herald.Sinks\tests\_shared\LogEventBuilder.cs(19,46): error CS0117: 'KnownLogLevels' does not contain a definition for 'Info' [E:\dev\herald\Modules\Herald.Sinks\tests\Herald.Sinks.Discord.Tests\Herald.Sinks.Discord.Tests.csproj::TargetFramework=net9.0]
E:\dev\herald\Modules\Herald.Sinks\tests\_shared\LogEventBuilder.cs(19,46): error CS0117: 'KnownLogLevels' does not contain a definition for 'Info' [E:\dev\herald\Modules\Herald.Sinks\tests\Herald.Sinks.Dynatrace.Tests\Herald.Sinks.Dynatrace.Tests.csproj::TargetFramework=net9.0]
E:\dev\herald\Modules\Herald.Sinks\tests\Herald.Sinks.Dynatrace.Tests\DynatraceLogSinkTests.cs(47,68): error CS0117: 'KnownLogLevels' does not contain a definition for 'Warn' [E:\dev\herald\Modules\Herald.Sinks\tests\Herald.Sinks.Dynatrace.Tests\Herald.Sinks.Dynatrace.Tests.csproj::TargetFramework=net9.0]
E:\dev\herald\Modules\Herald.Sinks\tests\_shared\LogEventBuilder.cs(19,46): error CS0117: 'KnownLogLevels' does not contain a definition for 'Info' [E:\dev\herald\Modules\Herald.Sinks\tests\Herald.Sinks.ZeroMQ.Tests\Herald.Sinks.ZeroMQ.Tests.csproj::TargetFramework=net9.0]
E:\dev\herald\Modules\Herald.Sinks\tests\_shared\LogEventBuilder.cs(19,46): error CS0117: 'KnownLogLevels' does not contain a definition for 'Info' [E:\dev\herald\Modules\Herald.Sinks\tests\Herald.Sinks.MySQL.Tests\Herald.Sinks.MySQL.Tests.csproj::TargetFramework=net9.0]
E:\dev\herald\Modules\Herald.Sinks\tests\_shared\LogEventBuilder.cs(19,46): error CS0117: 'KnownLogLevels' does not contain a definition for 'Info' [E:\dev\herald\Modules\Herald.Sinks\tests\Herald.Sinks.PostgreSQL.Tests\Herald.Sinks.PostgreSQL.Tests.csproj::TargetFramework=net9.0]
  Herald.Sinks.Kafka -> E:\dev\herald\Modules\Herald.Sinks\src\Herald.Sinks.Kafka\bin\Debug\net9.0\Herald.Sinks.Kafka.dll
  Herald.Sinks.MicrosoftTeams -> E:\dev\herald\Modules\Herald.Sinks\src\Herald.Sinks.MicrosoftTeams\bin\Debug\net10.0\Herald.Sinks.MicrosoftTeams.dll
E:\dev\herald\Modules\Herald.Sinks\tests\_shared\LogEventBuilder.cs(19,46): error CS0117: 'KnownLogLevels' does not contain a definition for 'Info' [E:\dev\herald\Modules\Herald.Sinks\tests\Herald.Sinks.GoogleCloudLogging.Tests\Herald.Sinks.GoogleCloudLogging.Tests.csproj::TargetFramework=net9.0]
E:\dev\herald\Modules\Herald.Sinks\src\Herald.Sinks.Parquet\ParquetLogSink.cs(102,34): error CS0234: The type or namespace name 'Create' does not exist in the namespace 'Herald.Sinks.File' (are you missing an assembly reference?) [E:\dev\herald\Modules\Herald.Sinks\src\Herald.Sinks.Parquet\Herald.Sinks.Parquet.csproj::TargetFramework=net10.0]
  Herald.Sinks.PagerDuty -> E:\dev\herald\Modules\Herald.Sinks\src\Herald.Sinks.PagerDuty\bin\Debug\net10.0\Herald.Sinks.PagerDuty.dll
E:\dev\herald\Modules\Herald.Sinks\tests\_shared\LogEventBuilder.cs(19,46): error CS0117: 'KnownLogLevels' does not contain a definition for 'Info' [E:\dev\herald\Modules\Herald.Sinks\tests\Herald.Sinks.TextWriter.Tests\Herald.Sinks.TextWriter.Tests.csproj::TargetFramework=net8.0]
E:\dev\herald\Modules\Herald.Sinks\tests\Herald.Sinks.TextWriter.Tests\TextWriterLogSinkTests.cs(28,39): error CS0117: 'KnownLogLevels' does not contain a definition for 'Warn' [E:\dev\herald\Modules\Herald.Sinks\tests\Herald.Sinks.TextWriter.Tests\Herald.Sinks.TextWriter.Tests.csproj::TargetFramework=net8.0]
E:\dev\herald\Modules\Herald.Sinks\tests\_shared\LogEventBuilder.cs(19,46): error CS0117: 'KnownLogLevels' does not contain a definition for 'Info' [E:\dev\herald\Modules\Herald.Sinks\tests\Herald.Sinks.Trace.Tests\Herald.Sinks.Trace.Tests.csproj::TargetFramework=net9.0]
E:\dev\herald\Modules\Herald.Sinks\tests\Herald.Sinks.Trace.Tests\TraceLogSinkTests.cs(40,39): error CS0117: 'KnownLogLevels' does not contain a definition for 'Warn' [E:\dev\herald\Modules\Herald.Sinks\tests\Herald.Sinks.Trace.Tests\Herald.Sinks.Trace.Tests.csproj::TargetFramework=net9.0]
E:\dev\herald\Modules\Herald.Sinks\tests\_shared\LogEventBuilder.cs(19,46): error CS0117: 'KnownLogLevels' does not contain a definition for 'Info' [E:\dev\herald\Modules\Herald.Sinks\tests\Herald.Sinks.AzureTableStorage.Tests\Herald.Sinks.AzureTableStorage.Tests.csproj::TargetFramework=net9.0]
E:\dev\herald\Modules\Herald.Sinks\tests\_shared\LogEventBuilder.cs(19,46): error CS0117: 'KnownLogLevels' does not contain a definition for 'Info' [E:\dev\herald\Modules\Herald.Sinks\tests\Herald.Sinks.Trace.Tests\Herald.Sinks.Trace.Tests.csproj::TargetFramework=net8.0]
E:\dev\herald\Modules\Herald.Sinks\tests\Herald.Sinks.Trace.Tests\TraceLogSinkTests.cs(40,39): error CS0117: 'KnownLogLevels' does not contain a definition for 'Warn' [E:\dev\herald\Modules\Herald.Sinks\tests\Herald.Sinks.Trace.Tests\Herald.Sinks.Trace.Tests.csproj::TargetFramework=net8.0]
  Herald.Sinks.Dynatrace -> E:\dev\herald\Modules\Herald.Sinks\src\Herald.Sinks.Dynatrace\bin\Debug\net10.0\Herald.Sinks.Dynatrace.dll
E:\dev\herald\Modules\Herald.Sinks\tests\_shared\LogEventBuilder.cs(19,46): error CS0117: 'KnownLogLevels' does not contain a definition for 'Info' [E:\dev\herald\Modules\Herald.Sinks\tests\Herald.Sinks.SQLite.Tests\Herald.Sinks.SQLite.Tests.csproj::TargetFramework=net9.0]
E:\dev\herald\Modules\Herald.Sinks\tests\Herald.Sinks.SQLite.Tests\SQLiteLogSinkTests.cs(42,39): error CS0117: 'KnownLogLevels' does not contain a definition for 'Warn' [E:\dev\herald\Modules\Herald.Sinks\tests\Herald.Sinks.SQLite.Tests\Herald.Sinks.SQLite.Tests.csproj::TargetFramework=net9.0]
  Herald.Sinks.AzureServiceBus -> E:\dev\herald\Modules\Herald.Sinks\src\Herald.Sinks.AzureServiceBus\bin\Debug\net10.0\Herald.Sinks.AzureServiceBus.dll
  Herald.Sinks.AzureEventHub -> E:\dev\herald\Modules\Herald.Sinks\src\Herald.Sinks.AzureEventHub\bin\Debug\net10.0\Herald.Sinks.AzureEventHub.dll
  Herald.Sinks.Kafka -> E:\dev\herald\Modules\Herald.Sinks\src\Herald.Sinks.Kafka\bin\Debug\net10.0\Herald.Sinks.Kafka.dll
  Herald.Sinks.Mqtt -> E:\dev\herald\Modules\Herald.Sinks\src\Herald.Sinks.Mqtt\bin\Debug\net10.0\Herald.Sinks.Mqtt.dll
  Herald.Sinks.Sentry -> E:\dev\herald\Modules\Herald.Sinks\src\Herald.Sinks.Sentry\bin\Debug\net10.0\Herald.Sinks.Sentry.dll
  Herald.Sinks.AzureTableStorage -> E:\dev\herald\Modules\Herald.Sinks\src\Herald.Sinks.AzureTableStorage\bin\Debug\net10.0\Herald.Sinks.AzureTableStorage.dll
  Herald.Sinks.NewRelicLogs -> E:\dev\herald\Modules\Herald.Sinks\src\Herald.Sinks.NewRelicLogs\bin\Debug\net10.0\Herald.Sinks.NewRelicLogs.dll
  Herald.Sinks.Graylog -> E:\dev\herald\Modules\Herald.Sinks\src\Herald.Sinks.Graylog\bin\Debug\net10.0\Herald.Sinks.Graylog.dll
  Herald.Sinks.Slack -> E:\dev\herald\Modules\Herald.Sinks\src\Herald.Sinks.Slack\bin\Debug\net10.0\Herald.Sinks.Slack.dll
  Herald.Sinks.Axiom -> E:\dev\herald\Modules\Herald.Sinks\src\Herald.Sinks.Axiom\bin\Debug\net10.0\Herald.Sinks.Axiom.dll
  Herald.Sinks.UdpJsonLine -> E:\dev\herald\Modules\Herald.Sinks\src\Herald.Sinks.UdpJsonLine\bin\Debug\net10.0\Herald.Sinks.UdpJsonLine.dll
  Herald.Sinks.Discord -> E:\dev\herald\Modules\Herald.Sinks\src\Herald.Sinks.Discord\bin\Debug\net10.0\Herald.Sinks.Discord.dll
  Herald.Sinks.AzureLogAnalyticsDcr -> E:\dev\herald\Modules\Herald.Sinks\src\Herald.Sinks.AzureLogAnalyticsDcr\bin\Debug\net10.0\Herald.Sinks.AzureLogAnalyticsDcr.dll
  Herald.Sinks.Elasticsearch -> E:\dev\herald\Modules\Herald.Sinks\src\Herald.Sinks.Elasticsearch\bin\Debug\net10.0\Herald.Sinks.Elasticsearch.dll
  Herald.Sinks.SignalFx -> E:\dev\herald\Modules\Herald.Sinks\src\Herald.Sinks.SignalFx\bin\Debug\net10.0\Herald.Sinks.SignalFx.dll
  Herald.Sinks.MySQL -> E:\dev\herald\Modules\Herald.Sinks\src\Herald.Sinks.MySQL\bin\Debug\net10.0\Herald.Sinks.MySQL.dll
  Herald.Sinks.HttpJson -> E:\dev\herald\Modules\Herald.Sinks\src\Herald.Sinks.HttpJson\bin\Debug\net10.0\Herald.Sinks.HttpJson.dll
  Herald.Sinks.Honeycomb -> E:\dev\herald\Modules\Herald.Sinks\src\Herald.Sinks.Honeycomb\bin\Debug\net10.0\Herald.Sinks.Honeycomb.dll
  Herald.Sinks.RavenDB -> E:\dev\herald\Modules\Herald.Sinks\src\Herald.Sinks.RavenDB\bin\Debug\net10.0\Herald.Sinks.RavenDB.dll
E:\dev\herald\Modules\Herald.Sinks\tests\_shared\LogEventBuilder.cs(19,46): error CS0117: 'KnownLogLevels' does not contain a definition for 'Info' [E:\dev\herald\Modules\Herald.Sinks\tests\Herald.Sinks.TextWriter.Tests\Herald.Sinks.TextWriter.Tests.csproj::TargetFramework=net10.0]
E:\dev\herald\Modules\Herald.Sinks\tests\Herald.Sinks.TextWriter.Tests\TextWriterLogSinkTests.cs(28,39): error CS0117: 'KnownLogLevels' does not contain a definition for 'Warn' [E:\dev\herald\Modules\Herald.Sinks\tests\Herald.Sinks.TextWriter.Tests\Herald.Sinks.TextWriter.Tests.csproj::TargetFramework=net10.0]
  Herald.Sinks.AzureAnalytics -> E:\dev\herald\Modules\Herald.Sinks\src\Herald.Sinks.AzureAnalytics\bin\Debug\net10.0\Herald.Sinks.AzureAnalytics.dll
  Herald.Sinks.Bugsnag -> E:\dev\herald\Modules\Herald.Sinks\src\Herald.Sinks.Bugsnag\bin\Debug\net10.0\Herald.Sinks.Bugsnag.dll
  Herald.Sinks.Loki -> E:\dev\herald\Modules\Herald.Sinks\src\Herald.Sinks.Loki\bin\Debug\net10.0\Herald.Sinks.Loki.dll
  Herald.Sinks.Mezmo -> E:\dev\herald\Modules\Herald.Sinks\src\Herald.Sinks.Mezmo\bin\Debug\net10.0\Herald.Sinks.Mezmo.dll
  Herald.Sinks.SQLite -> E:\dev\herald\Modules\Herald.Sinks\src\Herald.Sinks.SQLite\bin\Debug\net10.0\Herald.Sinks.SQLite.dll
  Herald.Sinks.SumoLogic -> E:\dev\herald\Modules\Herald.Sinks\src\Herald.Sinks.SumoLogic\bin\Debug\net10.0\Herald.Sinks.SumoLogic.dll
E:\dev\herald\Modules\Herald.Sinks\tests\_shared\LogEventBuilder.cs(19,46): error CS0117: 'KnownLogLevels' does not contain a definition for 'Info' [E:\dev\herald\Modules\Herald.Sinks\tests\Herald.Sinks.Redis.Tests\Herald.Sinks.Redis.Tests.csproj::TargetFramework=net9.0]
  Herald.Sinks.RedisList -> E:\dev\herald\Modules\Herald.Sinks\src\Herald.Sinks.RedisList\bin\Debug\net10.0\Herald.Sinks.RedisList.dll
  Herald.Sinks.ZeroMQ -> E:\dev\herald\Modules\Herald.Sinks\src\Herald.Sinks.ZeroMQ\bin\Debug\net10.0\Herald.Sinks.ZeroMQ.dll
  Herald.Sinks.DynamoDB -> E:\dev\herald\Modules\Herald.Sinks\src\Herald.Sinks.DynamoDB\bin\Debug\net10.0\Herald.Sinks.DynamoDB.dll
  Herald.Sinks.InfluxDB -> E:\dev\herald\Modules\Herald.Sinks\src\Herald.Sinks.InfluxDB\bin\Debug\net10.0\Herald.Sinks.InfluxDB.dll
  Herald.Sinks.Redis -> E:\dev\herald\Modules\Herald.Sinks\src\Herald.Sinks.Redis\bin\Debug\net10.0\Herald.Sinks.Redis.dll
  Herald.Sinks.GenericWebhook -> E:\dev\herald\Modules\Herald.Sinks\src\Herald.Sinks.GenericWebhook\bin\Debug\net10.0\Herald.Sinks.GenericWebhook.dll
  Herald.Sinks.AzureCosmosDB -> E:\dev\herald\Modules\Herald.Sinks\src\Herald.Sinks.AzureCosmosDB\bin\Debug\net10.0\Herald.Sinks.AzureCosmosDB.dll
  Herald.Sinks.Email -> E:\dev\herald\Modules\Herald.Sinks\src\Herald.Sinks.Email\bin\Debug\net10.0\Herald.Sinks.Email.dll
  Herald.Sinks.BetterStack -> E:\dev\herald\Modules\Herald.Sinks\src\Herald.Sinks.BetterStack\bin\Debug\net10.0\Herald.Sinks.BetterStack.dll
  Herald.Sinks.MSSqlServer -> E:\dev\herald\Modules\Herald.Sinks\src\Herald.Sinks.MSSqlServer\bin\Debug\net10.0\Herald.Sinks.MSSqlServer.dll
  Herald.Sinks.Couchbase -> E:\dev\herald\Modules\Herald.Sinks\src\Herald.Sinks.Couchbase\bin\Debug\net10.0\Herald.Sinks.Couchbase.dll
  Herald.Sinks.Rollbar -> E:\dev\herald\Modules\Herald.Sinks\src\Herald.Sinks.Rollbar\bin\Debug\net10.0\Herald.Sinks.Rollbar.dll
  Herald.Sinks.Sqs -> E:\dev\herald\Modules\Herald.Sinks\src\Herald.Sinks.Sqs\bin\Debug\net10.0\Herald.Sinks.Sqs.dll
  Herald.Sinks.Kinesis -> E:\dev\herald\Modules\Herald.Sinks\src\Herald.Sinks.Kinesis\bin\Debug\net10.0\Herald.Sinks.Kinesis.dll
  Herald.Sinks.Exceptionless -> E:\dev\herald\Modules\Herald.Sinks\src\Herald.Sinks.Exceptionless\bin\Debug\net10.0\Herald.Sinks.Exceptionless.dll
  Herald.Sinks.MongoDB -> E:\dev\herald\Modules\Herald.Sinks\src\Herald.Sinks.MongoDB\bin\Debug\net10.0\Herald.Sinks.MongoDB.dll
E:\dev\herald\Modules\Herald.Sinks\tests\_shared\LogEventBuilder.cs(19,46): error CS0117: 'KnownLogLevels' does not contain a definition for 'Info' [E:\dev\herald\Modules\Herald.Sinks\tests\Herald.Sinks.LogzIo.Tests\Herald.Sinks.LogzIo.Tests.csproj::TargetFramework=net9.0]
E:\dev\herald\Modules\Herald.Sinks\tests\_shared\LogEventBuilder.cs(19,46): error CS0117: 'KnownLogLevels' does not contain a definition for 'Info' [E:\dev\herald\Modules\Herald.Sinks\tests\Herald.Sinks.Elasticsearch.Tests\Herald.Sinks.Elasticsearch.Tests.csproj::TargetFramework=net9.0]
E:\dev\herald\Modules\Herald.Sinks\tests\Herald.Sinks.Elasticsearch.Tests\ElasticsearchLogSinkTests.cs(44,39): error CS0117: 'KnownLogLevels' does not contain a definition for 'Warn' [E:\dev\herald\Modules\Herald.Sinks\tests\Herald.Sinks.Elasticsearch.Tests\Herald.Sinks.Elasticsearch.Tests.csproj::TargetFramework=net9.0]
E:\dev\herald\Modules\Herald.Sinks\tests\_shared\LogEventBuilder.cs(19,46): error CS0117: 'KnownLogLevels' does not contain a definition for 'Info' [E:\dev\herald\Modules\Herald.Sinks\tests\Herald.Sinks.XUnit.Tests\Herald.Sinks.XUnit.Tests.csproj::TargetFramework=net10.0]
E:\dev\herald\Modules\Herald.Sinks\tests\Herald.Sinks.XUnit.Tests\XUnitLogSinkTests.cs(29,39): error CS0117: 'KnownLogLevels' does not contain a definition for 'Warn' [E:\dev\herald\Modules\Herald.Sinks\tests\Herald.Sinks.XUnit.Tests\Herald.Sinks.XUnit.Tests.csproj::TargetFramework=net10.0]
  Herald.Sinks.ApplicationInsightsHttp -> E:\dev\herald\Modules\Herald.Sinks\src\Herald.Sinks.ApplicationInsightsHttp\bin\Debug\net10.0\Herald.Sinks.ApplicationInsightsHttp.dll
E:\dev\herald\Modules\Herald.Sinks\tests\_shared\LogEventBuilder.cs(19,46): error CS0117: 'KnownLogLevels' does not contain a definition for 'Info' [E:\dev\herald\Modules\Herald.Sinks\tests\Herald.Sinks.Coralogix.Tests\Herald.Sinks.Coralogix.Tests.csproj::TargetFramework=net9.0]
E:\dev\herald\Modules\Herald.Sinks\tests\Herald.Sinks.Coralogix.Tests\CoralogixLogSinkTests.cs(45,39): error CS0117: 'KnownLogLevels' does not contain a definition for 'Info' [E:\dev\herald\Modules\Herald.Sinks\tests\Herald.Sinks.Coralogix.Tests\Herald.Sinks.Coralogix.Tests.csproj::TargetFramework=net9.0]
  Herald.Sinks.Splunk -> E:\dev\herald\Modules\Herald.Sinks\src\Herald.Sinks.Splunk\bin\Debug\net10.0\Herald.Sinks.Splunk.dll
E:\dev\herald\Modules\Herald.Sinks\tests\_shared\LogEventBuilder.cs(19,46): error CS0117: 'KnownLogLevels' does not contain a definition for 'Info' [E:\dev\herald\Modules\Herald.Sinks\tests\Herald.Sinks.AzureBlobStorage.Tests\Herald.Sinks.AzureBlobStorage.Tests.csproj::TargetFramework=net9.0]
E:\dev\herald\Modules\Herald.Sinks\tests\_shared\LogEventBuilder.cs(19,46): error CS0117: 'KnownLogLevels' does not contain a definition for 'Info' [E:\dev\herald\Modules\Herald.Sinks\tests\Herald.Sinks.Otlp.Tests\Herald.Sinks.Otlp.Tests.csproj::TargetFramework=net9.0]
E:\dev\herald\Modules\Herald.Sinks\tests\Herald.Sinks.Otlp.Tests\OtlpRoundTripConformanceTests.cs(42,39): error CS0117: 'KnownLogLevels' does not contain a definition for 'Info' [E:\dev\herald\Modules\Herald.Sinks\tests\Herald.Sinks.Otlp.Tests\Herald.Sinks.Otlp.Tests.csproj::TargetFramework=net9.0]
E:\dev\herald\Modules\Herald.Sinks\tests\Herald.Sinks.Otlp.Tests\ProtobufFileLogSinkTests.cs(43,13): error CS0234: The type or namespace name 'Delete' does not exist in the namespace 'Herald.Sinks.File' (are you missing an assembly reference?) [E:\dev\herald\Modules\Herald.Sinks\tests\Herald.Sinks.Otlp.Tests\Herald.Sinks.Otlp.Tests.csproj::TargetFramework=net9.0]
E:\dev\herald\Modules\Herald.Sinks\tests\Herald.Sinks.Otlp.Tests\OtlpJsonLogSinkTests.cs(33,39): error CS0117: 'KnownLogLevels' does not contain a definition for 'Info' [E:\dev\herald\Modules\Herald.Sinks\tests\Herald.Sinks.Otlp.Tests\Herald.Sinks.Otlp.Tests.csproj::TargetFramework=net9.0]
E:\dev\herald\Modules\Herald.Sinks\tests\Herald.Sinks.Otlp.Tests\OtlpProtobufLogSinkTests.cs(33,39): error CS0117: 'KnownLogLevels' does not contain a definition for 'Info' [E:\dev\herald\Modules\Herald.Sinks\tests\Herald.Sinks.Otlp.Tests\Herald.Sinks.Otlp.Tests.csproj::TargetFramework=net9.0]
E:\dev\herald\Modules\Herald.Sinks\tests\Herald.Sinks.Otlp.Tests\ProtobufFileLogSinkTests.cs(55,47): error CS0117: 'KnownLogLevels' does not contain a definition for 'Info' [E:\dev\herald\Modules\Herald.Sinks\tests\Herald.Sinks.Otlp.Tests\Herald.Sinks.Otlp.Tests.csproj::TargetFramework=net9.0]
E:\dev\herald\Modules\Herald.Sinks\tests\Herald.Sinks.Otlp.Tests\ProtobufFileLogSinkTests.cs(62,25): error CS0234: The type or namespace name 'ReadAllBytes' does not exist in the namespace 'Herald.Sinks.File' (are you missing an assembly reference?) [E:\dev\herald\Modules\Herald.Sinks\tests\Herald.Sinks.Otlp.Tests\Herald.Sinks.Otlp.Tests.csproj::TargetFramework=net9.0]
E:\dev\herald\Modules\Herald.Sinks\tests\Herald.Sinks.Otlp.Tests\ProtobufFileLogSinkTests.cs(74,13): error CS0234: The type or namespace name 'Delete' does not exist in the namespace 'Herald.Sinks.File' (are you missing an assembly reference?) [E:\dev\herald\Modules\Herald.Sinks\tests\Herald.Sinks.Otlp.Tests\Herald.Sinks.Otlp.Tests.csproj::TargetFramework=net9.0]
E:\dev\herald\Modules\Herald.Sinks\tests\Herald.Sinks.Otlp.Tests\ProtobufFileLogSinkTests.cs(89,47): error CS0117: 'KnownLogLevels' does not contain a definition for 'Info' [E:\dev\herald\Modules\Herald.Sinks\tests\Herald.Sinks.Otlp.Tests\Herald.Sinks.Otlp.Tests.csproj::TargetFramework=net9.0]
E:\dev\herald\Modules\Herald.Sinks\tests\Herald.Sinks.Otlp.Tests\ProtobufFileLogSinkTests.cs(97,13): error CS0234: The type or namespace name 'Delete' does not exist in the namespace 'Herald.Sinks.File' (are you missing an assembly reference?) [E:\dev\herald\Modules\Herald.Sinks\tests\Herald.Sinks.Otlp.Tests\Herald.Sinks.Otlp.Tests.csproj::TargetFramework=net9.0]
E:\dev\herald\Modules\Herald.Sinks\tests\Herald.Sinks.Otlp.Tests\ProtobufFileLogSinkTests.cs(114,13): error CS0234: The type or namespace name 'Delete' does not exist in the namespace 'Herald.Sinks.File' (are you missing an assembly reference?) [E:\dev\herald\Modules\Herald.Sinks\tests\Herald.Sinks.Otlp.Tests\Herald.Sinks.Otlp.Tests.csproj::TargetFramework=net9.0]
E:\dev\herald\Modules\Herald.Sinks\tests\Herald.Sinks.Otlp.Tests\ProtobufFileLogSinkTests.cs(133,13): error CS0234: The type or namespace name 'Delete' does not exist in the namespace 'Herald.Sinks.File' (are you missing an assembly reference?) [E:\dev\herald\Modules\Herald.Sinks\tests\Herald.Sinks.Otlp.Tests\Herald.Sinks.Otlp.Tests.csproj::TargetFramework=net9.0]
E:\dev\herald\Modules\Herald.Sinks\tests\Herald.Sinks.Otlp.Tests\ProtobufFileLogSinkTests.cs(147,13): error CS0234: The type or namespace name 'Exists' does not exist in the namespace 'Herald.Sinks.File' (are you missing an assembly reference?) [E:\dev\herald\Modules\Herald.Sinks\tests\Herald.Sinks.Otlp.Tests\Herald.Sinks.Otlp.Tests.csproj::TargetFramework=net9.0]
E:\dev\herald\Modules\Herald.Sinks\tests\Herald.Sinks.Otlp.Tests\ProtobufFileLogSinkTests.cs(148,25): error CS0234: The type or namespace name 'ReadAllBytes' does not exist in the namespace 'Herald.Sinks.File' (are you missing an assembly reference?) [E:\dev\herald\Modules\Herald.Sinks\tests\Herald.Sinks.Otlp.Tests\Herald.Sinks.Otlp.Tests.csproj::TargetFramework=net9.0]
E:\dev\herald\Modules\Herald.Sinks\tests\Herald.Sinks.Otlp.Tests\ProtobufFileLogSinkTests.cs(153,13): error CS0234: The type or namespace name 'Delete' does not exist in the namespace 'Herald.Sinks.File' (are you missing an assembly reference?) [E:\dev\herald\Modules\Herald.Sinks\tests\Herald.Sinks.Otlp.Tests\Herald.Sinks.Otlp.Tests.csproj::TargetFramework=net9.0]
E:\dev\herald\Modules\Herald.Sinks\tests\Herald.Sinks.Otlp.Tests\ProtobufFileLogSinkTests.cs(199,13): error CS0234: The type or namespace name 'Delete' does not exist in the namespace 'Herald.Sinks.File' (are you missing an assembly reference?) [E:\dev\herald\Modules\Herald.Sinks\tests\Herald.Sinks.Otlp.Tests\Herald.Sinks.Otlp.Tests.csproj::TargetFramework=net9.0]
  Herald.Sinks.ElmahIo -> E:\dev\herald\Modules\Herald.Sinks\src\Herald.Sinks.ElmahIo\bin\Debug\net10.0\Herald.Sinks.ElmahIo.dll
E:\dev\herald\Modules\Herald.Sinks\tests\_shared\LogEventBuilder.cs(19,46): error CS0117: 'KnownLogLevels' does not contain a definition for 'Info' [E:\dev\herald\Modules\Herald.Sinks\tests\Herald.Sinks.Slack.Tests\Herald.Sinks.Slack.Tests.csproj::TargetFramework=net10.0]
E:\dev\herald\Modules\Herald.Sinks\tests\Herald.Sinks.Slack.Tests\SlackWebhookLogSinkTests.cs(39,39): error CS0117: 'KnownLogLevels' does not contain a definition for 'Warn' [E:\dev\herald\Modules\Herald.Sinks\tests\Herald.Sinks.Slack.Tests\Herald.Sinks.Slack.Tests.csproj::TargetFramework=net10.0]
  Herald.Sinks.GoogleCloudLogging -> E:\dev\herald\Modules\Herald.Sinks\src\Herald.Sinks.GoogleCloudLogging\bin\Debug\net10.0\Herald.Sinks.GoogleCloudLogging.dll
  Herald.Sinks.AzureBlobStorage -> E:\dev\herald\Modules\Herald.Sinks\src\Herald.Sinks.AzureBlobStorage\bin\Debug\net10.0\Herald.Sinks.AzureBlobStorage.dll
  Herald.Sinks.Loggly -> E:\dev\herald\Modules\Herald.Sinks\src\Herald.Sinks.Loggly\bin\Debug\net10.0\Herald.Sinks.Loggly.dll
  Herald.Sinks.Aliyun -> E:\dev\herald\Modules\Herald.Sinks\src\Herald.Sinks.Aliyun\bin\Debug\net10.0\Herald.Sinks.Aliyun.dll
  Herald.Sinks.Twilio -> E:\dev\herald\Modules\Herald.Sinks\src\Herald.Sinks.Twilio\bin\Debug\net10.0\Herald.Sinks.Twilio.dll
  Herald.Sinks.RabbitMQ -> E:\dev\herald\Modules\Herald.Sinks\src\Herald.Sinks.RabbitMQ\bin\Debug\net10.0\Herald.Sinks.RabbitMQ.dll
E:\dev\herald\Modules\Herald.Sinks\tests\_shared\LogEventBuilder.cs(19,46): error CS0117: 'KnownLogLevels' does not contain a definition for 'Info' [E:\dev\herald\Modules\Herald.Sinks\tests\Herald.Sinks.AzureTableStorage.Tests\Herald.Sinks.AzureTableStorage.Tests.csproj::TargetFramework=net10.0]
E:\dev\herald\Modules\Herald.Sinks\tests\_shared\LogEventBuilder.cs(19,46): error CS0117: 'KnownLogLevels' does not contain a definition for 'Info' [E:\dev\herald\Modules\Herald.Sinks\tests\Herald.Sinks.Kafka.Tests\Herald.Sinks.Kafka.Tests.csproj::TargetFramework=net9.0]
E:\dev\herald\Modules\Herald.Sinks\tests\_shared\LogEventBuilder.cs(19,46): error CS0117: 'KnownLogLevels' does not contain a definition for 'Info' [E:\dev\herald\Modules\Herald.Sinks\tests\Herald.Sinks.HttpJson.Tests\Herald.Sinks.HttpJson.Tests.csproj::TargetFramework=net10.0]
E:\dev\herald\Modules\Herald.Sinks\tests\Herald.Sinks.HttpJson.Tests\HttpJsonLogSinkTests.cs(29,69): error CS0117: 'KnownLogLevels' does not contain a definition for 'Info' [E:\dev\herald\Modules\Herald.Sinks\tests\Herald.Sinks.HttpJson.Tests\Herald.Sinks.HttpJson.Tests.csproj::TargetFramework=net10.0]
E:\dev\herald\Modules\Herald.Sinks\tests\_shared\LogEventBuilder.cs(19,46): error CS0117: 'KnownLogLevels' does not contain a definition for 'Info' [E:\dev\herald\Modules\Herald.Sinks\tests\Herald.Sinks.Couchbase.Tests\Herald.Sinks.Couchbase.Tests.csproj::TargetFramework=net9.0]
  Herald.Sinks.Rollbar -> E:\dev\herald\Modules\Herald.Sinks\src\Herald.Sinks.Rollbar\bin\Debug\net8.0\Herald.Sinks.Rollbar.dll
  Herald.Sinks.Twilio -> E:\dev\herald\Modules\Herald.Sinks\src\Herald.Sinks.Twilio\bin\Debug\net8.0\Herald.Sinks.Twilio.dll
  Herald.Sinks.SignalFx -> E:\dev\herald\Modules\Herald.Sinks\src\Herald.Sinks.SignalFx\bin\Debug\net8.0\Herald.Sinks.SignalFx.dll
  Herald.Sinks.BetterStack -> E:\dev\herald\Modules\Herald.Sinks\src\Herald.Sinks.BetterStack\bin\Debug\net8.0\Herald.Sinks.BetterStack.dll
  Herald.Sinks.Kafka -> E:\dev\herald\Modules\Herald.Sinks\src\Herald.Sinks.Kafka\bin\Debug\net8.0\Herald.Sinks.Kafka.dll
  Herald.Sinks.UdpJsonLine -> E:\dev\herald\Modules\Herald.Sinks\src\Herald.Sinks.UdpJsonLine\bin\Debug\net8.0\Herald.Sinks.UdpJsonLine.dll
E:\dev\herald\Modules\Herald.Sinks\tests\_shared\LogEventBuilder.cs(19,46): error CS0117: 'KnownLogLevels' does not contain a definition for 'Info' [E:\dev\herald\Modules\Herald.Sinks\tests\Herald.Sinks.Nats.Tests\Herald.Sinks.Nats.Tests.csproj::TargetFramework=net9.0]
E:\dev\herald\Modules\Herald.Sinks\tests\_shared\LogEventBuilder.cs(19,46): error CS0117: 'KnownLogLevels' does not contain a definition for 'Info' [E:\dev\herald\Modules\Herald.Sinks\tests\Herald.Sinks.DynamoDB.Tests\Herald.Sinks.DynamoDB.Tests.csproj::TargetFramework=net9.0]
E:\dev\herald\Modules\Herald.Sinks\tests\_shared\LogEventBuilder.cs(19,46): error CS0117: 'KnownLogLevels' does not contain a definition for 'Info' [E:\dev\herald\Modules\Herald.Sinks\tests\Herald.Sinks.ZeroMQ.Tests\Herald.Sinks.ZeroMQ.Tests.csproj::TargetFramework=net10.0]
E:\dev\herald\Modules\Herald.Sinks\tests\_shared\LogEventBuilder.cs(19,46): error CS0117: 'KnownLogLevels' does not contain a definition for 'Info' [E:\dev\herald\Modules\Herald.Sinks\tests\Herald.Sinks.GenericWebhook.Tests\Herald.Sinks.GenericWebhook.Tests.csproj::TargetFramework=net10.0]
E:\dev\herald\Modules\Herald.Sinks\tests\_shared\LogEventBuilder.cs(19,46): error CS0117: 'KnownLogLevels' does not contain a definition for 'Info' [E:\dev\herald\Modules\Herald.Sinks\tests\Herald.Sinks.Loki.Tests\Herald.Sinks.Loki.Tests.csproj::TargetFramework=net9.0]
E:\dev\herald\Modules\Herald.Sinks\tests\Herald.Sinks.Loki.Tests\LokiLogSinkTests.cs(31,39): error CS0117: 'KnownLogLevels' does not contain a definition for 'Warn' [E:\dev\herald\Modules\Herald.Sinks\tests\Herald.Sinks.Loki.Tests\Herald.Sinks.Loki.Tests.csproj::TargetFramework=net9.0]
E:\dev\herald\Modules\Herald.Sinks\tests\Herald.Sinks.Loki.Tests\LokiLogSinkTests.cs(148,63): error CS0117: 'KnownLogLevels' does not contain a definition for 'Info' [E:\dev\herald\Modules\Herald.Sinks\tests\Herald.Sinks.Loki.Tests\Herald.Sinks.Loki.Tests.csproj::TargetFramework=net9.0]
E:\dev\herald\Modules\Herald.Sinks\tests\Herald.Sinks.Loki.Tests\LokiLogSinkTests.cs(149,63): error CS0117: 'KnownLogLevels' does not contain a definition for 'Warn' [E:\dev\herald\Modules\Herald.Sinks\tests\Herald.Sinks.Loki.Tests\Herald.Sinks.Loki.Tests.csproj::TargetFramework=net9.0]
E:\dev\herald\Modules\Herald.Sinks\tests\Herald.Sinks.Loki.Tests\LokiLogSinkTests.cs(150,63): error CS0117: 'KnownLogLevels' does not contain a definition for 'Info' [E:\dev\herald\Modules\Herald.Sinks\tests\Herald.Sinks.Loki.Tests\Herald.Sinks.Loki.Tests.csproj::TargetFramework=net9.0]
  Herald.Sinks.Cassandra -> E:\dev\herald\Modules\Herald.Sinks\src\Herald.Sinks.Cassandra\bin\Debug\net8.0\Herald.Sinks.Cassandra.dll
E:\dev\herald\Modules\Herald.Sinks\tests\_shared\LogEventBuilder.cs(19,46): error CS0117: 'KnownLogLevels' does not contain a definition for 'Info' [E:\dev\herald\Modules\Herald.Sinks\tests\Herald.Sinks.UdpJsonLine.Tests\Herald.Sinks.UdpJsonLine.Tests.csproj::TargetFramework=net9.0]
  Herald.Sinks.Couchbase -> E:\dev\herald\Modules\Herald.Sinks\src\Herald.Sinks.Couchbase\bin\Debug\net8.0\Herald.Sinks.Couchbase.dll
  Herald.Sinks.ClickHouse -> E:\dev\herald\Modules\Herald.Sinks\src\Herald.Sinks.ClickHouse\bin\Debug\net8.0\Herald.Sinks.ClickHouse.dll
  Herald.Sinks.NewRelicLogs -> E:\dev\herald\Modules\Herald.Sinks\src\Herald.Sinks.NewRelicLogs\bin\Debug\net8.0\Herald.Sinks.NewRelicLogs.dll
  Herald.Sinks.Datadog -> E:\dev\herald\Modules\Herald.Sinks\src\Herald.Sinks.Datadog\bin\Debug\net8.0\Herald.Sinks.Datadog.dll
  Herald.Sinks.Graylog -> E:\dev\herald\Modules\Herald.Sinks\src\Herald.Sinks.Graylog\bin\Debug\net8.0\Herald.Sinks.Graylog.dll
  Herald.Sinks.PostgreSQL -> E:\dev\herald\Modules\Herald.Sinks\src\Herald.Sinks.PostgreSQL\bin\Debug\net8.0\Herald.Sinks.PostgreSQL.dll
  Herald.Sinks.HttpJson -> E:\dev\herald\Modules\Herald.Sinks\src\Herald.Sinks.HttpJson\bin\Debug\net8.0\Herald.Sinks.HttpJson.dll
  Herald.Sinks.TcpJsonLine -> E:\dev\herald\Modules\Herald.Sinks\src\Herald.Sinks.TcpJsonLine\bin\Debug\net8.0\Herald.Sinks.TcpJsonLine.dll
  Herald.Sinks.LogzIo -> E:\dev\herald\Modules\Herald.Sinks\src\Herald.Sinks.LogzIo\bin\Debug\net10.0\Herald.Sinks.LogzIo.dll
  Herald.Sinks.DynamoDB -> E:\dev\herald\Modules\Herald.Sinks\src\Herald.Sinks.DynamoDB\bin\Debug\net8.0\Herald.Sinks.DynamoDB.dll
  Herald.Sinks.Seq -> E:\dev\herald\Modules\Herald.Sinks\src\Herald.Sinks.Seq\bin\Debug\net10.0\Herald.Sinks.Seq.dll
  Herald.Sinks.Mezmo -> E:\dev\herald\Modules\Herald.Sinks\src\Herald.Sinks.Mezmo\bin\Debug\net8.0\Herald.Sinks.Mezmo.dll
  Herald.Sinks.MSSqlServer -> E:\dev\herald\Modules\Herald.Sinks\src\Herald.Sinks.MSSqlServer\bin\Debug\net8.0\Herald.Sinks.MSSqlServer.dll
  Herald.Sinks.Nats -> E:\dev\herald\Modules\Herald.Sinks\src\Herald.Sinks.Nats\bin\Debug\net10.0\Herald.Sinks.Nats.dll
  Herald.Sinks.Syslog -> E:\dev\herald\Modules\Herald.Sinks\src\Herald.Sinks.Syslog\bin\Debug\net10.0\Herald.Sinks.Syslog.dll
  Herald.Sinks.Discord -> E:\dev\herald\Modules\Herald.Sinks\src\Herald.Sinks.Discord\bin\Debug\net8.0\Herald.Sinks.Discord.dll
  Herald.Sinks.TcpJsonLine -> E:\dev\herald\Modules\Herald.Sinks\src\Herald.Sinks.TcpJsonLine\bin\Debug\net10.0\Herald.Sinks.TcpJsonLine.dll
  Herald.Sinks.ApplicationInsightsSdk -> E:\dev\herald\Modules\Herald.Sinks\src\Herald.Sinks.ApplicationInsightsSdk\bin\Debug\net10.0\Herald.Sinks.ApplicationInsightsSdk.dll
E:\dev\herald\Modules\Herald.Sinks\src\Herald.Sinks.Parquet\ParquetLogSink.cs(102,34): error CS0234: The type or namespace name 'Create' does not exist in the namespace 'Herald.Sinks.File' (are you missing an assembly reference?) [E:\dev\herald\Modules\Herald.Sinks\src\Herald.Sinks.Parquet\Herald.Sinks.Parquet.csproj::TargetFramework=net8.0]
  Herald.Sinks.AzureAnalytics -> E:\dev\herald\Modules\Herald.Sinks\src\Herald.Sinks.AzureAnalytics\bin\Debug\net8.0\Herald.Sinks.AzureAnalytics.dll
  Herald.Sinks.Elasticsearch -> E:\dev\herald\Modules\Herald.Sinks\src\Herald.Sinks.Elasticsearch\bin\Debug\net8.0\Herald.Sinks.Elasticsearch.dll
  Herald.Sinks.AmazonS3 -> E:\dev\herald\Modules\Herald.Sinks\src\Herald.Sinks.AmazonS3\bin\Debug\net8.0\Herald.Sinks.AmazonS3.dll
  Herald.Sinks.Raygun -> E:\dev\herald\Modules\Herald.Sinks\src\Herald.Sinks.Raygun\bin\Debug\net8.0\Herald.Sinks.Raygun.dll
  Herald.Sinks.AzureBlobStorage -> E:\dev\herald\Modules\Herald.Sinks\src\Herald.Sinks.AzureBlobStorage\bin\Debug\net8.0\Herald.Sinks.AzureBlobStorage.dll
  Herald.Sinks.Sqs -> E:\dev\herald\Modules\Herald.Sinks\src\Herald.Sinks.Sqs\bin\Debug\net8.0\Herald.Sinks.Sqs.dll
  Herald.Sinks.SQLite -> E:\dev\herald\Modules\Herald.Sinks\src\Herald.Sinks.SQLite\bin\Debug\net8.0\Herald.Sinks.SQLite.dll
  Herald.Sinks.Nats -> E:\dev\herald\Modules\Herald.Sinks\src\Herald.Sinks.Nats\bin\Debug\net8.0\Herald.Sinks.Nats.dll
  Herald.Sinks.Seq -> E:\dev\herald\Modules\Herald.Sinks\src\Herald.Sinks.Seq\bin\Debug\net8.0\Herald.Sinks.Seq.dll
  Herald.Sinks.MongoDB -> E:\dev\herald\Modules\Herald.Sinks\src\Herald.Sinks.MongoDB\bin\Debug\net8.0\Herald.Sinks.MongoDB.dll
  Herald.Sinks.GenericWebhook -> E:\dev\herald\Modules\Herald.Sinks\src\Herald.Sinks.GenericWebhook\bin\Debug\net8.0\Herald.Sinks.GenericWebhook.dll
E:\dev\herald\Modules\Herald.Sinks\tests\_shared\LogEventBuilder.cs(19,46): error CS0117: 'KnownLogLevels' does not contain a definition for 'Info' [E:\dev\herald\Modules\Herald.Sinks\tests\Herald.Sinks.Bugsnag.Tests\Herald.Sinks.Bugsnag.Tests.csproj::TargetFramework=net10.0]
  Herald.Sinks.BigQuery -> E:\dev\herald\Modules\Herald.Sinks\src\Herald.Sinks.BigQuery\bin\Debug\net10.0\Herald.Sinks.BigQuery.dll
  Herald.Sinks.Coralogix -> E:\dev\herald\Modules\Herald.Sinks\src\Herald.Sinks.Coralogix\bin\Debug\net8.0\Herald.Sinks.Coralogix.dll
  Herald.Sinks.Mqtt -> E:\dev\herald\Modules\Herald.Sinks\src\Herald.Sinks.Mqtt\bin\Debug\net8.0\Herald.Sinks.Mqtt.dll
E:\dev\herald\Modules\Herald.Sinks\tests\_shared\LogEventBuilder.cs(19,46): error CS0117: 'KnownLogLevels' does not contain a definition for 'Info' [E:\dev\herald\Modules\Herald.Sinks\tests\Herald.Sinks.SQLite.Tests\Herald.Sinks.SQLite.Tests.csproj::TargetFramework=net10.0]
E:\dev\herald\Modules\Herald.Sinks\tests\Herald.Sinks.SQLite.Tests\SQLiteLogSinkTests.cs(42,39): error CS0117: 'KnownLogLevels' does not contain a definition for 'Warn' [E:\dev\herald\Modules\Herald.Sinks\tests\Herald.Sinks.SQLite.Tests\Herald.Sinks.SQLite.Tests.csproj::TargetFramework=net10.0]
  Herald.Sinks.ApplicationInsightsHttp -> E:\dev\herald\Modules\Herald.Sinks\src\Herald.Sinks.ApplicationInsightsHttp\bin\Debug\net8.0\Herald.Sinks.ApplicationInsightsHttp.dll
  Herald.Sinks.MicrosoftTeams -> E:\dev\herald\Modules\Herald.Sinks\src\Herald.Sinks.MicrosoftTeams\bin\Debug\net8.0\Herald.Sinks.MicrosoftTeams.dll
  Herald.Sinks.GoogleCloudLogging -> E:\dev\herald\Modules\Herald.Sinks\src\Herald.Sinks.GoogleCloudLogging\bin\Debug\net8.0\Herald.Sinks.GoogleCloudLogging.dll
  Herald.Sinks.ElmahIo -> E:\dev\herald\Modules\Herald.Sinks\src\Herald.Sinks.ElmahIo\bin\Debug\net8.0\Herald.Sinks.ElmahIo.dll
E:\dev\herald\Modules\Herald.Sinks\tests\_shared\LogEventBuilder.cs(19,46): error CS0117: 'KnownLogLevels' does not contain a definition for 'Info' [E:\dev\herald\Modules\Herald.Sinks\tests\Herald.Sinks.MSSqlServer.Tests\Herald.Sinks.MSSqlServer.Tests.csproj::TargetFramework=net10.0]
  Herald.Sinks.BigQuery -> E:\dev\herald\Modules\Herald.Sinks\src\Herald.Sinks.BigQuery\bin\Debug\net8.0\Herald.Sinks.BigQuery.dll
  Herald.Sinks.Splunk -> E:\dev\herald\Modules\Herald.Sinks\src\Herald.Sinks.Splunk\bin\Debug\net8.0\Herald.Sinks.Splunk.dll
  Herald.Sinks.RabbitMQ -> E:\dev\herald\Modules\Herald.Sinks\src\Herald.Sinks.RabbitMQ\bin\Debug\net8.0\Herald.Sinks.RabbitMQ.dll
E:\dev\herald\Modules\Herald.Sinks\tests\_shared\LogEventBuilder.cs(19,46): error CS0117: 'KnownLogLevels' does not contain a definition for 'Info' [E:\dev\herald\Modules\Herald.Sinks\tests\Herald.Sinks.Mezmo.Tests\Herald.Sinks.Mezmo.Tests.csproj::TargetFramework=net10.0]
  Herald.Sinks.Kinesis -> E:\dev\herald\Modules\Herald.Sinks\src\Herald.Sinks.Kinesis\bin\Debug\net8.0\Herald.Sinks.Kinesis.dll
E:\dev\herald\Modules\Herald.Sinks\tests\_shared\LogEventBuilder.cs(19,46): error CS0117: 'KnownLogLevels' does not contain a definition for 'Info' [E:\dev\herald\Modules\Herald.Sinks\tests\Herald.Sinks.GoogleCloudLogging.Tests\Herald.Sinks.GoogleCloudLogging.Tests.csproj::TargetFramework=net10.0]
  Herald.Sinks.Axiom -> E:\dev\herald\Modules\Herald.Sinks\src\Herald.Sinks.Axiom\bin\Debug\net8.0\Herald.Sinks.Axiom.dll
  Herald.Sinks.AwsCloudWatch -> E:\dev\herald\Modules\Herald.Sinks\src\Herald.Sinks.AwsCloudWatch\bin\Debug\net10.0\Herald.Sinks.AwsCloudWatch.dll
  Herald.Sinks.AmazonS3 -> E:\dev\herald\Modules\Herald.Sinks\src\Herald.Sinks.AmazonS3\bin\Debug\net10.0\Herald.Sinks.AmazonS3.dll
  Herald.Sinks.LogzIo -> E:\dev\herald\Modules\Herald.Sinks\src\Herald.Sinks.LogzIo\bin\Debug\net8.0\Herald.Sinks.LogzIo.dll
  Herald.Sinks.AzureLogAnalyticsDcr -> E:\dev\herald\Modules\Herald.Sinks\src\Herald.Sinks.AzureLogAnalyticsDcr\bin\Debug\net8.0\Herald.Sinks.AzureLogAnalyticsDcr.dll
  Herald.Sinks.GoogleCloudPubSub -> E:\dev\herald\Modules\Herald.Sinks\src\Herald.Sinks.GoogleCloudPubSub\bin\Debug\net8.0\Herald.Sinks.GoogleCloudPubSub.dll
  Herald.Sinks.Cassandra -> E:\dev\herald\Modules\Herald.Sinks\src\Herald.Sinks.Cassandra\bin\Debug\net10.0\Herald.Sinks.Cassandra.dll
  Herald.Sinks.OpenSearch -> E:\dev\herald\Modules\Herald.Sinks\src\Herald.Sinks.OpenSearch\bin\Debug\net8.0\Herald.Sinks.OpenSearch.dll
E:\dev\herald\Modules\Herald.Sinks\tests\_shared\LogEventBuilder.cs(19,46): error CS0117: 'KnownLogLevels' does not contain a definition for 'Info' [E:\dev\herald\Modules\Herald.Sinks\tests\Herald.Sinks.Honeycomb.Tests\Herald.Sinks.Honeycomb.Tests.csproj::TargetFramework=net10.0]
E:\dev\herald\Modules\Herald.Sinks\tests\Herald.Sinks.Honeycomb.Tests\HoneycombLogSinkTests.cs(31,39): error CS0117: 'KnownLogLevels' does not contain a definition for 'Warn' [E:\dev\herald\Modules\Herald.Sinks\tests\Herald.Sinks.Honeycomb.Tests\Herald.Sinks.Honeycomb.Tests.csproj::TargetFramework=net10.0]
E:\dev\herald\Modules\Herald.Sinks\tests\_shared\LogEventBuilder.cs(19,46): error CS0117: 'KnownLogLevels' does not contain a definition for 'Info' [E:\dev\herald\Modules\Herald.Sinks\tests\Herald.Sinks.Mqtt.Tests\Herald.Sinks.Mqtt.Tests.csproj::TargetFramework=net10.0]
  Herald.Sinks.Loggly -> E:\dev\herald\Modules\Herald.Sinks\src\Herald.Sinks.Loggly\bin\Debug\net8.0\Herald.Sinks.Loggly.dll
  Herald.Sinks.Syslog -> E:\dev\herald\Modules\Herald.Sinks\src\Herald.Sinks.Syslog\bin\Debug\net8.0\Herald.Sinks.Syslog.dll
  Herald.Sinks.AzureServiceBus -> E:\dev\herald\Modules\Herald.Sinks\src\Herald.Sinks.AzureServiceBus\bin\Debug\net8.0\Herald.Sinks.AzureServiceBus.dll
E:\dev\herald\Modules\Herald.Sinks\tests\_shared\LogEventBuilder.cs(19,46): error CS0117: 'KnownLogLevels' does not contain a definition for 'Info' [E:\dev\herald\Modules\Herald.Sinks\tests\Herald.Sinks.XUnit.Tests\Herald.Sinks.XUnit.Tests.csproj::TargetFramework=net8.0]
E:\dev\herald\Modules\Herald.Sinks\tests\Herald.Sinks.XUnit.Tests\XUnitLogSinkTests.cs(29,39): error CS0117: 'KnownLogLevels' does not contain a definition for 'Warn' [E:\dev\herald\Modules\Herald.Sinks\tests\Herald.Sinks.XUnit.Tests\Herald.Sinks.XUnit.Tests.csproj::TargetFramework=net8.0]
  Herald.Sinks.Stackify -> E:\dev\herald\Modules\Herald.Sinks\src\Herald.Sinks.Stackify\bin\Debug\net8.0\Herald.Sinks.Stackify.dll
  Herald.Sinks.Sentry -> E:\dev\herald\Modules\Herald.Sinks\src\Herald.Sinks.Sentry\bin\Debug\net8.0\Herald.Sinks.Sentry.dll
  Herald.Sinks.ZeroMQ -> E:\dev\herald\Modules\Herald.Sinks\src\Herald.Sinks.ZeroMQ\bin\Debug\net8.0\Herald.Sinks.ZeroMQ.dll
  Herald.Sinks.RedisList -> E:\dev\herald\Modules\Herald.Sinks\src\Herald.Sinks.RedisList\bin\Debug\net8.0\Herald.Sinks.RedisList.dll
  Herald.Sinks.AzureTableStorage -> E:\dev\herald\Modules\Herald.Sinks\src\Herald.Sinks.AzureTableStorage\bin\Debug\net8.0\Herald.Sinks.AzureTableStorage.dll
  Herald.Sinks.AzureEventHub -> E:\dev\herald\Modules\Herald.Sinks\src\Herald.Sinks.AzureEventHub\bin\Debug\net8.0\Herald.Sinks.AzureEventHub.dll
  Herald.Sinks.Loki -> E:\dev\herald\Modules\Herald.Sinks\src\Herald.Sinks.Loki\bin\Debug\net8.0\Herald.Sinks.Loki.dll
  Herald.Sinks.Otlp -> E:\dev\herald\Modules\Herald.Sinks\src\Herald.Sinks.Otlp\bin\Debug\net8.0\Herald.Sinks.Otlp.dll
  Herald.Sinks.GoogleCloudPubSub -> E:\dev\herald\Modules\Herald.Sinks\src\Herald.Sinks.GoogleCloudPubSub\bin\Debug\net10.0\Herald.Sinks.GoogleCloudPubSub.dll
  Herald.Sinks.Slack -> E:\dev\herald\Modules\Herald.Sinks\src\Herald.Sinks.Slack\bin\Debug\net8.0\Herald.Sinks.Slack.dll
  Herald.Sinks.RavenDB -> E:\dev\herald\Modules\Herald.Sinks\src\Herald.Sinks.RavenDB\bin\Debug\net8.0\Herald.Sinks.RavenDB.dll
  Herald.Sinks.Redis -> E:\dev\herald\Modules\Herald.Sinks\src\Herald.Sinks.Redis\bin\Debug\net8.0\Herald.Sinks.Redis.dll
  Herald.Sinks.Pulsar -> E:\dev\herald\Modules\Herald.Sinks\src\Herald.Sinks.Pulsar\bin\Debug\net8.0\Herald.Sinks.Pulsar.dll
  Herald.Sinks.Honeycomb -> E:\dev\herald\Modules\Herald.Sinks\src\Herald.Sinks.Honeycomb\bin\Debug\net8.0\Herald.Sinks.Honeycomb.dll
E:\dev\herald\Modules\Herald.Sinks\tests\_shared\LogEventBuilder.cs(19,46): error CS0117: 'KnownLogLevels' does not contain a definition for 'Info' [E:\dev\herald\Modules\Herald.Sinks\tests\Herald.Sinks.ClickHouse.Tests\Herald.Sinks.ClickHouse.Tests.csproj::TargetFramework=net8.0]
  Herald.Sinks.Coralogix -> E:\dev\herald\Modules\Herald.Sinks\src\Herald.Sinks.Coralogix\bin\Debug\net10.0\Herald.Sinks.Coralogix.dll
E:\dev\herald\Modules\Herald.Sinks\tests\_shared\LogEventBuilder.cs(19,46): error CS0117: 'KnownLogLevels' does not contain a definition for 'Info' [E:\dev\herald\Modules\Herald.Sinks\tests\Herald.Sinks.UdpJsonLine.Tests\Herald.Sinks.UdpJsonLine.Tests.csproj::TargetFramework=net8.0]
E:\dev\herald\Modules\Herald.Sinks\tests\_shared\LogEventBuilder.cs(19,46): error CS0117: 'KnownLogLevels' does not contain a definition for 'Info' [E:\dev\herald\Modules\Herald.Sinks\tests\Herald.Sinks.Discord.Tests\Herald.Sinks.Discord.Tests.csproj::TargetFramework=net8.0]
E:\dev\herald\Modules\Herald.Sinks\tests\_shared\LogEventBuilder.cs(19,46): error CS0117: 'KnownLogLevels' does not contain a definition for 'Info' [E:\dev\herald\Modules\Herald.Sinks\tests\Herald.Sinks.Datadog.Tests\Herald.Sinks.Datadog.Tests.csproj::TargetFramework=net8.0]
E:\dev\herald\Modules\Herald.Sinks\tests\Herald.Sinks.Datadog.Tests\DatadogLogSinkTests.cs(32,39): error CS0117: 'KnownLogLevels' does not contain a definition for 'Warn' [E:\dev\herald\Modules\Herald.Sinks\tests\Herald.Sinks.Datadog.Tests\Herald.Sinks.Datadog.Tests.csproj::TargetFramework=net8.0]
E:\dev\herald\Modules\Herald.Sinks\tests\_shared\LogEventBuilder.cs(19,46): error CS0117: 'KnownLogLevels' does not contain a definition for 'Info' [E:\dev\herald\Modules\Herald.Sinks\tests\Herald.Sinks.Seq.Tests\Herald.Sinks.Seq.Tests.csproj::TargetFramework=net8.0]
E:\dev\herald\Modules\Herald.Sinks\tests\Herald.Sinks.Seq.Tests\SeqLogSinkTests.cs(85,68): error CS0117: 'KnownLogLevels' does not contain a definition for 'Info' [E:\dev\herald\Modules\Herald.Sinks\tests\Herald.Sinks.Seq.Tests\Herald.Sinks.Seq.Tests.csproj::TargetFramework=net8.0]
E:\dev\herald\Modules\Herald.Sinks\tests\_shared\LogEventBuilder.cs(19,46): error CS0117: 'KnownLogLevels' does not contain a definition for 'Info' [E:\dev\herald\Modules\Herald.Sinks\tests\Herald.Sinks.MicrosoftTeams.Tests\Herald.Sinks.MicrosoftTeams.Tests.csproj::TargetFramework=net8.0]
E:\dev\herald\Modules\Herald.Sinks\tests\_shared\LogEventBuilder.cs(19,46): error CS0117: 'KnownLogLevels' does not contain a definition for 'Info' [E:\dev\herald\Modules\Herald.Sinks\tests\Herald.Sinks.BigQuery.Tests\Herald.Sinks.BigQuery.Tests.csproj::TargetFramework=net8.0]
  Herald.Sinks.Dynatrace -> E:\dev\herald\Modules\Herald.Sinks\src\Herald.Sinks.Dynatrace\bin\Debug\net8.0\Herald.Sinks.Dynatrace.dll
E:\dev\herald\Modules\Herald.Sinks\tests\_shared\LogEventBuilder.cs(19,46): error CS0117: 'KnownLogLevels' does not contain a definition for 'Info' [E:\dev\herald\Modules\Herald.Sinks\tests\Herald.Sinks.AzureLogAnalyticsDcr.Tests\Herald.Sinks.AzureLogAnalyticsDcr.Tests.csproj::TargetFramework=net10.0]
  Herald.Sinks.ApplicationInsightsSdk -> E:\dev\herald\Modules\Herald.Sinks\src\Herald.Sinks.ApplicationInsightsSdk\bin\Debug\net8.0\Herald.Sinks.ApplicationInsightsSdk.dll
E:\dev\herald\Modules\Herald.Sinks\tests\_shared\LogEventBuilder.cs(19,46): error CS0117: 'KnownLogLevels' does not contain a definition for 'Info' [E:\dev\herald\Modules\Herald.Sinks\tests\Herald.Sinks.Cassandra.Tests\Herald.Sinks.Cassandra.Tests.csproj::TargetFramework=net8.0]
  Herald.Sinks.SumoLogic -> E:\dev\herald\Modules\Herald.Sinks\src\Herald.Sinks.SumoLogic\bin\Debug\net8.0\Herald.Sinks.SumoLogic.dll
E:\dev\herald\Modules\Herald.Sinks\tests\_shared\LogEventBuilder.cs(19,46): error CS0117: 'KnownLogLevels' does not contain a definition for 'Info' [E:\dev\herald\Modules\Herald.Sinks\tests\Herald.Sinks.RedisList.Tests\Herald.Sinks.RedisList.Tests.csproj::TargetFramework=net10.0]
  Herald.Sinks.PagerDuty -> E:\dev\herald\Modules\Herald.Sinks\src\Herald.Sinks.PagerDuty\bin\Debug\net8.0\Herald.Sinks.PagerDuty.dll
  Herald.Sinks.Aliyun -> E:\dev\herald\Modules\Herald.Sinks\src\Herald.Sinks.Aliyun\bin\Debug\net8.0\Herald.Sinks.Aliyun.dll
E:\dev\herald\Modules\Herald.Sinks\tests\_shared\LogEventBuilder.cs(19,46): error CS0117: 'KnownLogLevels' does not contain a definition for 'Info' [E:\dev\herald\Modules\Herald.Sinks\tests\Herald.Sinks.Nats.Tests\Herald.Sinks.Nats.Tests.csproj::TargetFramework=net8.0]
  Herald.Sinks.OpenSearch -> E:\dev\herald\Modules\Herald.Sinks\src\Herald.Sinks.OpenSearch\bin\Debug\net10.0\Herald.Sinks.OpenSearch.dll
  Herald.Sinks.Raygun -> E:\dev\herald\Modules\Herald.Sinks\src\Herald.Sinks.Raygun\bin\Debug\net10.0\Herald.Sinks.Raygun.dll
  Herald.Sinks.AwsCloudWatch -> E:\dev\herald\Modules\Herald.Sinks\src\Herald.Sinks.AwsCloudWatch\bin\Debug\net8.0\Herald.Sinks.AwsCloudWatch.dll
  Herald.Sinks.Exceptionless -> E:\dev\herald\Modules\Herald.Sinks\src\Herald.Sinks.Exceptionless\bin\Debug\net8.0\Herald.Sinks.Exceptionless.dll
  Herald.Sinks.MySQL -> E:\dev\herald\Modules\Herald.Sinks\src\Herald.Sinks.MySQL\bin\Debug\net8.0\Herald.Sinks.MySQL.dll
E:\dev\herald\Modules\Herald.Sinks\tests\_shared\LogEventBuilder.cs(19,46): error CS0117: 'KnownLogLevels' does not contain a definition for 'Info' [E:\dev\herald\Modules\Herald.Sinks\tests\Herald.Sinks.ZeroMQ.Tests\Herald.Sinks.ZeroMQ.Tests.csproj::TargetFramework=net8.0]
E:\dev\herald\Modules\Herald.Sinks\tests\_shared\LogEventBuilder.cs(19,46): error CS0117: 'KnownLogLevels' does not contain a definition for 'Info' [E:\dev\herald\Modules\Herald.Sinks\tests\Herald.Sinks.SignalFx.Tests\Herald.Sinks.SignalFx.Tests.csproj::TargetFramework=net8.0]
E:\dev\herald\Modules\Herald.Sinks\tests\Herald.Sinks.SignalFx.Tests\SignalFxLogSinkTests.cs(31,39): error CS0117: 'KnownLogLevels' does not contain a definition for 'Warn' [E:\dev\herald\Modules\Herald.Sinks\tests\Herald.Sinks.SignalFx.Tests\Herald.Sinks.SignalFx.Tests.csproj::TargetFramework=net8.0]
E:\dev\herald\Modules\Herald.Sinks\tests\_shared\LogEventBuilder.cs(19,46): error CS0117: 'KnownLogLevels' does not contain a definition for 'Info' [E:\dev\herald\Modules\Herald.Sinks\tests\Herald.Sinks.Couchbase.Tests\Herald.Sinks.Couchbase.Tests.csproj::TargetFramework=net8.0]
  Herald.Sinks.Pulsar -> E:\dev\herald\Modules\Herald.Sinks\src\Herald.Sinks.Pulsar\bin\Debug\net10.0\Herald.Sinks.Pulsar.dll
E:\dev\herald\Modules\Herald.Sinks\tests\_shared\LogEventBuilder.cs(19,46): error CS0117: 'KnownLogLevels' does not contain a definition for 'Info' [E:\dev\herald\Modules\Herald.Sinks\tests\Herald.Sinks.MSSqlServer.Tests\Herald.Sinks.MSSqlServer.Tests.csproj::TargetFramework=net8.0]
E:\dev\herald\Modules\Herald.Sinks\tests\_shared\LogEventBuilder.cs(19,46): error CS0117: 'KnownLogLevels' does not contain a definition for 'Info' [E:\dev\herald\Modules\Herald.Sinks\tests\Herald.Sinks.AzureCosmosDB.Tests\Herald.Sinks.AzureCosmosDB.Tests.csproj::TargetFramework=net10.0]
E:\dev\herald\Modules\Herald.Sinks\tests\_shared\LogEventBuilder.cs(19,46): error CS0117: 'KnownLogLevels' does not contain a definition for 'Info' [E:\dev\herald\Modules\Herald.Sinks\tests\Herald.Sinks.RavenDB.Tests\Herald.Sinks.RavenDB.Tests.csproj::TargetFramework=net10.0]
E:\dev\herald\Modules\Herald.Sinks\tests\_shared\LogEventBuilder.cs(19,46): error CS0117: 'KnownLogLevels' does not contain a definition for 'Info' [E:\dev\herald\Modules\Herald.Sinks\tests\Herald.Sinks.MongoDB.Tests\Herald.Sinks.MongoDB.Tests.csproj::TargetFramework=net8.0]
  Herald.Sinks.Stackify -> E:\dev\herald\Modules\Herald.Sinks\src\Herald.Sinks.Stackify\bin\Debug\net10.0\Herald.Sinks.Stackify.dll
E:\dev\herald\Modules\Herald.Sinks\tests\_shared\LogEventBuilder.cs(19,46): error CS0117: 'KnownLogLevels' does not contain a definition for 'Info' [E:\dev\herald\Modules\Herald.Sinks\tests\Herald.Sinks.BetterStack.Tests\Herald.Sinks.BetterStack.Tests.csproj::TargetFramework=net8.0]
E:\dev\herald\Modules\Herald.Sinks\tests\_shared\LogEventBuilder.cs(19,46): error CS0117: 'KnownLogLevels' does not contain a definition for 'Info' [E:\dev\herald\Modules\Herald.Sinks\tests\Herald.Sinks.AzureBlobStorage.Tests\Herald.Sinks.AzureBlobStorage.Tests.csproj::TargetFramework=net10.0]
E:\dev\herald\Modules\Herald.Sinks\tests\_shared\LogEventBuilder.cs(19,46): error CS0117: 'KnownLogLevels' does not contain a definition for 'Info' [E:\dev\herald\Modules\Herald.Sinks\tests\Herald.Sinks.Rollbar.Tests\Herald.Sinks.Rollbar.Tests.csproj::TargetFramework=net8.0]
E:\dev\herald\Modules\Herald.Sinks\tests\_shared\LogEventBuilder.cs(19,46): error CS0117: 'KnownLogLevels' does not contain a definition for 'Info' [E:\dev\herald\Modules\Herald.Sinks\tests\Herald.Sinks.Syslog.Tests\Herald.Sinks.Syslog.Tests.csproj::TargetFramework=net8.0]
E:\dev\herald\Modules\Herald.Sinks\tests\Herald.Sinks.Syslog.Tests\SyslogMessageBuilderTests.cs(30,89): error CS0117: 'KnownLogLevels' does not contain a definition for 'Info' [E:\dev\herald\Modules\Herald.Sinks\tests\Herald.Sinks.Syslog.Tests\Herald.Sinks.Syslog.Tests.csproj::TargetFramework=net8.0]
E:\dev\herald\Modules\Herald.Sinks\tests\Herald.Sinks.Syslog.Tests\SyslogMessageBuilderTests.cs(105,39): error CS0117: 'KnownLogLevels' does not contain a definition for 'Trace' [E:\dev\herald\Modules\Herald.Sinks\tests\Herald.Sinks.Syslog.Tests\Herald.Sinks.Syslog.Tests.csproj::TargetFramework=net8.0]
E:\dev\herald\Modules\Herald.Sinks\tests\Herald.Sinks.Syslog.Tests\SyslogMessageBuilderTests.cs(107,38): error CS0117: 'KnownLogLevels' does not contain a definition for 'Info' [E:\dev\herald\Modules\Herald.Sinks\tests\Herald.Sinks.Syslog.Tests\Herald.Sinks.Syslog.Tests.csproj::TargetFramework=net8.0]
E:\dev\herald\Modules\Herald.Sinks\tests\Herald.Sinks.Syslog.Tests\SyslogMessageBuilderTests.cs(109,38): error CS0117: 'KnownLogLevels' does not contain a definition for 'Warn' [E:\dev\herald\Modules\Herald.Sinks\tests\Herald.Sinks.Syslog.Tests\Herald.Sinks.Syslog.Tests.csproj::TargetFramework=net8.0]
E:\dev\herald\Modules\Herald.Sinks\tests\Herald.Sinks.Syslog.Tests\SyslogMessageBuilderTests.cs(111,42): error CS0117: 'KnownLogLevels' does not contain a definition for 'Critical' [E:\dev\herald\Modules\Herald.Sinks\tests\Herald.Sinks.Syslog.Tests\Herald.Sinks.Syslog.Tests.csproj::TargetFramework=net8.0]
E:\dev\herald\Modules\Herald.Sinks\tests\Herald.Sinks.Syslog.Tests\SyslogMessageBuilderTests.cs(132,89): error CS0117: 'KnownLogLevels' does not contain a definition for 'Info' [E:\dev\herald\Modules\Herald.Sinks\tests\Herald.Sinks.Syslog.Tests\Herald.Sinks.Syslog.Tests.csproj::TargetFramework=net8.0]
E:\dev\herald\Modules\Herald.Sinks\tests\Herald.Sinks.Syslog.Tests\SyslogSinkRuntimeConfigTests.cs(221,39): error CS0117: 'KnownLogLevels' does not contain a definition for 'Info' [E:\dev\herald\Modules\Herald.Sinks\tests\Herald.Sinks.Syslog.Tests\Herald.Sinks.Syslog.Tests.csproj::TargetFramework=net8.0]
E:\dev\herald\Modules\Herald.Sinks\tests\_shared\LogEventBuilder.cs(19,46): error CS0117: 'KnownLogLevels' does not contain a definition for 'Info' [E:\dev\herald\Modules\Herald.Sinks\tests\Herald.Sinks.Mezmo.Tests\Herald.Sinks.Mezmo.Tests.csproj::TargetFramework=net9.0]
E:\dev\herald\Modules\Herald.Sinks\tests\_shared\LogEventBuilder.cs(19,46): error CS0117: 'KnownLogLevels' does not contain a definition for 'Info' [E:\dev\herald\Modules\Herald.Sinks\tests\Herald.Sinks.Graylog.Tests\Herald.Sinks.Graylog.Tests.csproj::TargetFramework=net8.0]
E:\dev\herald\Modules\Herald.Sinks\tests\Herald.Sinks.Graylog.Tests\GraylogMessageBuilderTests.cs(23,39): error CS0117: 'KnownLogLevels' does not contain a definition for 'Warn' [E:\dev\herald\Modules\Herald.Sinks\tests\Herald.Sinks.Graylog.Tests\Herald.Sinks.Graylog.Tests.csproj::TargetFramework=net8.0]
E:\dev\herald\Modules\Herald.Sinks\tests\Herald.Sinks.Graylog.Tests\GraylogMessageBuilderTests.cs(50,39): error CS0117: 'KnownLogLevels' does not contain a definition for 'Trace' [E:\dev\herald\Modules\Herald.Sinks\tests\Herald.Sinks.Graylog.Tests\Herald.Sinks.Graylog.Tests.csproj::TargetFramework=net8.0]
E:\dev\herald\Modules\Herald.Sinks\tests\Herald.Sinks.Graylog.Tests\GraylogMessageBuilderTests.cs(52,38): error CS0117: 'KnownLogLevels' does not contain a definition for 'Info' [E:\dev\herald\Modules\Herald.Sinks\tests\Herald.Sinks.Graylog.Tests\Herald.Sinks.Graylog.Tests.csproj::TargetFramework=net8.0]
E:\dev\herald\Modules\Herald.Sinks\tests\Herald.Sinks.Graylog.Tests\GraylogMessageBuilderTests.cs(54,38): error CS0117: 'KnownLogLevels' does not contain a definition for 'Warn' [E:\dev\herald\Modules\Herald.Sinks\tests\Herald.Sinks.Graylog.Tests\Herald.Sinks.Graylog.Tests.csproj::TargetFramework=net8.0]
E:\dev\herald\Modules\Herald.Sinks\tests\Herald.Sinks.Graylog.Tests\GraylogMessageBuilderTests.cs(56,42): error CS0117: 'KnownLogLevels' does not contain a definition for 'Critical' [E:\dev\herald\Modules\Herald.Sinks\tests\Herald.Sinks.Graylog.Tests\Herald.Sinks.Graylog.Tests.csproj::TargetFramework=net8.0]
  Herald.Sinks.AzureCosmosDB -> E:\dev\herald\Modules\Herald.Sinks\src\Herald.Sinks.AzureCosmosDB\bin\Debug\net8.0\Herald.Sinks.AzureCosmosDB.dll
E:\dev\herald\Modules\Herald.Sinks\tests\_shared\LogEventBuilder.cs(19,46): error CS0117: 'KnownLogLevels' does not contain a definition for 'Info' [E:\dev\herald\Modules\Herald.Sinks\tests\Herald.Sinks.AzureEventHub.Tests\Herald.Sinks.AzureEventHub.Tests.csproj::TargetFramework=net10.0]
E:\dev\herald\Modules\Herald.Sinks\tests\_shared\LogEventBuilder.cs(19,46): error CS0117: 'KnownLogLevels' does not contain a definition for 'Info' [E:\dev\herald\Modules\Herald.Sinks\tests\Herald.Sinks.MySQL.Tests\Herald.Sinks.MySQL.Tests.csproj::TargetFramework=net10.0]
E:\dev\herald\Modules\Herald.Sinks\tests\_shared\LogEventBuilder.cs(19,46): error CS0117: 'KnownLogLevels' does not contain a definition for 'Info' [E:\dev\herald\Modules\Herald.Sinks\tests\Herald.Sinks.NewRelicLogs.Tests\Herald.Sinks.NewRelicLogs.Tests.csproj::TargetFramework=net10.0]
  Herald.Sinks.ClickHouse -> E:\dev\herald\Modules\Herald.Sinks\src\Herald.Sinks.ClickHouse\bin\Debug\net10.0\Herald.Sinks.ClickHouse.dll
  Herald.Sinks.Otlp -> E:\dev\herald\Modules\Herald.Sinks\src\Herald.Sinks.Otlp\bin\Debug\net10.0\Herald.Sinks.Otlp.dll
E:\dev\herald\Modules\Herald.Sinks\tests\_shared\LogEventBuilder.cs(19,46): error CS0117: 'KnownLogLevels' does not contain a definition for 'Info' [E:\dev\herald\Modules\Herald.Sinks\tests\Herald.Sinks.Kafka.Tests\Herald.Sinks.Kafka.Tests.csproj::TargetFramework=net8.0]
  Herald.Sinks.Telegram -> E:\dev\herald\Modules\Herald.Sinks\src\Herald.Sinks.Telegram\bin\Debug\net10.0\Herald.Sinks.Telegram.dll
E:\dev\herald\Modules\Herald.Sinks\tests\_shared\LogEventBuilder.cs(19,46): error CS0117: 'KnownLogLevels' does not contain a definition for 'Info' [E:\dev\herald\Modules\Herald.Sinks\tests\Herald.Sinks.Splunk.Tests\Herald.Sinks.Splunk.Tests.csproj::TargetFramework=net8.0]
E:\dev\herald\Modules\Herald.Sinks\tests\Herald.Sinks.Splunk.Tests\SplunkHecLogSinkTests.cs(48,39): error CS0117: 'KnownLogLevels' does not contain a definition for 'Warn' [E:\dev\herald\Modules\Herald.Sinks\tests\Herald.Sinks.Splunk.Tests\Herald.Sinks.Splunk.Tests.csproj::TargetFramework=net8.0]
E:\dev\herald\Modules\Herald.Sinks\tests\_shared\LogEventBuilder.cs(19,46): error CS0117: 'KnownLogLevels' does not contain a definition for 'Info' [E:\dev\herald\Modules\Herald.Sinks\tests\Herald.Sinks.SQLite.Tests\Herald.Sinks.SQLite.Tests.csproj::TargetFramework=net8.0]
E:\dev\herald\Modules\Herald.Sinks\tests\Herald.Sinks.SQLite.Tests\SQLiteLogSinkTests.cs(42,39): error CS0117: 'KnownLogLevels' does not contain a definition for 'Warn' [E:\dev\herald\Modules\Herald.Sinks\tests\Herald.Sinks.SQLite.Tests\Herald.Sinks.SQLite.Tests.csproj::TargetFramework=net8.0]
E:\dev\herald\Modules\Herald.Sinks\tests\_shared\LogEventBuilder.cs(19,46): error CS0117: 'KnownLogLevels' does not contain a definition for 'Info' [E:\dev\herald\Modules\Herald.Sinks\tests\Herald.Sinks.PostgreSQL.Tests\Herald.Sinks.PostgreSQL.Tests.csproj::TargetFramework=net8.0]
E:\dev\herald\Modules\Herald.Sinks\tests\_shared\LogEventBuilder.cs(19,46): error CS0117: 'KnownLogLevels' does not contain a definition for 'Info' [E:\dev\herald\Modules\Herald.Sinks\tests\Herald.Sinks.RedisList.Tests\Herald.Sinks.RedisList.Tests.csproj::TargetFramework=net8.0]
  Herald.Sinks.InfluxDB -> E:\dev\herald\Modules\Herald.Sinks\src\Herald.Sinks.InfluxDB\bin\Debug\net8.0\Herald.Sinks.InfluxDB.dll
  Herald.Sinks.Email -> E:\dev\herald\Modules\Herald.Sinks\src\Herald.Sinks.Email\bin\Debug\net8.0\Herald.Sinks.Email.dll
E:\dev\herald\Modules\Herald.Sinks\tests\_shared\LogEventBuilder.cs(19,46): error CS0117: 'KnownLogLevels' does not contain a definition for 'Info' [E:\dev\herald\Modules\Herald.Sinks\tests\Herald.Sinks.ApplicationInsightsHttp.Tests\Herald.Sinks.ApplicationInsightsHttp.Tests.csproj::TargetFramework=net10.0]
E:\dev\herald\Modules\Herald.Sinks\tests\Herald.Sinks.ApplicationInsightsHttp.Tests\ApplicationInsightsLogSinkTests.cs(121,39): error CS0117: 'KnownLogLevels' does not contain a definition for 'Info' [E:\dev\herald\Modules\Herald.Sinks\tests\Herald.Sinks.ApplicationInsightsHttp.Tests\Herald.Sinks.ApplicationInsightsHttp.Tests.csproj::TargetFramework=net10.0]
E:\dev\herald\Modules\Herald.Sinks\tests\_shared\LogEventBuilder.cs(19,46): error CS0117: 'KnownLogLevels' does not contain a definition for 'Info' [E:\dev\herald\Modules\Herald.Sinks\tests\Herald.Sinks.Loggly.Tests\Herald.Sinks.Loggly.Tests.csproj::TargetFramework=net9.0]
E:\dev\herald\Modules\Herald.Sinks\tests\_shared\LogEventBuilder.cs(19,46): error CS0117: 'KnownLogLevels' does not contain a definition for 'Info' [E:\dev\herald\Modules\Herald.Sinks\tests\Herald.Sinks.Elasticsearch.Tests\Herald.Sinks.Elasticsearch.Tests.csproj::TargetFramework=net10.0]
E:\dev\herald\Modules\Herald.Sinks\tests\Herald.Sinks.Elasticsearch.Tests\ElasticsearchLogSinkTests.cs(44,39): error CS0117: 'KnownLogLevels' does not contain a definition for 'Warn' [E:\dev\herald\Modules\Herald.Sinks\tests\Herald.Sinks.Elasticsearch.Tests\Herald.Sinks.Elasticsearch.Tests.csproj::TargetFramework=net10.0]
E:\dev\herald\Modules\Herald.Sinks\tests\_shared\LogEventBuilder.cs(19,46): error CS0117: 'KnownLogLevels' does not contain a definition for 'Info' [E:\dev\herald\Modules\Herald.Sinks\tests\Herald.Sinks.RedisList.Tests\Herald.Sinks.RedisList.Tests.csproj::TargetFramework=net9.0]
E:\dev\herald\Modules\Herald.Sinks\tests\_shared\LogEventBuilder.cs(19,46): error CS0117: 'KnownLogLevels' does not contain a definition for 'Info' [E:\dev\herald\Modules\Herald.Sinks\tests\Herald.Sinks.BetterStack.Tests\Herald.Sinks.BetterStack.Tests.csproj::TargetFramework=net10.0]
  Herald.Sinks.Datadog -> E:\dev\herald\Modules\Herald.Sinks\src\Herald.Sinks.Datadog\bin\Debug\net10.0\Herald.Sinks.Datadog.dll
E:\dev\herald\Modules\Herald.Sinks\tests\_shared\LogEventBuilder.cs(19,46): error CS0117: 'KnownLogLevels' does not contain a definition for 'Info' [E:\dev\herald\Modules\Herald.Sinks\tests\Herald.Sinks.AzureEventHub.Tests\Herald.Sinks.AzureEventHub.Tests.csproj::TargetFramework=net8.0]
E:\dev\herald\Modules\Herald.Sinks\tests\_shared\LogEventBuilder.cs(19,46): error CS0117: 'KnownLogLevels' does not contain a definition for 'Info' [E:\dev\herald\Modules\Herald.Sinks\tests\Herald.Sinks.EventLog.Tests\Herald.Sinks.EventLog.Tests.csproj::TargetFramework=net8.0]
E:\dev\herald\Modules\Herald.Sinks\tests\_shared\LogEventBuilder.cs(19,46): error CS0117: 'KnownLogLevels' does not contain a definition for 'Info' [E:\dev\herald\Modules\Herald.Sinks\tests\Herald.Sinks.OpenSearch.Tests\Herald.Sinks.OpenSearch.Tests.csproj::TargetFramework=net8.0]
E:\dev\herald\Modules\Herald.Sinks\tests\_shared\LogEventBuilder.cs(19,46): error CS0117: 'KnownLogLevels' does not contain a definition for 'Info' [E:\dev\herald\Modules\Herald.Sinks\tests\Herald.Sinks.Axiom.Tests\Herald.Sinks.Axiom.Tests.csproj::TargetFramework=net8.0]
E:\dev\herald\Modules\Herald.Sinks\tests\_shared\LogEventBuilder.cs(19,46): error CS0117: 'KnownLogLevels' does not contain a definition for 'Info' [E:\dev\herald\Modules\Herald.Sinks\tests\Herald.Sinks.PagerDuty.Tests\Herald.Sinks.PagerDuty.Tests.csproj::TargetFramework=net8.0]
E:\dev\herald\Modules\Herald.Sinks\tests\Herald.Sinks.PagerDuty.Tests\PagerDutyLogSinkTests.cs(30,39): error CS0117: 'KnownLogLevels' does not contain a definition for 'Critical' [E:\dev\herald\Modules\Herald.Sinks\tests\Herald.Sinks.PagerDuty.Tests\Herald.Sinks.PagerDuty.Tests.csproj::TargetFramework=net8.0]
E:\dev\herald\Modules\Herald.Sinks\tests\_shared\LogEventBuilder.cs(19,46): error CS0117: 'KnownLogLevels' does not contain a definition for 'Info' [E:\dev\herald\Modules\Herald.Sinks\tests\Herald.Sinks.Email.Tests\Herald.Sinks.Email.Tests.csproj::TargetFramework=net9.0]
E:\dev\herald\Modules\Herald.Sinks\tests\_shared\LogEventBuilder.cs(19,46): error CS0117: 'KnownLogLevels' does not contain a definition for 'Info' [E:\dev\herald\Modules\Herald.Sinks\tests\Herald.Sinks.Splunk.Tests\Herald.Sinks.Splunk.Tests.csproj::TargetFramework=net9.0]
E:\dev\herald\Modules\Herald.Sinks\tests\Herald.Sinks.Splunk.Tests\SplunkHecLogSinkTests.cs(48,39): error CS0117: 'KnownLogLevels' does not contain a definition for 'Warn' [E:\dev\herald\Modules\Herald.Sinks\tests\Herald.Sinks.Splunk.Tests\Herald.Sinks.Splunk.Tests.csproj::TargetFramework=net9.0]
E:\dev\herald\Modules\Herald.Sinks\tests\_shared\LogEventBuilder.cs(19,46): error CS0117: 'KnownLogLevels' does not contain a definition for 'Info' [E:\dev\herald\Modules\Herald.Sinks\tests\Herald.Sinks.Axiom.Tests\Herald.Sinks.Axiom.Tests.csproj::TargetFramework=net9.0]
E:\dev\herald\Modules\Herald.Sinks\tests\_shared\LogEventBuilder.cs(19,46): error CS0117: 'KnownLogLevels' does not contain a definition for 'Info' [E:\dev\herald\Modules\Herald.Sinks\tests\Herald.Sinks.Telegram.Tests\Herald.Sinks.Telegram.Tests.csproj::TargetFramework=net9.0]
E:\dev\herald\Modules\Herald.Sinks\tests\_shared\LogEventBuilder.cs(19,46): error CS0117: 'KnownLogLevels' does not contain a definition for 'Info' [E:\dev\herald\Modules\Herald.Sinks\tests\Herald.Sinks.AzureTableStorage.Tests\Herald.Sinks.AzureTableStorage.Tests.csproj::TargetFramework=net8.0]
E:\dev\herald\Modules\Herald.Sinks\tests\_shared\LogEventBuilder.cs(19,46): error CS0117: 'KnownLogLevels' does not contain a definition for 'Info' [E:\dev\herald\Modules\Herald.Sinks\tests\Herald.Sinks.Loki.Tests\Herald.Sinks.Loki.Tests.csproj::TargetFramework=net8.0]
E:\dev\herald\Modules\Herald.Sinks\tests\_shared\LogEventBuilder.cs(19,46): error CS0117: 'KnownLogLevels' does not contain a definition for 'Info' [E:\dev\herald\Modules\Herald.Sinks\tests\Herald.Sinks.Dynatrace.Tests\Herald.Sinks.Dynatrace.Tests.csproj::TargetFramework=net8.0]
E:\dev\herald\Modules\Herald.Sinks\tests\Herald.Sinks.Loki.Tests\LokiLogSinkTests.cs(31,39): error CS0117: 'KnownLogLevels' does not contain a definition for 'Warn' [E:\dev\herald\Modules\Herald.Sinks\tests\Herald.Sinks.Loki.Tests\Herald.Sinks.Loki.Tests.csproj::TargetFramework=net8.0]
E:\dev\herald\Modules\Herald.Sinks\tests\Herald.Sinks.Dynatrace.Tests\DynatraceLogSinkTests.cs(47,68): error CS0117: 'KnownLogLevels' does not contain a definition for 'Warn' [E:\dev\herald\Modules\Herald.Sinks\tests\Herald.Sinks.Dynatrace.Tests\Herald.Sinks.Dynatrace.Tests.csproj::TargetFramework=net8.0]
E:\dev\herald\Modules\Herald.Sinks\tests\Herald.Sinks.Loki.Tests\LokiLogSinkTests.cs(148,63): error CS0117: 'KnownLogLevels' does not contain a definition for 'Info' [E:\dev\herald\Modules\Herald.Sinks\tests\Herald.Sinks.Loki.Tests\Herald.Sinks.Loki.Tests.csproj::TargetFramework=net8.0]
E:\dev\herald\Modules\Herald.Sinks\tests\Herald.Sinks.Loki.Tests\LokiLogSinkTests.cs(149,63): error CS0117: 'KnownLogLevels' does not contain a definition for 'Warn' [E:\dev\herald\Modules\Herald.Sinks\tests\Herald.Sinks.Loki.Tests\Herald.Sinks.Loki.Tests.csproj::TargetFramework=net8.0]
E:\dev\herald\Modules\Herald.Sinks\tests\Herald.Sinks.Loki.Tests\LokiLogSinkTests.cs(150,63): error CS0117: 'KnownLogLevels' does not contain a definition for 'Info' [E:\dev\herald\Modules\Herald.Sinks\tests\Herald.Sinks.Loki.Tests\Herald.Sinks.Loki.Tests.csproj::TargetFramework=net8.0]
E:\dev\herald\Modules\Herald.Sinks\tests\_shared\LogEventBuilder.cs(19,46): error CS0117: 'KnownLogLevels' does not contain a definition for 'Info' [E:\dev\herald\Modules\Herald.Sinks\tests\Herald.Sinks.Dynatrace.Tests\Herald.Sinks.Dynatrace.Tests.csproj::TargetFramework=net10.0]
E:\dev\herald\Modules\Herald.Sinks\tests\Herald.Sinks.Dynatrace.Tests\DynatraceLogSinkTests.cs(47,68): error CS0117: 'KnownLogLevels' does not contain a definition for 'Warn' [E:\dev\herald\Modules\Herald.Sinks\tests\Herald.Sinks.Dynatrace.Tests\Herald.Sinks.Dynatrace.Tests.csproj::TargetFramework=net10.0]
  Herald.Sinks.Batching.Tests -> E:\dev\herald\Modules\Herald.Sinks\tests\Herald.Sinks.Batching.Tests\bin\Debug\net8.0\Herald.Sinks.Batching.Tests.dll
E:\dev\herald\Modules\Herald.Sinks\tests\_shared\LogEventBuilder.cs(19,46): error CS0117: 'KnownLogLevels' does not contain a definition for 'Info' [E:\dev\herald\Modules\Herald.Sinks\tests\Herald.Sinks.OpenSearch.Tests\Herald.Sinks.OpenSearch.Tests.csproj::TargetFramework=net10.0]
E:\dev\herald\Modules\Herald.Sinks\tests\_shared\LogEventBuilder.cs(19,46): error CS0117: 'KnownLogLevels' does not contain a definition for 'Info' [E:\dev\herald\Modules\Herald.Sinks\tests\Herald.Sinks.Debug.Tests\Herald.Sinks.Debug.Tests.csproj::TargetFramework=net10.0]
E:\dev\herald\Modules\Herald.Sinks\tests\Herald.Sinks.Debug.Tests\DebugLogSinkTests.cs(46,39): error CS0117: 'KnownLogLevels' does not contain a definition for 'Warn' [E:\dev\herald\Modules\Herald.Sinks\tests\Herald.Sinks.Debug.Tests\Herald.Sinks.Debug.Tests.csproj::TargetFramework=net10.0]
E:\dev\herald\Modules\Herald.Sinks\tests\_shared\LogEventBuilder.cs(19,46): error CS0117: 'KnownLogLevels' does not contain a definition for 'Info' [E:\dev\herald\Modules\Herald.Sinks\tests\Herald.Sinks.PagerDuty.Tests\Herald.Sinks.PagerDuty.Tests.csproj::TargetFramework=net10.0]
E:\dev\herald\Modules\Herald.Sinks\tests\Herald.Sinks.PagerDuty.Tests\PagerDutyLogSinkTests.cs(30,39): error CS0117: 'KnownLogLevels' does not contain a definition for 'Critical' [E:\dev\herald\Modules\Herald.Sinks\tests\Herald.Sinks.PagerDuty.Tests\Herald.Sinks.PagerDuty.Tests.csproj::TargetFramework=net10.0]
E:\dev\herald\Modules\Herald.Sinks\tests\_shared\LogEventBuilder.cs(19,46): error CS0117: 'KnownLogLevels' does not contain a definition for 'Info' [E:\dev\herald\Modules\Herald.Sinks\tests\Herald.Sinks.GoogleCloudPubSub.Tests\Herald.Sinks.GoogleCloudPubSub.Tests.csproj::TargetFramework=net8.0]
E:\dev\herald\Modules\Herald.Sinks\tests\_shared\LogEventBuilder.cs(19,46): error CS0117: 'KnownLogLevels' does not contain a definition for 'Info' [E:\dev\herald\Modules\Herald.Sinks\tests\Herald.Sinks.GoogleCloudPubSub.Tests\Herald.Sinks.GoogleCloudPubSub.Tests.csproj::TargetFramework=net10.0]
E:\dev\herald\Modules\Herald.Sinks\tests\_shared\LogEventBuilder.cs(19,46): error CS0117: 'KnownLogLevels' does not contain a definition for 'Info' [E:\dev\herald\Modules\Herald.Sinks\tests\Herald.Sinks.MicrosoftTeams.Tests\Herald.Sinks.MicrosoftTeams.Tests.csproj::TargetFramework=net10.0]
  Herald.Sinks.OtlpGrpc -> E:\dev\herald\Modules\Herald.Sinks\src\Herald.Sinks.OtlpGrpc\bin\Debug\net8.0\Herald.Sinks.OtlpGrpc.dll
E:\dev\herald\Modules\Herald.Sinks\tests\_shared\LogEventBuilder.cs(19,46): error CS0117: 'KnownLogLevels' does not contain a definition for 'Info' [E:\dev\herald\Modules\Herald.Sinks\tests\Herald.Sinks.RabbitMQ.Tests\Herald.Sinks.RabbitMQ.Tests.csproj::TargetFramework=net10.0]
  Herald.Sinks.Batching.Tests -> E:\dev\herald\Modules\Herald.Sinks\tests\Herald.Sinks.Batching.Tests\bin\Debug\net9.0\Herald.Sinks.Batching.Tests.dll
E:\dev\herald\Modules\Herald.Sinks\tests\_shared\LogEventBuilder.cs(19,46): error CS0117: 'KnownLogLevels' does not contain a definition for 'Info' [E:\dev\herald\Modules\Herald.Sinks\tests\Herald.Sinks.DynamoDB.Tests\Herald.Sinks.DynamoDB.Tests.csproj::TargetFramework=net10.0]
E:\dev\herald\Modules\Herald.Sinks\tests\_shared\LogEventBuilder.cs(19,46): error CS0117: 'KnownLogLevels' does not contain a definition for 'Info' [E:\dev\herald\Modules\Herald.Sinks\tests\Herald.Sinks.NewRelicLogs.Tests\Herald.Sinks.NewRelicLogs.Tests.csproj::TargetFramework=net8.0]
E:\dev\herald\Modules\Herald.Sinks\tests\_shared\LogEventBuilder.cs(19,46): error CS0117: 'KnownLogLevels' does not contain a definition for 'Info' [E:\dev\herald\Modules\Herald.Sinks\tests\Herald.Sinks.LogzIo.Tests\Herald.Sinks.LogzIo.Tests.csproj::TargetFramework=net8.0]
E:\dev\herald\Modules\Herald.Sinks\tests\_shared\LogEventBuilder.cs(19,46): error CS0117: 'KnownLogLevels' does not contain a definition for 'Info' [E:\dev\herald\Modules\Herald.Sinks\tests\Herald.Sinks.Loggly.Tests\Herald.Sinks.Loggly.Tests.csproj::TargetFramework=net8.0]
E:\dev\herald\Modules\Herald.Sinks\tests\Herald.Sinks.Datadog.Tests\DatadogLogSinkTests.cs(32,39): error CS0117: 'KnownLogLevels' does not contain a definition for 'Warn' [E:\dev\herald\Modules\Herald.Sinks\tests\Herald.Sinks.Datadog.Tests\Herald.Sinks.Datadog.Tests.csproj::TargetFramework=net10.0]
E:\dev\herald\Modules\Herald.Sinks\tests\Herald.Sinks.SignalFx.Tests\SignalFxLogSinkTests.cs(31,39): error CS0117: 'KnownLogLevels' does not contain a definition for 'Warn' [E:\dev\herald\Modules\Herald.Sinks\tests\Herald.Sinks.SignalFx.Tests\Herald.Sinks.SignalFx.Tests.csproj::TargetFramework=net10.0]
E:\dev\herald\Modules\Herald.Sinks\tests\_shared\LogEventBuilder.cs(19,46): error CS0117: 'KnownLogLevels' does not contain a definition for 'Info' [E:\dev\herald\Modules\Herald.Sinks\tests\Herald.Sinks.SumoLogic.Tests\Herald.Sinks.SumoLogic.Tests.csproj::TargetFramework=net8.0]
E:\dev\herald\Modules\Herald.Sinks\tests\_shared\LogEventBuilder.cs(19,46): error CS0117: 'KnownLogLevels' does not contain a definition for 'Info' [E:\dev\herald\Modules\Herald.Sinks\tests\Herald.Sinks.AzureLogAnalyticsDcr.Tests\Herald.Sinks.AzureLogAnalyticsDcr.Tests.csproj::TargetFramework=net8.0]
E:\dev\herald\Modules\Herald.Sinks\tests\_shared\LogEventBuilder.cs(19,46): error CS0117: 'KnownLogLevels' does not contain a definition for 'Info' [E:\dev\herald\Modules\Herald.Sinks\tests\Herald.Sinks.SignalFx.Tests\Herald.Sinks.SignalFx.Tests.csproj::TargetFramework=net10.0]
E:\dev\herald\Modules\Herald.Sinks\tests\_shared\LogEventBuilder.cs(19,46): error CS0117: 'KnownLogLevels' does not contain a definition for 'Info' [E:\dev\herald\Modules\Herald.Sinks\tests\Herald.Sinks.Aliyun.Tests\Herald.Sinks.Aliyun.Tests.csproj::TargetFramework=net8.0]
E:\dev\herald\Modules\Herald.Sinks\tests\_shared\LogEventBuilder.cs(19,46): error CS0117: 'KnownLogLevels' does not contain a definition for 'Info' [E:\dev\herald\Modules\Herald.Sinks\tests\Herald.Sinks.Datadog.Tests\Herald.Sinks.Datadog.Tests.csproj::TargetFramework=net10.0]
E:\dev\herald\Modules\Herald.Sinks\tests\_shared\LogEventBuilder.cs(19,46): error CS0117: 'KnownLogLevels' does not contain a definition for 'Info' [E:\dev\herald\Modules\Herald.Sinks\tests\Herald.Sinks.MongoDB.Tests\Herald.Sinks.MongoDB.Tests.csproj::TargetFramework=net10.0]
E:\dev\herald\Modules\Herald.Sinks\tests\_shared\LogEventBuilder.cs(19,46): error CS0117: 'KnownLogLevels' does not contain a definition for 'Info' [E:\dev\herald\Modules\Herald.Sinks\tests\Herald.Sinks.AmazonS3.Tests\Herald.Sinks.AmazonS3.Tests.csproj::TargetFramework=net8.0]
E:\dev\herald\Modules\Herald.Sinks\tests\_shared\LogEventBuilder.cs(19,46): error CS0117: 'KnownLogLevels' does not contain a definition for 'Info' [E:\dev\herald\Modules\Herald.Sinks\tests\Herald.Sinks.InfluxDB.Tests\Herald.Sinks.InfluxDB.Tests.csproj::TargetFramework=net8.0]
E:\dev\herald\Modules\Herald.Sinks\tests\Herald.Sinks.InfluxDB.Tests\InfluxDBLogSinkTests.cs(48,39): error CS0117: 'KnownLogLevels' does not contain a definition for 'Info' [E:\dev\herald\Modules\Herald.Sinks\tests\Herald.Sinks.InfluxDB.Tests\Herald.Sinks.InfluxDB.Tests.csproj::TargetFramework=net8.0]
E:\dev\herald\Modules\Herald.Sinks\tests\_shared\LogEventBuilder.cs(19,46): error CS0117: 'KnownLogLevels' does not contain a definition for 'Info' [E:\dev\herald\Modules\Herald.Sinks\tests\Herald.Sinks.Otlp.Tests\Herald.Sinks.Otlp.Tests.csproj::TargetFramework=net8.0]
E:\dev\herald\Modules\Herald.Sinks\tests\Herald.Sinks.Otlp.Tests\ProtobufFileLogSinkTests.cs(43,13): error CS0234: The type or namespace name 'Delete' does not exist in the namespace 'Herald.Sinks.File' (are you missing an assembly reference?) [E:\dev\herald\Modules\Herald.Sinks\tests\Herald.Sinks.Otlp.Tests\Herald.Sinks.Otlp.Tests.csproj::TargetFramework=net8.0]
E:\dev\herald\Modules\Herald.Sinks\tests\Herald.Sinks.Otlp.Tests\OtlpJsonLogSinkTests.cs(33,39): error CS0117: 'KnownLogLevels' does not contain a definition for 'Info' [E:\dev\herald\Modules\Herald.Sinks\tests\Herald.Sinks.Otlp.Tests\Herald.Sinks.Otlp.Tests.csproj::TargetFramework=net8.0]
E:\dev\herald\Modules\Herald.Sinks\tests\Herald.Sinks.Otlp.Tests\ProtobufFileLogSinkTests.cs(55,47): error CS0117: 'KnownLogLevels' does not contain a definition for 'Info' [E:\dev\herald\Modules\Herald.Sinks\tests\Herald.Sinks.Otlp.Tests\Herald.Sinks.Otlp.Tests.csproj::TargetFramework=net8.0]
E:\dev\herald\Modules\Herald.Sinks\tests\Herald.Sinks.Otlp.Tests\ProtobufFileLogSinkTests.cs(62,25): error CS0234: The type or namespace name 'ReadAllBytes' does not exist in the namespace 'Herald.Sinks.File' (are you missing an assembly reference?) [E:\dev\herald\Modules\Herald.Sinks\tests\Herald.Sinks.Otlp.Tests\Herald.Sinks.Otlp.Tests.csproj::TargetFramework=net8.0]
E:\dev\herald\Modules\Herald.Sinks\tests\Herald.Sinks.Otlp.Tests\ProtobufFileLogSinkTests.cs(74,13): error CS0234: The type or namespace name 'Delete' does not exist in the namespace 'Herald.Sinks.File' (are you missing an assembly reference?) [E:\dev\herald\Modules\Herald.Sinks\tests\Herald.Sinks.Otlp.Tests\Herald.Sinks.Otlp.Tests.csproj::TargetFramework=net8.0]
E:\dev\herald\Modules\Herald.Sinks\tests\Herald.Sinks.Otlp.Tests\ProtobufFileLogSinkTests.cs(89,47): error CS0117: 'KnownLogLevels' does not contain a definition for 'Info' [E:\dev\herald\Modules\Herald.Sinks\tests\Herald.Sinks.Otlp.Tests\Herald.Sinks.Otlp.Tests.csproj::TargetFramework=net8.0]
E:\dev\herald\Modules\Herald.Sinks\tests\Herald.Sinks.Otlp.Tests\ProtobufFileLogSinkTests.cs(97,13): error CS0234: The type or namespace name 'Delete' does not exist in the namespace 'Herald.Sinks.File' (are you missing an assembly reference?) [E:\dev\herald\Modules\Herald.Sinks\tests\Herald.Sinks.Otlp.Tests\Herald.Sinks.Otlp.Tests.csproj::TargetFramework=net8.0]
E:\dev\herald\Modules\Herald.Sinks\tests\Herald.Sinks.Otlp.Tests\ProtobufFileLogSinkTests.cs(114,13): error CS0234: The type or namespace name 'Delete' does not exist in the namespace 'Herald.Sinks.File' (are you missing an assembly reference?) [E:\dev\herald\Modules\Herald.Sinks\tests\Herald.Sinks.Otlp.Tests\Herald.Sinks.Otlp.Tests.csproj::TargetFramework=net8.0]
E:\dev\herald\Modules\Herald.Sinks\tests\Herald.Sinks.Otlp.Tests\ProtobufFileLogSinkTests.cs(133,13): error CS0234: The type or namespace name 'Delete' does not exist in the namespace 'Herald.Sinks.File' (are you missing an assembly reference?) [E:\dev\herald\Modules\Herald.Sinks\tests\Herald.Sinks.Otlp.Tests\Herald.Sinks.Otlp.Tests.csproj::TargetFramework=net8.0]
E:\dev\herald\Modules\Herald.Sinks\tests\Herald.Sinks.Otlp.Tests\OtlpProtobufLogSinkTests.cs(33,39): error CS0117: 'KnownLogLevels' does not contain a definition for 'Info' [E:\dev\herald\Modules\Herald.Sinks\tests\Herald.Sinks.Otlp.Tests\Herald.Sinks.Otlp.Tests.csproj::TargetFramework=net8.0]
E:\dev\herald\Modules\Herald.Sinks\tests\Herald.Sinks.Otlp.Tests\ProtobufFileLogSinkTests.cs(147,13): error CS0234: The type or namespace name 'Exists' does not exist in the namespace 'Herald.Sinks.File' (are you missing an assembly reference?) [E:\dev\herald\Modules\Herald.Sinks\tests\Herald.Sinks.Otlp.Tests\Herald.Sinks.Otlp.Tests.csproj::TargetFramework=net8.0]
E:\dev\herald\Modules\Herald.Sinks\tests\_shared\LogEventBuilder.cs(19,46): error CS0117: 'KnownLogLevels' does not contain a definition for 'Info' [E:\dev\herald\Modules\Herald.Sinks\tests\Herald.Sinks.InfluxDB.Tests\Herald.Sinks.InfluxDB.Tests.csproj::TargetFramework=net10.0]
E:\dev\herald\Modules\Herald.Sinks\tests\Herald.Sinks.InfluxDB.Tests\InfluxDBLogSinkTests.cs(48,39): error CS0117: 'KnownLogLevels' does not contain a definition for 'Info' [E:\dev\herald\Modules\Herald.Sinks\tests\Herald.Sinks.InfluxDB.Tests\Herald.Sinks.InfluxDB.Tests.csproj::TargetFramework=net10.0]
E:\dev\herald\Modules\Herald.Sinks\tests\Herald.Sinks.Otlp.Tests\ProtobufFileLogSinkTests.cs(148,25): error CS0234: The type or namespace name 'ReadAllBytes' does not exist in the namespace 'Herald.Sinks.File' (are you missing an assembly reference?) [E:\dev\herald\Modules\Herald.Sinks\tests\Herald.Sinks.Otlp.Tests\Herald.Sinks.Otlp.Tests.csproj::TargetFramework=net8.0]
E:\dev\herald\Modules\Herald.Sinks\tests\_shared\LogEventBuilder.cs(19,46): error CS0117: 'KnownLogLevels' does not contain a definition for 'Info' [E:\dev\herald\Modules\Herald.Sinks\tests\Herald.Sinks.ApplicationInsightsHttp.Tests\Herald.Sinks.ApplicationInsightsHttp.Tests.csproj::TargetFramework=net8.0]
E:\dev\herald\Modules\Herald.Sinks\tests\Herald.Sinks.Otlp.Tests\ProtobufFileLogSinkTests.cs(153,13): error CS0234: The type or namespace name 'Delete' does not exist in the namespace 'Herald.Sinks.File' (are you missing an assembly reference?) [E:\dev\herald\Modules\Herald.Sinks\tests\Herald.Sinks.Otlp.Tests\Herald.Sinks.Otlp.Tests.csproj::TargetFramework=net8.0]
E:\dev\herald\Modules\Herald.Sinks\tests\Herald.Sinks.ApplicationInsightsHttp.Tests\ApplicationInsightsLogSinkTests.cs(121,39): error CS0117: 'KnownLogLevels' does not contain a definition for 'Info' [E:\dev\herald\Modules\Herald.Sinks\tests\Herald.Sinks.ApplicationInsightsHttp.Tests\Herald.Sinks.ApplicationInsightsHttp.Tests.csproj::TargetFramework=net8.0]
E:\dev\herald\Modules\Herald.Sinks\tests\Herald.Sinks.Otlp.Tests\ProtobufFileLogSinkTests.cs(199,13): error CS0234: The type or namespace name 'Delete' does not exist in the namespace 'Herald.Sinks.File' (are you missing an assembly reference?) [E:\dev\herald\Modules\Herald.Sinks\tests\Herald.Sinks.Otlp.Tests\Herald.Sinks.Otlp.Tests.csproj::TargetFramework=net8.0]
E:\dev\herald\Modules\Herald.Sinks\tests\Herald.Sinks.Otlp.Tests\OtlpRoundTripConformanceTests.cs(42,39): error CS0117: 'KnownLogLevels' does not contain a definition for 'Info' [E:\dev\herald\Modules\Herald.Sinks\tests\Herald.Sinks.Otlp.Tests\Herald.Sinks.Otlp.Tests.csproj::TargetFramework=net8.0]
E:\dev\herald\Modules\Herald.Sinks\tests\_shared\LogEventBuilder.cs(19,46): error CS0117: 'KnownLogLevels' does not contain a definition for 'Info' [E:\dev\herald\Modules\Herald.Sinks\tests\Herald.Sinks.Pulsar.Tests\Herald.Sinks.Pulsar.Tests.csproj::TargetFramework=net10.0]
E:\dev\herald\Modules\Herald.Sinks\tests\_shared\LogEventBuilder.cs(19,46): error CS0117: 'KnownLogLevels' does not contain a definition for 'Info' [E:\dev\herald\Modules\Herald.Sinks\tests\Herald.Sinks.XUnit.Tests\Herald.Sinks.XUnit.Tests.csproj::TargetFramework=net9.0]
E:\dev\herald\Modules\Herald.Sinks\tests\Herald.Sinks.XUnit.Tests\XUnitLogSinkTests.cs(29,39): error CS0117: 'KnownLogLevels' does not contain a definition for 'Warn' [E:\dev\herald\Modules\Herald.Sinks\tests\Herald.Sinks.XUnit.Tests\Herald.Sinks.XUnit.Tests.csproj::TargetFramework=net9.0]
  Herald.Sinks.OtlpGrpc -> E:\dev\herald\Modules\Herald.Sinks\src\Herald.Sinks.OtlpGrpc\bin\Debug\net10.0\Herald.Sinks.OtlpGrpc.dll
E:\dev\herald\Modules\Herald.Sinks\tests\_shared\LogEventBuilder.cs(19,46): error CS0117: 'KnownLogLevels' does not contain a definition for 'Info' [E:\dev\herald\Modules\Herald.Sinks\tests\Herald.Sinks.Stackify.Tests\Herald.Sinks.Stackify.Tests.csproj::TargetFramework=net10.0]
E:\dev\herald\Modules\Herald.Sinks\tests\_shared\LogEventBuilder.cs(19,46): error CS0117: 'KnownLogLevels' does not contain a definition for 'Info' [E:\dev\herald\Modules\Herald.Sinks\tests\Herald.Sinks.GoogleCloudPubSub.Tests\Herald.Sinks.GoogleCloudPubSub.Tests.csproj::TargetFramework=net9.0]
  Herald.Sinks.PostgreSQL -> E:\dev\herald\Modules\Herald.Sinks\src\Herald.Sinks.PostgreSQL\bin\Debug\net10.0\Herald.Sinks.PostgreSQL.dll
E:\dev\herald\Modules\Herald.Sinks\tests\_shared\LogEventBuilder.cs(19,46): error CS0117: 'KnownLogLevels' does not contain a definition for 'Info' [E:\dev\herald\Modules\Herald.Sinks\tests\Herald.Sinks.Kafka.Tests\Herald.Sinks.Kafka.Tests.csproj::TargetFramework=net10.0]
E:\dev\herald\Modules\Herald.Sinks\tests\_shared\LogEventBuilder.cs(19,46): error CS0117: 'KnownLogLevels' does not contain a definition for 'Info' [E:\dev\herald\Modules\Herald.Sinks\tests\Herald.Sinks.Sqs.Tests\Herald.Sinks.Sqs.Tests.csproj::TargetFramework=net8.0]
E:\dev\herald\Modules\Herald.Sinks\tests\_shared\LogEventBuilder.cs(19,46): error CS0117: 'KnownLogLevels' does not contain a definition for 'Info' [E:\dev\herald\Modules\Herald.Sinks\tests\Herald.Sinks.GenericWebhook.Tests\Herald.Sinks.GenericWebhook.Tests.csproj::TargetFramework=net8.0]
E:\dev\herald\Modules\Herald.Sinks\tests\_shared\LogEventBuilder.cs(19,46): error CS0117: 'KnownLogLevels' does not contain a definition for 'Info' [E:\dev\herald\Modules\Herald.Sinks\tests\Herald.Sinks.Kinesis.Tests\Herald.Sinks.Kinesis.Tests.csproj::TargetFramework=net10.0]
E:\dev\herald\Modules\Herald.Sinks\tests\_shared\LogEventBuilder.cs(19,46): error CS0117: 'KnownLogLevels' does not contain a definition for 'Info' [E:\dev\herald\Modules\Herald.Sinks\tests\Herald.Sinks.Stackify.Tests\Herald.Sinks.Stackify.Tests.csproj::TargetFramework=net9.0]
E:\dev\herald\Modules\Herald.Sinks\tests\_shared\LogEventBuilder.cs(19,46): error CS0117: 'KnownLogLevels' does not contain a definition for 'Info' [E:\dev\herald\Modules\Herald.Sinks\tests\Herald.Sinks.Telegram.Tests\Herald.Sinks.Telegram.Tests.csproj::TargetFramework=net10.0]
E:\dev\herald\Modules\Herald.Sinks\tests\_shared\LogEventBuilder.cs(19,46): error CS0117: 'KnownLogLevels' does not contain a definition for 'Info' [E:\dev\herald\Modules\Herald.Sinks\tests\Herald.Sinks.Slack.Tests\Herald.Sinks.Slack.Tests.csproj::TargetFramework=net8.0]
E:\dev\herald\Modules\Herald.Sinks\tests\Herald.Sinks.Slack.Tests\SlackWebhookLogSinkTests.cs(39,39): error CS0117: 'KnownLogLevels' does not contain a definition for 'Warn' [E:\dev\herald\Modules\Herald.Sinks\tests\Herald.Sinks.Slack.Tests\Herald.Sinks.Slack.Tests.csproj::TargetFramework=net8.0]
E:\dev\herald\Modules\Herald.Sinks\tests\_shared\LogEventBuilder.cs(19,46): error CS0117: 'KnownLogLevels' does not contain a definition for 'Info' [E:\dev\herald\Modules\Herald.Sinks\tests\Herald.Sinks.Couchbase.Tests\Herald.Sinks.Couchbase.Tests.csproj::TargetFramework=net10.0]
E:\dev\herald\Modules\Herald.Sinks\tests\_shared\LogEventBuilder.cs(19,46): error CS0117: 'KnownLogLevels' does not contain a definition for 'Info' [E:\dev\herald\Modules\Herald.Sinks\tests\Herald.Sinks.Redis.Tests\Herald.Sinks.Redis.Tests.csproj::TargetFramework=net10.0]
E:\dev\herald\Modules\Herald.Sinks\tests\_shared\LogEventBuilder.cs(19,46): error CS0117: 'KnownLogLevels' does not contain a definition for 'Info' [E:\dev\herald\Modules\Herald.Sinks\tests\Herald.Sinks.Email.Tests\Herald.Sinks.Email.Tests.csproj::TargetFramework=net10.0]
E:\dev\herald\Modules\Herald.Sinks\tests\_shared\LogEventBuilder.cs(19,46): error CS0117: 'KnownLogLevels' does not contain a definition for 'Info' [E:\dev\herald\Modules\Herald.Sinks\tests\Herald.Sinks.Otlp.Tests\Herald.Sinks.Otlp.Tests.csproj::TargetFramework=net10.0]
E:\dev\herald\Modules\Herald.Sinks\tests\Herald.Sinks.Otlp.Tests\OtlpRoundTripConformanceTests.cs(42,39): error CS0117: 'KnownLogLevels' does not contain a definition for 'Info' [E:\dev\herald\Modules\Herald.Sinks\tests\Herald.Sinks.Otlp.Tests\Herald.Sinks.Otlp.Tests.csproj::TargetFramework=net10.0]
E:\dev\herald\Modules\Herald.Sinks\tests\Herald.Sinks.Otlp.Tests\OtlpJsonLogSinkTests.cs(33,39): error CS0117: 'KnownLogLevels' does not contain a definition for 'Info' [E:\dev\herald\Modules\Herald.Sinks\tests\Herald.Sinks.Otlp.Tests\Herald.Sinks.Otlp.Tests.csproj::TargetFramework=net10.0]
E:\dev\herald\Modules\Herald.Sinks\tests\Herald.Sinks.Otlp.Tests\OtlpProtobufLogSinkTests.cs(33,39): error CS0117: 'KnownLogLevels' does not contain a definition for 'Info' [E:\dev\herald\Modules\Herald.Sinks\tests\Herald.Sinks.Otlp.Tests\Herald.Sinks.Otlp.Tests.csproj::TargetFramework=net10.0]
E:\dev\herald\Modules\Herald.Sinks\tests\Herald.Sinks.Otlp.Tests\ProtobufFileLogSinkTests.cs(43,13): error CS0234: The type or namespace name 'Delete' does not exist in the namespace 'Herald.Sinks.File' (are you missing an assembly reference?) [E:\dev\herald\Modules\Herald.Sinks\tests\Herald.Sinks.Otlp.Tests\Herald.Sinks.Otlp.Tests.csproj::TargetFramework=net10.0]
E:\dev\herald\Modules\Herald.Sinks\tests\Herald.Sinks.Otlp.Tests\ProtobufFileLogSinkTests.cs(55,47): error CS0117: 'KnownLogLevels' does not contain a definition for 'Info' [E:\dev\herald\Modules\Herald.Sinks\tests\Herald.Sinks.Otlp.Tests\Herald.Sinks.Otlp.Tests.csproj::TargetFramework=net10.0]
E:\dev\herald\Modules\Herald.Sinks\tests\Herald.Sinks.Otlp.Tests\ProtobufFileLogSinkTests.cs(62,25): error CS0234: The type or namespace name 'ReadAllBytes' does not exist in the namespace 'Herald.Sinks.File' (are you missing an assembly reference?) [E:\dev\herald\Modules\Herald.Sinks\tests\Herald.Sinks.Otlp.Tests\Herald.Sinks.Otlp.Tests.csproj::TargetFramework=net10.0]
E:\dev\herald\Modules\Herald.Sinks\tests\Herald.Sinks.Otlp.Tests\ProtobufFileLogSinkTests.cs(74,13): error CS0234: The type or namespace name 'Delete' does not exist in the namespace 'Herald.Sinks.File' (are you missing an assembly reference?) [E:\dev\herald\Modules\Herald.Sinks\tests\Herald.Sinks.Otlp.Tests\Herald.Sinks.Otlp.Tests.csproj::TargetFramework=net10.0]
E:\dev\herald\Modules\Herald.Sinks\tests\Herald.Sinks.Otlp.Tests\ProtobufFileLogSinkTests.cs(89,47): error CS0117: 'KnownLogLevels' does not contain a definition for 'Info' [E:\dev\herald\Modules\Herald.Sinks\tests\Herald.Sinks.Otlp.Tests\Herald.Sinks.Otlp.Tests.csproj::TargetFramework=net10.0]
E:\dev\herald\Modules\Herald.Sinks\tests\Herald.Sinks.Otlp.Tests\ProtobufFileLogSinkTests.cs(97,13): error CS0234: The type or namespace name 'Delete' does not exist in the namespace 'Herald.Sinks.File' (are you missing an assembly reference?) [E:\dev\herald\Modules\Herald.Sinks\tests\Herald.Sinks.Otlp.Tests\Herald.Sinks.Otlp.Tests.csproj::TargetFramework=net10.0]
E:\dev\herald\Modules\Herald.Sinks\tests\Herald.Sinks.Otlp.Tests\ProtobufFileLogSinkTests.cs(114,13): error CS0234: The type or namespace name 'Delete' does not exist in the namespace 'Herald.Sinks.File' (are you missing an assembly reference?) [E:\dev\herald\Modules\Herald.Sinks\tests\Herald.Sinks.Otlp.Tests\Herald.Sinks.Otlp.Tests.csproj::TargetFramework=net10.0]
E:\dev\herald\Modules\Herald.Sinks\tests\Herald.Sinks.Otlp.Tests\ProtobufFileLogSinkTests.cs(133,13): error CS0234: The type or namespace name 'Delete' does not exist in the namespace 'Herald.Sinks.File' (are you missing an assembly reference?) [E:\dev\herald\Modules\Herald.Sinks\tests\Herald.Sinks.Otlp.Tests\Herald.Sinks.Otlp.Tests.csproj::TargetFramework=net10.0]
E:\dev\herald\Modules\Herald.Sinks\tests\Herald.Sinks.Otlp.Tests\ProtobufFileLogSinkTests.cs(147,13): error CS0234: The type or namespace name 'Exists' does not exist in the namespace 'Herald.Sinks.File' (are you missing an assembly reference?) [E:\dev\herald\Modules\Herald.Sinks\tests\Herald.Sinks.Otlp.Tests\Herald.Sinks.Otlp.Tests.csproj::TargetFramework=net10.0]
E:\dev\herald\Modules\Herald.Sinks\tests\Herald.Sinks.Otlp.Tests\ProtobufFileLogSinkTests.cs(148,25): error CS0234: The type or namespace name 'ReadAllBytes' does not exist in the namespace 'Herald.Sinks.File' (are you missing an assembly reference?) [E:\dev\herald\Modules\Herald.Sinks\tests\Herald.Sinks.Otlp.Tests\Herald.Sinks.Otlp.Tests.csproj::TargetFramework=net10.0]
E:\dev\herald\Modules\Herald.Sinks\tests\Herald.Sinks.Otlp.Tests\ProtobufFileLogSinkTests.cs(153,13): error CS0234: The type or namespace name 'Delete' does not exist in the namespace 'Herald.Sinks.File' (are you missing an assembly reference?) [E:\dev\herald\Modules\Herald.Sinks\tests\Herald.Sinks.Otlp.Tests\Herald.Sinks.Otlp.Tests.csproj::TargetFramework=net10.0]
E:\dev\herald\Modules\Herald.Sinks\tests\Herald.Sinks.Otlp.Tests\ProtobufFileLogSinkTests.cs(199,13): error CS0234: The type or namespace name 'Delete' does not exist in the namespace 'Herald.Sinks.File' (are you missing an assembly reference?) [E:\dev\herald\Modules\Herald.Sinks\tests\Herald.Sinks.Otlp.Tests\Herald.Sinks.Otlp.Tests.csproj::TargetFramework=net10.0]
E:\dev\herald\Modules\Herald.Sinks\tests\_shared\LogEventBuilder.cs(19,46): error CS0117: 'KnownLogLevels' does not contain a definition for 'Info' [E:\dev\herald\Modules\Herald.Sinks\tests\Herald.Sinks.Email.Tests\Herald.Sinks.Email.Tests.csproj::TargetFramework=net8.0]
E:\dev\herald\Modules\Herald.Sinks\tests\_shared\LogEventBuilder.cs(19,46): error CS0117: 'KnownLogLevels' does not contain a definition for 'Info' [E:\dev\herald\Modules\Herald.Sinks\tests\Herald.Sinks.UdpJsonLine.Tests\Herald.Sinks.UdpJsonLine.Tests.csproj::TargetFramework=net10.0]
E:\dev\herald\Modules\Herald.Sinks\tests\_shared\LogEventBuilder.cs(19,46): error CS0117: 'KnownLogLevels' does not contain a definition for 'Info' [E:\dev\herald\Modules\Herald.Sinks\tests\Herald.Sinks.Exceptionless.Tests\Herald.Sinks.Exceptionless.Tests.csproj::TargetFramework=net10.0]
  Herald.Sinks.Telegram -> E:\dev\herald\Modules\Herald.Sinks\src\Herald.Sinks.Telegram\bin\Debug\net8.0\Herald.Sinks.Telegram.dll
E:\dev\herald\Modules\Herald.Sinks\tests\_shared\LogEventBuilder.cs(19,46): error CS0117: 'KnownLogLevels' does not contain a definition for 'Info' [E:\dev\herald\Modules\Herald.Sinks\tests\Herald.Sinks.AzureAnalytics.Tests\Herald.Sinks.AzureAnalytics.Tests.csproj::TargetFramework=net8.0]
E:\dev\herald\Modules\Herald.Sinks\tests\Herald.Sinks.AzureAnalytics.Tests\AzureAnalyticsLogSinkTests.cs(75,68): error CS0117: 'KnownLogLevels' does not contain a definition for 'Warn' [E:\dev\herald\Modules\Herald.Sinks\tests\Herald.Sinks.AzureAnalytics.Tests\Herald.Sinks.AzureAnalytics.Tests.csproj::TargetFramework=net8.0]
E:\dev\herald\Modules\Herald.Sinks\tests\_shared\LogEventBuilder.cs(19,46): error CS0117: 'KnownLogLevels' does not contain a definition for 'Info' [E:\dev\herald\Modules\Herald.Sinks\tests\Herald.Sinks.ClickHouse.Tests\Herald.Sinks.ClickHouse.Tests.csproj::TargetFramework=net10.0]
E:\dev\herald\Modules\Herald.Sinks\tests\_shared\LogEventBuilder.cs(19,46): error CS0117: 'KnownLogLevels' does not contain a definition for 'Info' [E:\dev\herald\Modules\Herald.Sinks\tests\Herald.Sinks.DynamoDB.Tests\Herald.Sinks.DynamoDB.Tests.csproj::TargetFramework=net8.0]
E:\dev\herald\Modules\Herald.Sinks\tests\_shared\LogEventBuilder.cs(19,46): error CS0117: 'KnownLogLevels' does not contain a definition for 'Info' [E:\dev\herald\Modules\Herald.Sinks\tests\Herald.Sinks.Kinesis.Tests\Herald.Sinks.Kinesis.Tests.csproj::TargetFramework=net9.0]
E:\dev\herald\Modules\Herald.Sinks\tests\_shared\LogEventBuilder.cs(19,46): error CS0117: 'KnownLogLevels' does not contain a definition for 'Info' [E:\dev\herald\Modules\Herald.Sinks\tests\Herald.Sinks.OtlpGrpc.Tests\Herald.Sinks.OtlpGrpc.Tests.csproj::TargetFramework=net10.0]
E:\dev\herald\Modules\Herald.Sinks\tests\_shared\LogEventBuilder.cs(19,46): error CS0117: 'KnownLogLevels' does not contain a definition for 'Info' [E:\dev\herald\Modules\Herald.Sinks\tests\Herald.Sinks.Exceptionless.Tests\Herald.Sinks.Exceptionless.Tests.csproj::TargetFramework=net8.0]
E:\dev\herald\Modules\Herald.Sinks\tests\_shared\LogEventBuilder.cs(19,46): error CS0117: 'KnownLogLevels' does not contain a definition for 'Info' [E:\dev\herald\Modules\Herald.Sinks\tests\Herald.Sinks.Redis.Tests\Herald.Sinks.Redis.Tests.csproj::TargetFramework=net8.0]
E:\dev\herald\Modules\Herald.Sinks\tests\_shared\LogEventBuilder.cs(19,46): error CS0117: 'KnownLogLevels' does not contain a definition for 'Info' [E:\dev\herald\Modules\Herald.Sinks\tests\Herald.Sinks.Rollbar.Tests\Herald.Sinks.Rollbar.Tests.csproj::TargetFramework=net10.0]
E:\dev\herald\Modules\Herald.Sinks\tests\_shared\LogEventBuilder.cs(19,46): error CS0117: 'KnownLogLevels' does not contain a definition for 'Info' [E:\dev\herald\Modules\Herald.Sinks\tests\Herald.Sinks.Sentry.Tests\Herald.Sinks.Sentry.Tests.csproj::TargetFramework=net10.0]
E:\dev\herald\Modules\Herald.Sinks\tests\_shared\LogEventBuilder.cs(19,46): error CS0117: 'KnownLogLevels' does not contain a definition for 'Info' [E:\dev\herald\Modules\Herald.Sinks\tests\Herald.Sinks.OtlpGrpc.Tests\Herald.Sinks.OtlpGrpc.Tests.csproj::TargetFramework=net8.0]
E:\dev\herald\Modules\Herald.Sinks\tests\_shared\LogEventBuilder.cs(19,46): error CS0117: 'KnownLogLevels' does not contain a definition for 'Info' [E:\dev\herald\Modules\Herald.Sinks\tests\Herald.Sinks.SumoLogic.Tests\Herald.Sinks.SumoLogic.Tests.csproj::TargetFramework=net10.0]
E:\dev\herald\Modules\Herald.Sinks\tests\_shared\LogEventBuilder.cs(19,46): error CS0117: 'KnownLogLevels' does not contain a definition for 'Info' [E:\dev\herald\Modules\Herald.Sinks\tests\Herald.Sinks.Raygun.Tests\Herald.Sinks.Raygun.Tests.csproj::TargetFramework=net8.0]
E:\dev\herald\Modules\Herald.Sinks\tests\_shared\LogEventBuilder.cs(19,46): error CS0117: 'KnownLogLevels' does not contain a definition for 'Info' [E:\dev\herald\Modules\Herald.Sinks\tests\Herald.Sinks.Sqs.Tests\Herald.Sinks.Sqs.Tests.csproj::TargetFramework=net10.0]
E:\dev\herald\Modules\Herald.Sinks\tests\_shared\LogEventBuilder.cs(19,46): error CS0117: 'KnownLogLevels' does not contain a definition for 'Info' [E:\dev\herald\Modules\Herald.Sinks\tests\Herald.Sinks.Twilio.Tests\Herald.Sinks.Twilio.Tests.csproj::TargetFramework=net10.0]
E:\dev\herald\Modules\Herald.Sinks\tests\_shared\LogEventBuilder.cs(19,46): error CS0117: 'KnownLogLevels' does not contain a definition for 'Info' [E:\dev\herald\Modules\Herald.Sinks\tests\Herald.Sinks.Twilio.Tests\Herald.Sinks.Twilio.Tests.csproj::TargetFramework=net8.0]
E:\dev\herald\Modules\Herald.Sinks\tests\_shared\LogEventBuilder.cs(19,46): error CS0117: 'KnownLogLevels' does not contain a definition for 'Info' [E:\dev\herald\Modules\Herald.Sinks\tests\Herald.Sinks.Coralogix.Tests\Herald.Sinks.Coralogix.Tests.csproj::TargetFramework=net10.0]
E:\dev\herald\Modules\Herald.Sinks\tests\Herald.Sinks.Coralogix.Tests\CoralogixLogSinkTests.cs(45,39): error CS0117: 'KnownLogLevels' does not contain a definition for 'Info' [E:\dev\herald\Modules\Herald.Sinks\tests\Herald.Sinks.Coralogix.Tests\Herald.Sinks.Coralogix.Tests.csproj::TargetFramework=net10.0]
E:\dev\herald\Modules\Herald.Sinks\tests\_shared\LogEventBuilder.cs(19,46): error CS0117: 'KnownLogLevels' does not contain a definition for 'Info' [E:\dev\herald\Modules\Herald.Sinks\tests\Herald.Sinks.Twilio.Tests\Herald.Sinks.Twilio.Tests.csproj::TargetFramework=net9.0]
E:\dev\herald\Modules\Herald.Sinks\tests\_shared\LogEventBuilder.cs(19,46): error CS0117: 'KnownLogLevels' does not contain a definition for 'Info' [E:\dev\herald\Modules\Herald.Sinks\tests\Herald.Sinks.Elasticsearch.Tests\Herald.Sinks.Elasticsearch.Tests.csproj::TargetFramework=net8.0]
E:\dev\herald\Modules\Herald.Sinks\tests\Herald.Sinks.Elasticsearch.Tests\ElasticsearchLogSinkTests.cs(44,39): error CS0117: 'KnownLogLevels' does not contain a definition for 'Warn' [E:\dev\herald\Modules\Herald.Sinks\tests\Herald.Sinks.Elasticsearch.Tests\Herald.Sinks.Elasticsearch.Tests.csproj::TargetFramework=net8.0]
E:\dev\herald\Modules\Herald.Sinks\tests\_shared\LogEventBuilder.cs(19,46): error CS0117: 'KnownLogLevels' does not contain a definition for 'Info' [E:\dev\herald\Modules\Herald.Sinks\tests\Herald.Sinks.Splunk.Tests\Herald.Sinks.Splunk.Tests.csproj::TargetFramework=net10.0]
E:\dev\herald\Modules\Herald.Sinks\tests\Herald.Sinks.Splunk.Tests\SplunkHecLogSinkTests.cs(48,39): error CS0117: 'KnownLogLevels' does not contain a definition for 'Warn' [E:\dev\herald\Modules\Herald.Sinks\tests\Herald.Sinks.Splunk.Tests\Herald.Sinks.Splunk.Tests.csproj::TargetFramework=net10.0]
E:\dev\herald\Modules\Herald.Sinks\tests\_shared\LogEventBuilder.cs(19,46): error CS0117: 'KnownLogLevels' does not contain a definition for 'Info' [E:\dev\herald\Modules\Herald.Sinks\tests\Herald.Sinks.GoogleCloudLogging.Tests\Herald.Sinks.GoogleCloudLogging.Tests.csproj::TargetFramework=net8.0]
  Herald.Sinks.Bugsnag -> E:\dev\herald\Modules\Herald.Sinks\src\Herald.Sinks.Bugsnag\bin\Debug\net8.0\Herald.Sinks.Bugsnag.dll
E:\dev\herald\Modules\Herald.Sinks\tests\_shared\LogEventBuilder.cs(19,46): error CS0117: 'KnownLogLevels' does not contain a definition for 'Info' [E:\dev\herald\Modules\Herald.Sinks\tests\Herald.Sinks.Pulsar.Tests\Herald.Sinks.Pulsar.Tests.csproj::TargetFramework=net8.0]
E:\dev\herald\Modules\Herald.Sinks\tests\_shared\LogEventBuilder.cs(19,46): error CS0117: 'KnownLogLevels' does not contain a definition for 'Info' [E:\dev\herald\Modules\Herald.Sinks\tests\Herald.Sinks.Mezmo.Tests\Herald.Sinks.Mezmo.Tests.csproj::TargetFramework=net8.0]
E:\dev\herald\Modules\Herald.Sinks\tests\_shared\LogEventBuilder.cs(19,46): error CS0117: 'KnownLogLevels' does not contain a definition for 'Info' [E:\dev\herald\Modules\Herald.Sinks\tests\Herald.Sinks.InMemory.Tests\Herald.Sinks.InMemory.Tests.csproj::TargetFramework=net9.0]
E:\dev\herald\Modules\Herald.Sinks\tests\_shared\LogEventBuilder.cs(19,46): error CS0117: 'KnownLogLevels' does not contain a definition for 'Info' [E:\dev\herald\Modules\Herald.Sinks\tests\Herald.Sinks.Loggly.Tests\Herald.Sinks.Loggly.Tests.csproj::TargetFramework=net10.0]
E:\dev\herald\Modules\Herald.Sinks\tests\_shared\LogEventBuilder.cs(19,46): error CS0117: 'KnownLogLevels' does not contain a definition for 'Info' [E:\dev\herald\Modules\Herald.Sinks\tests\Herald.Sinks.Raygun.Tests\Herald.Sinks.Raygun.Tests.csproj::TargetFramework=net10.0]
E:\dev\herald\Modules\Herald.Sinks\tests\_shared\LogEventBuilder.cs(19,46): error CS0117: 'KnownLogLevels' does not contain a definition for 'Info' [E:\dev\herald\Modules\Herald.Sinks\tests\Herald.Sinks.ElmahIo.Tests\Herald.Sinks.ElmahIo.Tests.csproj::TargetFramework=net10.0]
E:\dev\herald\Modules\Herald.Sinks\tests\_shared\LogEventBuilder.cs(19,46): error CS0117: 'KnownLogLevels' does not contain a definition for 'Info' [E:\dev\herald\Modules\Herald.Sinks\tests\Herald.Sinks.TcpJsonLine.Tests\Herald.Sinks.TcpJsonLine.Tests.csproj::TargetFramework=net10.0]
  Herald.Business -> E:\dev\herald\Modules\Herald.Sinks\meta\Herald.Business\bin\Debug\net9.0\Herald.Business.dll
  Herald.Game.Pro -> E:\dev\herald\Modules\Herald.Sinks\meta\Herald.Game.Pro\bin\Debug\net9.0\Herald.Game.Pro.dll
E:\dev\herald\Modules\Herald.Sinks\tests\_shared\LogEventBuilder.cs(19,46): error CS0117: 'KnownLogLevels' does not contain a definition for 'Info' [E:\dev\herald\Modules\Herald.Sinks\tests\Herald.Sinks.AzureServiceBus.Tests\Herald.Sinks.AzureServiceBus.Tests.csproj::TargetFramework=net8.0]
E:\dev\herald\Modules\Herald.Sinks\tests\_shared\LogEventBuilder.cs(19,46): error CS0117: 'KnownLogLevels' does not contain a definition for 'Info' [E:\dev\herald\Modules\Herald.Sinks\tests\Herald.Sinks.Raygun.Tests\Herald.Sinks.Raygun.Tests.csproj::TargetFramework=net9.0]
E:\dev\herald\Modules\Herald.Sinks\tests\_shared\LogEventBuilder.cs(19,46): error CS0117: 'KnownLogLevels' does not contain a definition for 'Info' [E:\dev\herald\Modules\Herald.Sinks\tests\Herald.Sinks.Bugsnag.Tests\Herald.Sinks.Bugsnag.Tests.csproj::TargetFramework=net8.0]
E:\dev\herald\Modules\Herald.Sinks\tests\_shared\LogEventBuilder.cs(19,46): error CS0117: 'KnownLogLevels' does not contain a definition for 'Info' [E:\dev\herald\Modules\Herald.Sinks\tests\Herald.Sinks.Seq.Tests\Herald.Sinks.Seq.Tests.csproj::TargetFramework=net10.0]
E:\dev\herald\Modules\Herald.Sinks\tests\Herald.Sinks.Seq.Tests\SeqLogSinkTests.cs(85,68): error CS0117: 'KnownLogLevels' does not contain a definition for 'Info' [E:\dev\herald\Modules\Herald.Sinks\tests\Herald.Sinks.Seq.Tests\Herald.Sinks.Seq.Tests.csproj::TargetFramework=net10.0]
E:\dev\herald\Modules\Herald.Sinks\tests\_shared\LogEventBuilder.cs(19,46): error CS0117: 'KnownLogLevels' does not contain a definition for 'Info' [E:\dev\herald\Modules\Herald.Sinks\tests\Herald.Sinks.TextWriter.Tests\Herald.Sinks.TextWriter.Tests.csproj::TargetFramework=net9.0]
E:\dev\herald\Modules\Herald.Sinks\tests\Herald.Sinks.TextWriter.Tests\TextWriterLogSinkTests.cs(28,39): error CS0117: 'KnownLogLevels' does not contain a definition for 'Warn' [E:\dev\herald\Modules\Herald.Sinks\tests\Herald.Sinks.TextWriter.Tests\Herald.Sinks.TextWriter.Tests.csproj::TargetFramework=net9.0]
E:\dev\herald\Modules\Herald.Sinks\tests\_shared\LogEventBuilder.cs(19,46): error CS0117: 'KnownLogLevels' does not contain a definition for 'Info' [E:\dev\herald\Modules\Herald.Sinks\tests\Herald.Sinks.AzureBlobStorage.Tests\Herald.Sinks.AzureBlobStorage.Tests.csproj::TargetFramework=net8.0]
E:\dev\herald\Modules\Herald.Sinks\tests\_shared\LogEventBuilder.cs(19,46): error CS0117: 'KnownLogLevels' does not contain a definition for 'Info' [E:\dev\herald\Modules\Herald.Sinks\tests\Herald.Sinks.TcpJsonLine.Tests\Herald.Sinks.TcpJsonLine.Tests.csproj::TargetFramework=net8.0]
E:\dev\herald\Modules\Herald.Sinks\tests\_shared\LogEventBuilder.cs(19,46): error CS0117: 'KnownLogLevels' does not contain a definition for 'Info' [E:\dev\herald\Modules\Herald.Sinks\tests\Herald.Sinks.ApplicationInsightsSdk.Tests\Herald.Sinks.ApplicationInsightsSdk.Tests.csproj::TargetFramework=net10.0]
E:\dev\herald\Modules\Herald.Sinks\tests\_shared\LogEventBuilder.cs(19,46): error CS0117: 'KnownLogLevels' does not contain a definition for 'Info' [E:\dev\herald\Modules\Herald.Sinks\tests\Herald.Sinks.AzureAnalytics.Tests\Herald.Sinks.AzureAnalytics.Tests.csproj::TargetFramework=net10.0]
E:\dev\herald\Modules\Herald.Sinks\tests\Herald.Sinks.AzureAnalytics.Tests\AzureAnalyticsLogSinkTests.cs(75,68): error CS0117: 'KnownLogLevels' does not contain a definition for 'Warn' [E:\dev\herald\Modules\Herald.Sinks\tests\Herald.Sinks.AzureAnalytics.Tests\Herald.Sinks.AzureAnalytics.Tests.csproj::TargetFramework=net10.0]
E:\dev\herald\Modules\Herald.Sinks\tests\_shared\LogEventBuilder.cs(19,46): error CS0117: 'KnownLogLevels' does not contain a definition for 'Info' [E:\dev\herald\Modules\Herald.Sinks\tests\Herald.Sinks.Discord.Tests\Herald.Sinks.Discord.Tests.csproj::TargetFramework=net10.0]
E:\dev\herald\Modules\Herald.Sinks\tests\_shared\LogEventBuilder.cs(19,46): error CS0117: 'KnownLogLevels' does not contain a definition for 'Info' [E:\dev\herald\Modules\Herald.Sinks\tests\Herald.Sinks.Honeycomb.Tests\Herald.Sinks.Honeycomb.Tests.csproj::TargetFramework=net8.0]
E:\dev\herald\Modules\Herald.Sinks\tests\Herald.Sinks.Honeycomb.Tests\HoneycombLogSinkTests.cs(31,39): error CS0117: 'KnownLogLevels' does not contain a definition for 'Warn' [E:\dev\herald\Modules\Herald.Sinks\tests\Herald.Sinks.Honeycomb.Tests\Herald.Sinks.Honeycomb.Tests.csproj::TargetFramework=net8.0]
E:\dev\herald\Modules\Herald.Sinks\tests\_shared\LogEventBuilder.cs(19,46): error CS0117: 'KnownLogLevels' does not contain a definition for 'Info' [E:\dev\herald\Modules\Herald.Sinks\tests\Herald.Sinks.RabbitMQ.Tests\Herald.Sinks.RabbitMQ.Tests.csproj::TargetFramework=net8.0]
E:\dev\herald\Modules\Herald.Sinks\tests\_shared\LogEventBuilder.cs(19,46): error CS0117: 'KnownLogLevels' does not contain a definition for 'Info' [E:\dev\herald\Modules\Herald.Sinks\tests\Herald.Sinks.ElmahIo.Tests\Herald.Sinks.ElmahIo.Tests.csproj::TargetFramework=net8.0]
E:\dev\herald\Modules\Herald.Sinks\tests\_shared\LogEventBuilder.cs(19,46): error CS0117: 'KnownLogLevels' does not contain a definition for 'Info' [E:\dev\herald\Modules\Herald.Sinks\tests\Herald.Sinks.AwsCloudWatch.Tests\Herald.Sinks.AwsCloudWatch.Tests.csproj::TargetFramework=net8.0]
E:\dev\herald\Modules\Herald.Sinks\tests\_shared\LogEventBuilder.cs(19,46): error CS0117: 'KnownLogLevels' does not contain a definition for 'Info' [E:\dev\herald\Modules\Herald.Sinks\tests\Herald.Sinks.OtlpGrpc.Tests\Herald.Sinks.OtlpGrpc.Tests.csproj::TargetFramework=net9.0]
  Herald.Sinks.Batching.Tests -> E:\dev\herald\Modules\Herald.Sinks\tests\Herald.Sinks.Batching.Tests\bin\Debug\net10.0\Herald.Sinks.Batching.Tests.dll
E:\dev\herald\Modules\Herald.Sinks\tests\_shared\LogEventBuilder.cs(19,46): error CS0117: 'KnownLogLevels' does not contain a definition for 'Info' [E:\dev\herald\Modules\Herald.Sinks\tests\Herald.Sinks.AmazonS3.Tests\Herald.Sinks.AmazonS3.Tests.csproj::TargetFramework=net10.0]
E:\dev\herald\Modules\Herald.Sinks\tests\_shared\LogEventBuilder.cs(19,46): error CS0117: 'KnownLogLevels' does not contain a definition for 'Info' [E:\dev\herald\Modules\Herald.Sinks\tests\Herald.Sinks.RavenDB.Tests\Herald.Sinks.RavenDB.Tests.csproj::TargetFramework=net8.0]
E:\dev\herald\Modules\Herald.Sinks\tests\_shared\LogEventBuilder.cs(19,46): error CS0117: 'KnownLogLevels' does not contain a definition for 'Info' [E:\dev\herald\Modules\Herald.Sinks\tests\Herald.Sinks.Cassandra.Tests\Herald.Sinks.Cassandra.Tests.csproj::TargetFramework=net10.0]
E:\dev\herald\Modules\Herald.Sinks\tests\_shared\LogEventBuilder.cs(19,46): error CS0117: 'KnownLogLevels' does not contain a definition for 'Info' [E:\dev\herald\Modules\Herald.Sinks\tests\Herald.Sinks.MySQL.Tests\Herald.Sinks.MySQL.Tests.csproj::TargetFramework=net8.0]
E:\dev\herald\Modules\Herald.Sinks\tests\_shared\LogEventBuilder.cs(19,46): error CS0117: 'KnownLogLevels' does not contain a definition for 'Info' [E:\dev\herald\Modules\Herald.Sinks\tests\Herald.Sinks.Loki.Tests\Herald.Sinks.Loki.Tests.csproj::TargetFramework=net10.0]
E:\dev\herald\Modules\Herald.Sinks\tests\Herald.Sinks.Loki.Tests\LokiLogSinkTests.cs(31,39): error CS0117: 'KnownLogLevels' does not contain a definition for 'Warn' [E:\dev\herald\Modules\Herald.Sinks\tests\Herald.Sinks.Loki.Tests\Herald.Sinks.Loki.Tests.csproj::TargetFramework=net10.0]
E:\dev\herald\Modules\Herald.Sinks\tests\Herald.Sinks.Loki.Tests\LokiLogSinkTests.cs(148,63): error CS0117: 'KnownLogLevels' does not contain a definition for 'Info' [E:\dev\herald\Modules\Herald.Sinks\tests\Herald.Sinks.Loki.Tests\Herald.Sinks.Loki.Tests.csproj::TargetFramework=net10.0]
E:\dev\herald\Modules\Herald.Sinks\tests\Herald.Sinks.Loki.Tests\LokiLogSinkTests.cs(149,63): error CS0117: 'KnownLogLevels' does not contain a definition for 'Warn' [E:\dev\herald\Modules\Herald.Sinks\tests\Herald.Sinks.Loki.Tests\Herald.Sinks.Loki.Tests.csproj::TargetFramework=net10.0]
E:\dev\herald\Modules\Herald.Sinks\tests\Herald.Sinks.Loki.Tests\LokiLogSinkTests.cs(150,63): error CS0117: 'KnownLogLevels' does not contain a definition for 'Info' [E:\dev\herald\Modules\Herald.Sinks\tests\Herald.Sinks.Loki.Tests\Herald.Sinks.Loki.Tests.csproj::TargetFramework=net10.0]
E:\dev\herald\Modules\Herald.Sinks\tests\_shared\LogEventBuilder.cs(19,46): error CS0117: 'KnownLogLevels' does not contain a definition for 'Info' [E:\dev\herald\Modules\Herald.Sinks\tests\Herald.Sinks.Mqtt.Tests\Herald.Sinks.Mqtt.Tests.csproj::TargetFramework=net8.0]
E:\dev\herald\Modules\Herald.Sinks\tests\_shared\LogEventBuilder.cs(19,46): error CS0117: 'KnownLogLevels' does not contain a definition for 'Info' [E:\dev\herald\Modules\Herald.Sinks\tests\Herald.Sinks.Stackify.Tests\Herald.Sinks.Stackify.Tests.csproj::TargetFramework=net8.0]
E:\dev\herald\Modules\Herald.Sinks\tests\_shared\LogEventBuilder.cs(19,46): error CS0117: 'KnownLogLevels' does not contain a definition for 'Info' [E:\dev\herald\Modules\Herald.Sinks\tests\Herald.Sinks.Nats.Tests\Herald.Sinks.Nats.Tests.csproj::TargetFramework=net10.0]
E:\dev\herald\Modules\Herald.Sinks\tests\_shared\LogEventBuilder.cs(19,46): error CS0117: 'KnownLogLevels' does not contain a definition for 'Info' [E:\dev\herald\Modules\Herald.Sinks\tests\Herald.Sinks.BigQuery.Tests\Herald.Sinks.BigQuery.Tests.csproj::TargetFramework=net10.0]
E:\dev\herald\Modules\Herald.Sinks\tests\_shared\LogEventBuilder.cs(19,46): error CS0117: 'KnownLogLevels' does not contain a definition for 'Info' [E:\dev\herald\Modules\Herald.Sinks\tests\Herald.Sinks.LogzIo.Tests\Herald.Sinks.LogzIo.Tests.csproj::TargetFramework=net10.0]
E:\dev\herald\Modules\Herald.Sinks\tests\Herald.Sinks.HttpJson.Tests\HttpJsonLogSinkTests.cs(29,69): error CS0117: 'KnownLogLevels' does not contain a definition for 'Info' [E:\dev\herald\Modules\Herald.Sinks\tests\Herald.Sinks.HttpJson.Tests\Herald.Sinks.HttpJson.Tests.csproj::TargetFramework=net8.0]
E:\dev\herald\Modules\Herald.Sinks\tests\_shared\LogEventBuilder.cs(19,46): error CS0117: 'KnownLogLevels' does not contain a definition for 'Info' [E:\dev\herald\Modules\Herald.Sinks\tests\Herald.Sinks.HttpJson.Tests\Herald.Sinks.HttpJson.Tests.csproj::TargetFramework=net8.0]
E:\dev\herald\Modules\Herald.Sinks\tests\_shared\LogEventBuilder.cs(19,46): error CS0117: 'KnownLogLevels' does not contain a definition for 'Info' [E:\dev\herald\Modules\Herald.Sinks\tests\Herald.Sinks.Syslog.Tests\Herald.Sinks.Syslog.Tests.csproj::TargetFramework=net10.0]
E:\dev\herald\Modules\Herald.Sinks\tests\Herald.Sinks.Syslog.Tests\SyslogMessageBuilderTests.cs(30,89): error CS0117: 'KnownLogLevels' does not contain a definition for 'Info' [E:\dev\herald\Modules\Herald.Sinks\tests\Herald.Sinks.Syslog.Tests\Herald.Sinks.Syslog.Tests.csproj::TargetFramework=net10.0]
E:\dev\herald\Modules\Herald.Sinks\tests\Herald.Sinks.Syslog.Tests\SyslogMessageBuilderTests.cs(105,39): error CS0117: 'KnownLogLevels' does not contain a definition for 'Trace' [E:\dev\herald\Modules\Herald.Sinks\tests\Herald.Sinks.Syslog.Tests\Herald.Sinks.Syslog.Tests.csproj::TargetFramework=net10.0]
E:\dev\herald\Modules\Herald.Sinks\tests\Herald.Sinks.Syslog.Tests\SyslogMessageBuilderTests.cs(107,38): error CS0117: 'KnownLogLevels' does not contain a definition for 'Info' [E:\dev\herald\Modules\Herald.Sinks\tests\Herald.Sinks.Syslog.Tests\Herald.Sinks.Syslog.Tests.csproj::TargetFramework=net10.0]
E:\dev\herald\Modules\Herald.Sinks\tests\Herald.Sinks.Syslog.Tests\SyslogMessageBuilderTests.cs(109,38): error CS0117: 'KnownLogLevels' does not contain a definition for 'Warn' [E:\dev\herald\Modules\Herald.Sinks\tests\Herald.Sinks.Syslog.Tests\Herald.Sinks.Syslog.Tests.csproj::TargetFramework=net10.0]
E:\dev\herald\Modules\Herald.Sinks\tests\Herald.Sinks.Syslog.Tests\SyslogMessageBuilderTests.cs(111,42): error CS0117: 'KnownLogLevels' does not contain a definition for 'Critical' [E:\dev\herald\Modules\Herald.Sinks\tests\Herald.Sinks.Syslog.Tests\Herald.Sinks.Syslog.Tests.csproj::TargetFramework=net10.0]
E:\dev\herald\Modules\Herald.Sinks\tests\Herald.Sinks.Syslog.Tests\SyslogMessageBuilderTests.cs(132,89): error CS0117: 'KnownLogLevels' does not contain a definition for 'Info' [E:\dev\herald\Modules\Herald.Sinks\tests\Herald.Sinks.Syslog.Tests\Herald.Sinks.Syslog.Tests.csproj::TargetFramework=net10.0]
E:\dev\herald\Modules\Herald.Sinks\tests\Herald.Sinks.Syslog.Tests\SyslogSinkRuntimeConfigTests.cs(221,39): error CS0117: 'KnownLogLevels' does not contain a definition for 'Info' [E:\dev\herald\Modules\Herald.Sinks\tests\Herald.Sinks.Syslog.Tests\Herald.Sinks.Syslog.Tests.csproj::TargetFramework=net10.0]
E:\dev\herald\Modules\Herald.Sinks\tests\_shared\LogEventBuilder.cs(19,46): error CS0117: 'KnownLogLevels' does not contain a definition for 'Info' [E:\dev\herald\Modules\Herald.Sinks\tests\Herald.Sinks.Axiom.Tests\Herald.Sinks.Axiom.Tests.csproj::TargetFramework=net10.0]
  Herald.Game.Pro -> E:\dev\herald\Modules\Herald.Sinks\meta\Herald.Game.Pro\bin\Debug\net10.0\Herald.Game.Pro.dll
E:\dev\herald\Modules\Herald.Sinks\tests\_shared\LogEventBuilder.cs(19,46): error CS0117: 'KnownLogLevels' does not contain a definition for 'Info' [E:\dev\herald\Modules\Herald.Sinks\tests\Herald.Sinks.AzureCosmosDB.Tests\Herald.Sinks.AzureCosmosDB.Tests.csproj::TargetFramework=net8.0]
E:\dev\herald\Modules\Herald.Sinks\tests\_shared\LogEventBuilder.cs(19,46): error CS0117: 'KnownLogLevels' does not contain a definition for 'Info' [E:\dev\herald\Modules\Herald.Sinks\tests\Herald.Sinks.AzureServiceBus.Tests\Herald.Sinks.AzureServiceBus.Tests.csproj::TargetFramework=net10.0]
  Herald.Business -> E:\dev\herald\Modules\Herald.Sinks\meta\Herald.Business\bin\Debug\net10.0\Herald.Business.dll
E:\dev\herald\Modules\Herald.Sinks\tests\_shared\LogEventBuilder.cs(19,46): error CS0117: 'KnownLogLevels' does not contain a definition for 'Info' [E:\dev\herald\Modules\Herald.Sinks\tests\Herald.Sinks.AwsCloudWatch.Tests\Herald.Sinks.AwsCloudWatch.Tests.csproj::TargetFramework=net10.0]
E:\dev\herald\Modules\Herald.Sinks\tests\_shared\LogEventBuilder.cs(19,46): error CS0117: 'KnownLogLevels' does not contain a definition for 'Info' [E:\dev\herald\Modules\Herald.Sinks\tests\Herald.Sinks.Coralogix.Tests\Herald.Sinks.Coralogix.Tests.csproj::TargetFramework=net8.0]
E:\dev\herald\Modules\Herald.Sinks\tests\Herald.Sinks.Coralogix.Tests\CoralogixLogSinkTests.cs(45,39): error CS0117: 'KnownLogLevels' does not contain a definition for 'Info' [E:\dev\herald\Modules\Herald.Sinks\tests\Herald.Sinks.Coralogix.Tests\Herald.Sinks.Coralogix.Tests.csproj::TargetFramework=net8.0]
E:\dev\herald\Modules\Herald.Sinks\tests\_shared\LogEventBuilder.cs(19,46): error CS0117: 'KnownLogLevels' does not contain a definition for 'Info' [E:\dev\herald\Modules\Herald.Sinks\tests\Herald.Sinks.Telegram.Tests\Herald.Sinks.Telegram.Tests.csproj::TargetFramework=net8.0]
E:\dev\herald\Modules\Herald.Sinks\tests\_shared\LogEventBuilder.cs(19,46): error CS0117: 'KnownLogLevels' does not contain a definition for 'Info' [E:\dev\herald\Modules\Herald.Sinks\tests\Herald.Sinks.Aliyun.Tests\Herald.Sinks.Aliyun.Tests.csproj::TargetFramework=net10.0]
E:\dev\herald\Modules\Herald.Sinks\tests\_shared\LogEventBuilder.cs(19,46): error CS0117: 'KnownLogLevels' does not contain a definition for 'Info' [E:\dev\herald\Modules\Herald.Sinks\tests\Herald.Sinks.PostgreSQL.Tests\Herald.Sinks.PostgreSQL.Tests.csproj::TargetFramework=net10.0]
E:\dev\herald\Modules\Herald.Sinks\tests\_shared\LogEventBuilder.cs(19,46): error CS0117: 'KnownLogLevels' does not contain a definition for 'Info' [E:\dev\herald\Modules\Herald.Sinks\tests\Herald.Sinks.Sentry.Tests\Herald.Sinks.Sentry.Tests.csproj::TargetFramework=net8.0]
  Herald.Business -> E:\dev\herald\Modules\Herald.Sinks\meta\Herald.Business\bin\Debug\net8.0\Herald.Business.dll
E:\dev\herald\Modules\Herald.Sinks\tests\_shared\LogEventBuilder.cs(19,46): error CS0117: 'KnownLogLevels' does not contain a definition for 'Info' [E:\dev\herald\Modules\Herald.Sinks\tests\Herald.Sinks.Kinesis.Tests\Herald.Sinks.Kinesis.Tests.csproj::TargetFramework=net8.0]
E:\dev\herald\Modules\Herald.Sinks\tests\_shared\LogEventBuilder.cs(19,46): error CS0117: 'KnownLogLevels' does not contain a definition for 'Info' [E:\dev\herald\Modules\Herald.Sinks\tests\Herald.Sinks.ApplicationInsightsSdk.Tests\Herald.Sinks.ApplicationInsightsSdk.Tests.csproj::TargetFramework=net8.0]
E:\dev\herald\Modules\Herald.Sinks\tests\_shared\LogEventBuilder.cs(19,46): error CS0117: 'KnownLogLevels' does not contain a definition for 'Info' [E:\dev\herald\Modules\Herald.Sinks\tests\Herald.Sinks.Graylog.Tests\Herald.Sinks.Graylog.Tests.csproj::TargetFramework=net10.0]
E:\dev\herald\Modules\Herald.Sinks\tests\Herald.Sinks.Graylog.Tests\GraylogMessageBuilderTests.cs(23,39): error CS0117: 'KnownLogLevels' does not contain a definition for 'Warn' [E:\dev\herald\Modules\Herald.Sinks\tests\Herald.Sinks.Graylog.Tests\Herald.Sinks.Graylog.Tests.csproj::TargetFramework=net10.0]
E:\dev\herald\Modules\Herald.Sinks\tests\Herald.Sinks.Graylog.Tests\GraylogMessageBuilderTests.cs(50,39): error CS0117: 'KnownLogLevels' does not contain a definition for 'Trace' [E:\dev\herald\Modules\Herald.Sinks\tests\Herald.Sinks.Graylog.Tests\Herald.Sinks.Graylog.Tests.csproj::TargetFramework=net10.0]
E:\dev\herald\Modules\Herald.Sinks\tests\Herald.Sinks.Graylog.Tests\GraylogMessageBuilderTests.cs(52,38): error CS0117: 'KnownLogLevels' does not contain a definition for 'Info' [E:\dev\herald\Modules\Herald.Sinks\tests\Herald.Sinks.Graylog.Tests\Herald.Sinks.Graylog.Tests.csproj::TargetFramework=net10.0]
E:\dev\herald\Modules\Herald.Sinks\tests\Herald.Sinks.Graylog.Tests\GraylogMessageBuilderTests.cs(54,38): error CS0117: 'KnownLogLevels' does not contain a definition for 'Warn' [E:\dev\herald\Modules\Herald.Sinks\tests\Herald.Sinks.Graylog.Tests\Herald.Sinks.Graylog.Tests.csproj::TargetFramework=net10.0]
E:\dev\herald\Modules\Herald.Sinks\tests\Herald.Sinks.Graylog.Tests\GraylogMessageBuilderTests.cs(56,42): error CS0117: 'KnownLogLevels' does not contain a definition for 'Critical' [E:\dev\herald\Modules\Herald.Sinks\tests\Herald.Sinks.Graylog.Tests\Herald.Sinks.Graylog.Tests.csproj::TargetFramework=net10.0]
  Herald.Game.Pro -> E:\dev\herald\Modules\Herald.Sinks\meta\Herald.Game.Pro\bin\Debug\net8.0\Herald.Game.Pro.dll

Build FAILED.

E:\dev\herald\Modules\Herald.Sinks\src\Herald.Sinks.File\obj\Debug\net9.0\MMP.Herald.OSS.Generators\MMP.Herald.Generators.SinkAutoRegistrationGenerator\__SinkAutoRegistration__.g.cs(17,90): error CS0436: The type 'JsonFileSinkProvider' in 'E:\dev\herald\Modules\Herald.Sinks\src\Herald.Sinks.File\Providers\JsonFileSinkProvider.cs' conflicts with the imported type 'JsonFileSinkProvider' in 'Herald.OSS, Version=0.12.0.0, Culture=neutral, PublicKeyToken=null'. Using the type defined in 'E:\dev\herald\Modules\Herald.Sinks\src\Herald.Sinks.File\Providers\JsonFileSinkProvider.cs'. [E:\dev\herald\Modules\Herald.Sinks\src\Herald.Sinks.File\Herald.Sinks.File.csproj::TargetFramework=net9.0]
E:\dev\herald\Modules\Herald.Sinks\src\Herald.Sinks.File\obj\Debug\net9.0\MMP.Herald.OSS.Generators\MMP.Herald.Generators.SinkAutoRegistrationGenerator\__SinkAutoRegistration__.g.cs(18,90): error CS0436: The type 'TextFileSinkProvider' in 'E:\dev\herald\Modules\Herald.Sinks\src\Herald.Sinks.File\Providers\TextFileSinkProvider.cs' conflicts with the imported type 'TextFileSinkProvider' in 'Herald.OSS, Version=0.12.0.0, Culture=neutral, PublicKeyToken=null'. Using the type defined in 'E:\dev\herald\Modules\Herald.Sinks\src\Herald.Sinks.File\Providers\TextFileSinkProvider.cs'. [E:\dev\herald\Modules\Herald.Sinks\src\Herald.Sinks.File\Herald.Sinks.File.csproj::TargetFramework=net9.0]
E:\dev\herald\Modules\Herald.Sinks\src\Herald.Sinks.File\FileSinkRegistration.cs(50,31): error CS0436: The type 'TextFileSinkProvider' in 'E:\dev\herald\Modules\Herald.Sinks\src\Herald.Sinks.File\Providers\TextFileSinkProvider.cs' conflicts with the imported type 'TextFileSinkProvider' in 'Herald.OSS, Version=0.12.0.0, Culture=neutral, PublicKeyToken=null'. Using the type defined in 'E:\dev\herald\Modules\Herald.Sinks\src\Herald.Sinks.File\Providers\TextFileSinkProvider.cs'. [E:\dev\herald\Modules\Herald.Sinks\src\Herald.Sinks.File\Herald.Sinks.File.csproj::TargetFramework=net9.0]
E:\dev\herald\Modules\Herald.Sinks\src\Herald.Sinks.File\FileSinkRegistration.cs(51,31): error CS0436: The type 'JsonFileSinkProvider' in 'E:\dev\herald\Modules\Herald.Sinks\src\Herald.Sinks.File\Providers\JsonFileSinkProvider.cs' conflicts with the imported type 'JsonFileSinkProvider' in 'Herald.OSS, Version=0.12.0.0, Culture=neutral, PublicKeyToken=null'. Using the type defined in 'E:\dev\herald\Modules\Herald.Sinks\src\Herald.Sinks.File\Providers\JsonFileSinkProvider.cs'. [E:\dev\herald\Modules\Herald.Sinks\src\Herald.Sinks.File\Herald.Sinks.File.csproj::TargetFramework=net9.0]
E:\dev\herald\Modules\Herald.Sinks\src\Herald.Sinks.File\FileSinkRegistration.cs(72,41): error CS0436: The type 'TextFileSinkProvider' in 'E:\dev\herald\Modules\Herald.Sinks\src\Herald.Sinks.File\Providers\TextFileSinkProvider.cs' conflicts with the imported type 'TextFileSinkProvider' in 'Herald.OSS, Version=0.12.0.0, Culture=neutral, PublicKeyToken=null'. Using the type defined in 'E:\dev\herald\Modules\Herald.Sinks\src\Herald.Sinks.File\Providers\TextFileSinkProvider.cs'. [E:\dev\herald\Modules\Herald.Sinks\src\Herald.Sinks.File\Herald.Sinks.File.csproj::TargetFramework=net9.0]
E:\dev\herald\Modules\Herald.Sinks\src\Herald.Sinks.File\FileSinkRegistration.cs(73,41): error CS0436: The type 'JsonFileSinkProvider' in 'E:\dev\herald\Modules\Herald.Sinks\src\Herald.Sinks.File\Providers\JsonFileSinkProvider.cs' conflicts with the imported type 'JsonFileSinkProvider' in 'Herald.OSS, Version=0.12.0.0, Culture=neutral, PublicKeyToken=null'. Using the type defined in 'E:\dev\herald\Modules\Herald.Sinks\src\Herald.Sinks.File\Providers\JsonFileSinkProvider.cs'. [E:\dev\herald\Modules\Herald.Sinks\src\Herald.Sinks.File\Herald.Sinks.File.csproj::TargetFramework=net9.0]
E:\dev\herald\Modules\Herald.Sinks\src\Herald.Sinks.UnityConsole\UnityConsoleLogSink.cs(90,44): error CS0117: 'LogLevelKeys' does not contain a definition for 'Critical' [E:\dev\herald\Modules\Herald.Sinks\src\Herald.Sinks.UnityConsole\Herald.Sinks.UnityConsole.csproj::TargetFramework=net8.0]
E:\dev\herald\Modules\Herald.Sinks\src\Herald.Sinks.UnityConsole\UnityConsoleLogSink.cs(91,22): error CS0117: 'LogLevelKeys' does not contain a definition for 'Warn' [E:\dev\herald\Modules\Herald.Sinks\src\Herald.Sinks.UnityConsole\Herald.Sinks.UnityConsole.csproj::TargetFramework=net8.0]
E:\dev\herald\Modules\Herald.Sinks\src\Herald.Sinks.GodotConsole\GodotConsoleLogSink.cs(98,44): error CS0117: 'LogLevelKeys' does not contain a definition for 'Critical' [E:\dev\herald\Modules\Herald.Sinks\src\Herald.Sinks.GodotConsole\Herald.Sinks.GodotConsole.csproj::TargetFramework=net9.0]
E:\dev\herald\Modules\Herald.Sinks\src\Herald.Sinks.GodotConsole\GodotConsoleLogSink.cs(99,22): error CS0117: 'LogLevelKeys' does not contain a definition for 'Warn' [E:\dev\herald\Modules\Herald.Sinks\src\Herald.Sinks.GodotConsole\Herald.Sinks.GodotConsole.csproj::TargetFramework=net9.0]
E:\dev\herald\Modules\Herald.Sinks\src\Herald.Sinks.UnityConsole\UnityConsoleLogSink.cs(90,44): error CS0117: 'LogLevelKeys' does not contain a definition for 'Critical' [E:\dev\herald\Modules\Herald.Sinks\src\Herald.Sinks.UnityConsole\Herald.Sinks.UnityConsole.csproj::TargetFramework=net9.0]
E:\dev\herald\Modules\Herald.Sinks\src\Herald.Sinks.UnityConsole\UnityConsoleLogSink.cs(91,22): error CS0117: 'LogLevelKeys' does not contain a definition for 'Warn' [E:\dev\herald\Modules\Herald.Sinks\src\Herald.Sinks.UnityConsole\Herald.Sinks.UnityConsole.csproj::TargetFramework=net9.0]
E:\dev\herald\Modules\Herald.Sinks\src\Herald.Sinks.GodotConsole\GodotConsoleLogSink.cs(98,44): error CS0117: 'LogLevelKeys' does not contain a definition for 'Critical' [E:\dev\herald\Modules\Herald.Sinks\src\Herald.Sinks.GodotConsole\Herald.Sinks.GodotConsole.csproj::TargetFramework=net10.0]
E:\dev\herald\Modules\Herald.Sinks\src\Herald.Sinks.GodotConsole\GodotConsoleLogSink.cs(99,22): error CS0117: 'LogLevelKeys' does not contain a definition for 'Warn' [E:\dev\herald\Modules\Herald.Sinks\src\Herald.Sinks.GodotConsole\Herald.Sinks.GodotConsole.csproj::TargetFramework=net10.0]
E:\dev\herald\Modules\Herald.Sinks\src\Herald.Sinks.File\obj\Debug\net8.0\MMP.Herald.OSS.Generators\MMP.Herald.Generators.SinkAutoRegistrationGenerator\__SinkAutoRegistration__.g.cs(17,90): error CS0436: The type 'JsonFileSinkProvider' in 'E:\dev\herald\Modules\Herald.Sinks\src\Herald.Sinks.File\Providers\JsonFileSinkProvider.cs' conflicts with the imported type 'JsonFileSinkProvider' in 'Herald.OSS, Version=0.12.0.0, Culture=neutral, PublicKeyToken=null'. Using the type defined in 'E:\dev\herald\Modules\Herald.Sinks\src\Herald.Sinks.File\Providers\JsonFileSinkProvider.cs'. [E:\dev\herald\Modules\Herald.Sinks\src\Herald.Sinks.File\Herald.Sinks.File.csproj::TargetFramework=net8.0]
E:\dev\herald\Modules\Herald.Sinks\src\Herald.Sinks.File\obj\Debug\net8.0\MMP.Herald.OSS.Generators\MMP.Herald.Generators.SinkAutoRegistrationGenerator\__SinkAutoRegistration__.g.cs(18,90): error CS0436: The type 'TextFileSinkProvider' in 'E:\dev\herald\Modules\Herald.Sinks\src\Herald.Sinks.File\Providers\TextFileSinkProvider.cs' conflicts with the imported type 'TextFileSinkProvider' in 'Herald.OSS, Version=0.12.0.0, Culture=neutral, PublicKeyToken=null'. Using the type defined in 'E:\dev\herald\Modules\Herald.Sinks\src\Herald.Sinks.File\Providers\TextFileSinkProvider.cs'. [E:\dev\herald\Modules\Herald.Sinks\src\Herald.Sinks.File\Herald.Sinks.File.csproj::TargetFramework=net8.0]
E:\dev\herald\Modules\Herald.Sinks\src\Herald.Sinks.File\FileSinkRegistration.cs(50,31): error CS0436: The type 'TextFileSinkProvider' in 'E:\dev\herald\Modules\Herald.Sinks\src\Herald.Sinks.File\Providers\TextFileSinkProvider.cs' conflicts with the imported type 'TextFileSinkProvider' in 'Herald.OSS, Version=0.12.0.0, Culture=neutral, PublicKeyToken=null'. Using the type defined in 'E:\dev\herald\Modules\Herald.Sinks\src\Herald.Sinks.File\Providers\TextFileSinkProvider.cs'. [E:\dev\herald\Modules\Herald.Sinks\src\Herald.Sinks.File\Herald.Sinks.File.csproj::TargetFramework=net8.0]
E:\dev\herald\Modules\Herald.Sinks\src\Herald.Sinks.File\FileSinkRegistration.cs(51,31): error CS0436: The type 'JsonFileSinkProvider' in 'E:\dev\herald\Modules\Herald.Sinks\src\Herald.Sinks.File\Providers\JsonFileSinkProvider.cs' conflicts with the imported type 'JsonFileSinkProvider' in 'Herald.OSS, Version=0.12.0.0, Culture=neutral, PublicKeyToken=null'. Using the type defined in 'E:\dev\herald\Modules\Herald.Sinks\src\Herald.Sinks.File\Providers\JsonFileSinkProvider.cs'. [E:\dev\herald\Modules\Herald.Sinks\src\Herald.Sinks.File\Herald.Sinks.File.csproj::TargetFramework=net8.0]
E:\dev\herald\Modules\Herald.Sinks\src\Herald.Sinks.File\FileSinkRegistration.cs(72,41): error CS0436: The type 'TextFileSinkProvider' in 'E:\dev\herald\Modules\Herald.Sinks\src\Herald.Sinks.File\Providers\TextFileSinkProvider.cs' conflicts with the imported type 'TextFileSinkProvider' in 'Herald.OSS, Version=0.12.0.0, Culture=neutral, PublicKeyToken=null'. Using the type defined in 'E:\dev\herald\Modules\Herald.Sinks\src\Herald.Sinks.File\Providers\TextFileSinkProvider.cs'. [E:\dev\herald\Modules\Herald.Sinks\src\Herald.Sinks.File\Herald.Sinks.File.csproj::TargetFramework=net8.0]
E:\dev\herald\Modules\Herald.Sinks\src\Herald.Sinks.File\FileSinkRegistration.cs(73,41): error CS0436: The type 'JsonFileSinkProvider' in 'E:\dev\herald\Modules\Herald.Sinks\src\Herald.Sinks.File\Providers\JsonFileSinkProvider.cs' conflicts with the imported type 'JsonFileSinkProvider' in 'Herald.OSS, Version=0.12.0.0, Culture=neutral, PublicKeyToken=null'. Using the type defined in 'E:\dev\herald\Modules\Herald.Sinks\src\Herald.Sinks.File\Providers\JsonFileSinkProvider.cs'. [E:\dev\herald\Modules\Herald.Sinks\src\Herald.Sinks.File\Herald.Sinks.File.csproj::TargetFramework=net8.0]
E:\dev\herald\Modules\Herald.Sinks\src\Herald.Sinks.GodotConsole\GodotConsoleLogSink.cs(98,44): error CS0117: 'LogLevelKeys' does not contain a definition for 'Critical' [E:\dev\herald\Modules\Herald.Sinks\src\Herald.Sinks.GodotConsole\Herald.Sinks.GodotConsole.csproj::TargetFramework=net8.0]
E:\dev\herald\Modules\Herald.Sinks\src\Herald.Sinks.GodotConsole\GodotConsoleLogSink.cs(99,22): error CS0117: 'LogLevelKeys' does not contain a definition for 'Warn' [E:\dev\herald\Modules\Herald.Sinks\src\Herald.Sinks.GodotConsole\Herald.Sinks.GodotConsole.csproj::TargetFramework=net8.0]
E:\dev\herald\Modules\Herald.Sinks\src\Herald.Sinks.UnityConsole\UnityConsoleLogSink.cs(90,44): error CS0117: 'LogLevelKeys' does not contain a definition for 'Critical' [E:\dev\herald\Modules\Herald.Sinks\src\Herald.Sinks.UnityConsole\Herald.Sinks.UnityConsole.csproj::TargetFramework=net10.0]
E:\dev\herald\Modules\Herald.Sinks\src\Herald.Sinks.UnityConsole\UnityConsoleLogSink.cs(91,22): error CS0117: 'LogLevelKeys' does not contain a definition for 'Warn' [E:\dev\herald\Modules\Herald.Sinks\src\Herald.Sinks.UnityConsole\Herald.Sinks.UnityConsole.csproj::TargetFramework=net10.0]
E:\dev\herald\Modules\Herald.Sinks\src\Herald.Sinks.File\FileSinkRegistration.cs(50,31): error CS0436: The type 'TextFileSinkProvider' in 'E:\dev\herald\Modules\Herald.Sinks\src\Herald.Sinks.File\Providers\TextFileSinkProvider.cs' conflicts with the imported type 'TextFileSinkProvider' in 'Herald.OSS, Version=0.12.0.0, Culture=neutral, PublicKeyToken=null'. Using the type defined in 'E:\dev\herald\Modules\Herald.Sinks\src\Herald.Sinks.File\Providers\TextFileSinkProvider.cs'. [E:\dev\herald\Modules\Herald.Sinks\src\Herald.Sinks.File\Herald.Sinks.File.csproj::TargetFramework=net10.0]
E:\dev\herald\Modules\Herald.Sinks\src\Herald.Sinks.File\FileSinkRegistration.cs(51,31): error CS0436: The type 'JsonFileSinkProvider' in 'E:\dev\herald\Modules\Herald.Sinks\src\Herald.Sinks.File\Providers\JsonFileSinkProvider.cs' conflicts with the imported type 'JsonFileSinkProvider' in 'Herald.OSS, Version=0.12.0.0, Culture=neutral, PublicKeyToken=null'. Using the type defined in 'E:\dev\herald\Modules\Herald.Sinks\src\Herald.Sinks.File\Providers\JsonFileSinkProvider.cs'. [E:\dev\herald\Modules\Herald.Sinks\src\Herald.Sinks.File\Herald.Sinks.File.csproj::TargetFramework=net10.0]
E:\dev\herald\Modules\Herald.Sinks\src\Herald.Sinks.File\obj\Debug\net10.0\MMP.Herald.OSS.Generators\MMP.Herald.Generators.SinkAutoRegistrationGenerator\__SinkAutoRegistration__.g.cs(17,90): error CS0436: The type 'JsonFileSinkProvider' in 'E:\dev\herald\Modules\Herald.Sinks\src\Herald.Sinks.File\Providers\JsonFileSinkProvider.cs' conflicts with the imported type 'JsonFileSinkProvider' in 'Herald.OSS, Version=0.12.0.0, Culture=neutral, PublicKeyToken=null'. Using the type defined in 'E:\dev\herald\Modules\Herald.Sinks\src\Herald.Sinks.File\Providers\JsonFileSinkProvider.cs'. [E:\dev\herald\Modules\Herald.Sinks\src\Herald.Sinks.File\Herald.Sinks.File.csproj::TargetFramework=net10.0]
E:\dev\herald\Modules\Herald.Sinks\src\Herald.Sinks.File\obj\Debug\net10.0\MMP.Herald.OSS.Generators\MMP.Herald.Generators.SinkAutoRegistrationGenerator\__SinkAutoRegistration__.g.cs(18,90): error CS0436: The type 'TextFileSinkProvider' in 'E:\dev\herald\Modules\Herald.Sinks\src\Herald.Sinks.File\Providers\TextFileSinkProvider.cs' conflicts with the imported type 'TextFileSinkProvider' in 'Herald.OSS, Version=0.12.0.0, Culture=neutral, PublicKeyToken=null'. Using the type defined in 'E:\dev\herald\Modules\Herald.Sinks\src\Herald.Sinks.File\Providers\TextFileSinkProvider.cs'. [E:\dev\herald\Modules\Herald.Sinks\src\Herald.Sinks.File\Herald.Sinks.File.csproj::TargetFramework=net10.0]
E:\dev\herald\Modules\Herald.Sinks\src\Herald.Sinks.File\FileSinkRegistration.cs(72,41): error CS0436: The type 'TextFileSinkProvider' in 'E:\dev\herald\Modules\Herald.Sinks\src\Herald.Sinks.File\Providers\TextFileSinkProvider.cs' conflicts with the imported type 'TextFileSinkProvider' in 'Herald.OSS, Version=0.12.0.0, Culture=neutral, PublicKeyToken=null'. Using the type defined in 'E:\dev\herald\Modules\Herald.Sinks\src\Herald.Sinks.File\Providers\TextFileSinkProvider.cs'. [E:\dev\herald\Modules\Herald.Sinks\src\Herald.Sinks.File\Herald.Sinks.File.csproj::TargetFramework=net10.0]
E:\dev\herald\Modules\Herald.Sinks\src\Herald.Sinks.File\FileSinkRegistration.cs(73,41): error CS0436: The type 'JsonFileSinkProvider' in 'E:\dev\herald\Modules\Herald.Sinks\src\Herald.Sinks.File\Providers\JsonFileSinkProvider.cs' conflicts with the imported type 'JsonFileSinkProvider' in 'Herald.OSS, Version=0.12.0.0, Culture=neutral, PublicKeyToken=null'. Using the type defined in 'E:\dev\herald\Modules\Herald.Sinks\src\Herald.Sinks.File\Providers\JsonFileSinkProvider.cs'. [E:\dev\herald\Modules\Herald.Sinks\src\Herald.Sinks.File\Herald.Sinks.File.csproj::TargetFramework=net10.0]
E:\dev\herald\Modules\Herald.Sinks\src\Herald.Sinks.Parquet\ParquetLogSink.cs(102,34): error CS0234: The type or namespace name 'Create' does not exist in the namespace 'Herald.Sinks.File' (are you missing an assembly reference?) [E:\dev\herald\Modules\Herald.Sinks\src\Herald.Sinks.Parquet\Herald.Sinks.Parquet.csproj::TargetFramework=net9.0]
E:\dev\herald\Modules\Herald.Sinks\tests\_shared\LogEventBuilder.cs(19,46): error CS0117: 'KnownLogLevels' does not contain a definition for 'Info' [E:\dev\herald\Modules\Herald.Sinks\tests\Herald.Sinks.ApplicationInsightsHttp.Tests\Herald.Sinks.ApplicationInsightsHttp.Tests.csproj::TargetFramework=net9.0]
E:\dev\herald\Modules\Herald.Sinks\tests\Herald.Sinks.ApplicationInsightsHttp.Tests\ApplicationInsightsLogSinkTests.cs(121,39): error CS0117: 'KnownLogLevels' does not contain a definition for 'Info' [E:\dev\herald\Modules\Herald.Sinks\tests\Herald.Sinks.ApplicationInsightsHttp.Tests\Herald.Sinks.ApplicationInsightsHttp.Tests.csproj::TargetFramework=net9.0]
E:\dev\herald\Modules\Herald.Sinks\tests\_shared\LogEventBuilder.cs(19,46): error CS0117: 'KnownLogLevels' does not contain a definition for 'Info' [E:\dev\herald\Modules\Herald.Sinks\tests\Herald.Sinks.GenericWebhook.Tests\Herald.Sinks.GenericWebhook.Tests.csproj::TargetFramework=net9.0]
E:\dev\herald\Modules\Herald.Sinks\tests\_shared\LogEventBuilder.cs(19,46): error CS0117: 'KnownLogLevels' does not contain a definition for 'Info' [E:\dev\herald\Modules\Herald.Sinks\tests\Herald.Sinks.Datadog.Tests\Herald.Sinks.Datadog.Tests.csproj::TargetFramework=net9.0]
E:\dev\herald\Modules\Herald.Sinks\tests\Herald.Sinks.Datadog.Tests\DatadogLogSinkTests.cs(32,39): error CS0117: 'KnownLogLevels' does not contain a definition for 'Warn' [E:\dev\herald\Modules\Herald.Sinks\tests\Herald.Sinks.Datadog.Tests\Herald.Sinks.Datadog.Tests.csproj::TargetFramework=net9.0]
E:\dev\herald\Modules\Herald.Sinks\tests\_shared\LogEventBuilder.cs(19,46): error CS0117: 'KnownLogLevels' does not contain a definition for 'Info' [E:\dev\herald\Modules\Herald.Sinks\tests\Herald.Sinks.Graylog.Tests\Herald.Sinks.Graylog.Tests.csproj::TargetFramework=net9.0]
E:\dev\herald\Modules\Herald.Sinks\tests\Herald.Sinks.Graylog.Tests\GraylogMessageBuilderTests.cs(23,39): error CS0117: 'KnownLogLevels' does not contain a definition for 'Warn' [E:\dev\herald\Modules\Herald.Sinks\tests\Herald.Sinks.Graylog.Tests\Herald.Sinks.Graylog.Tests.csproj::TargetFramework=net9.0]
E:\dev\herald\Modules\Herald.Sinks\tests\Herald.Sinks.Graylog.Tests\GraylogMessageBuilderTests.cs(50,39): error CS0117: 'KnownLogLevels' does not contain a definition for 'Trace' [E:\dev\herald\Modules\Herald.Sinks\tests\Herald.Sinks.Graylog.Tests\Herald.Sinks.Graylog.Tests.csproj::TargetFramework=net9.0]
E:\dev\herald\Modules\Herald.Sinks\tests\Herald.Sinks.Graylog.Tests\GraylogMessageBuilderTests.cs(52,38): error CS0117: 'KnownLogLevels' does not contain a definition for 'Info' [E:\dev\herald\Modules\Herald.Sinks\tests\Herald.Sinks.Graylog.Tests\Herald.Sinks.Graylog.Tests.csproj::TargetFramework=net9.0]
E:\dev\herald\Modules\Herald.Sinks\tests\Herald.Sinks.Graylog.Tests\GraylogMessageBuilderTests.cs(54,38): error CS0117: 'KnownLogLevels' does not contain a definition for 'Warn' [E:\dev\herald\Modules\Herald.Sinks\tests\Herald.Sinks.Graylog.Tests\Herald.Sinks.Graylog.Tests.csproj::TargetFramework=net9.0]
E:\dev\herald\Modules\Herald.Sinks\tests\Herald.Sinks.Graylog.Tests\GraylogMessageBuilderTests.cs(56,42): error CS0117: 'KnownLogLevels' does not contain a definition for 'Critical' [E:\dev\herald\Modules\Herald.Sinks\tests\Herald.Sinks.Graylog.Tests\Herald.Sinks.Graylog.Tests.csproj::TargetFramework=net9.0]
E:\dev\herald\Modules\Herald.Sinks\tests\_shared\LogEventBuilder.cs(19,46): error CS0117: 'KnownLogLevels' does not contain a definition for 'Info' [E:\dev\herald\Modules\Herald.Sinks\tests\Herald.Sinks.ElmahIo.Tests\Herald.Sinks.ElmahIo.Tests.csproj::TargetFramework=net9.0]
E:\dev\herald\Modules\Herald.Sinks\tests\_shared\LogEventBuilder.cs(19,46): error CS0117: 'KnownLogLevels' does not contain a definition for 'Info' [E:\dev\herald\Modules\Herald.Sinks\tests\Herald.Sinks.AzureEventHub.Tests\Herald.Sinks.AzureEventHub.Tests.csproj::TargetFramework=net9.0]
E:\dev\herald\Modules\Herald.Sinks\tests\_shared\LogEventBuilder.cs(19,46): error CS0117: 'KnownLogLevels' does not contain a definition for 'Info' [E:\dev\herald\Modules\Herald.Sinks\tests\Herald.Sinks.Seq.Tests\Herald.Sinks.Seq.Tests.csproj::TargetFramework=net9.0]
E:\dev\herald\Modules\Herald.Sinks\tests\Herald.Sinks.Seq.Tests\SeqLogSinkTests.cs(85,68): error CS0117: 'KnownLogLevels' does not contain a definition for 'Info' [E:\dev\herald\Modules\Herald.Sinks\tests\Herald.Sinks.Seq.Tests\Herald.Sinks.Seq.Tests.csproj::TargetFramework=net9.0]
E:\dev\herald\Modules\Herald.Sinks\tests\_shared\LogEventBuilder.cs(19,46): error CS0117: 'KnownLogLevels' does not contain a definition for 'Info' [E:\dev\herald\Modules\Herald.Sinks\tests\Herald.Sinks.AzureLogAnalyticsDcr.Tests\Herald.Sinks.AzureLogAnalyticsDcr.Tests.csproj::TargetFramework=net9.0]
E:\dev\herald\Modules\Herald.Sinks\tests\_shared\LogEventBuilder.cs(19,46): error CS0117: 'KnownLogLevels' does not contain a definition for 'Info' [E:\dev\herald\Modules\Herald.Sinks\tests\Herald.Sinks.SumoLogic.Tests\Herald.Sinks.SumoLogic.Tests.csproj::TargetFramework=net9.0]
E:\dev\herald\Modules\Herald.Sinks\tests\_shared\LogEventBuilder.cs(19,46): error CS0117: 'KnownLogLevels' does not contain a definition for 'Info' [E:\dev\herald\Modules\Herald.Sinks\tests\Herald.Sinks.MSSqlServer.Tests\Herald.Sinks.MSSqlServer.Tests.csproj::TargetFramework=net9.0]
E:\dev\herald\Modules\Herald.Sinks\tests\_shared\LogEventBuilder.cs(19,46): error CS0117: 'KnownLogLevels' does not contain a definition for 'Info' [E:\dev\herald\Modules\Herald.Sinks\tests\Herald.Sinks.BetterStack.Tests\Herald.Sinks.BetterStack.Tests.csproj::TargetFramework=net9.0]
E:\dev\herald\Modules\Herald.Sinks\tests\_shared\LogEventBuilder.cs(19,46): error CS0117: 'KnownLogLevels' does not contain a definition for 'Info' [E:\dev\herald\Modules\Herald.Sinks\tests\Herald.Sinks.AzureServiceBus.Tests\Herald.Sinks.AzureServiceBus.Tests.csproj::TargetFramework=net9.0]
E:\dev\herald\Modules\Herald.Sinks\tests\_shared\LogEventBuilder.cs(19,46): error CS0117: 'KnownLogLevels' does not contain a definition for 'Info' [E:\dev\herald\Modules\Herald.Sinks\tests\Herald.Sinks.Syslog.Tests\Herald.Sinks.Syslog.Tests.csproj::TargetFramework=net9.0]
E:\dev\herald\Modules\Herald.Sinks\tests\Herald.Sinks.Syslog.Tests\SyslogMessageBuilderTests.cs(30,89): error CS0117: 'KnownLogLevels' does not contain a definition for 'Info' [E:\dev\herald\Modules\Herald.Sinks\tests\Herald.Sinks.Syslog.Tests\Herald.Sinks.Syslog.Tests.csproj::TargetFramework=net9.0]
E:\dev\herald\Modules\Herald.Sinks\tests\Herald.Sinks.Syslog.Tests\SyslogMessageBuilderTests.cs(105,39): error CS0117: 'KnownLogLevels' does not contain a definition for 'Trace' [E:\dev\herald\Modules\Herald.Sinks\tests\Herald.Sinks.Syslog.Tests\Herald.Sinks.Syslog.Tests.csproj::TargetFramework=net9.0]
E:\dev\herald\Modules\Herald.Sinks\tests\Herald.Sinks.Syslog.Tests\SyslogMessageBuilderTests.cs(107,38): error CS0117: 'KnownLogLevels' does not contain a definition for 'Info' [E:\dev\herald\Modules\Herald.Sinks\tests\Herald.Sinks.Syslog.Tests\Herald.Sinks.Syslog.Tests.csproj::TargetFramework=net9.0]
E:\dev\herald\Modules\Herald.Sinks\tests\Herald.Sinks.Syslog.Tests\SyslogMessageBuilderTests.cs(109,38): error CS0117: 'KnownLogLevels' does not contain a definition for 'Warn' [E:\dev\herald\Modules\Herald.Sinks\tests\Herald.Sinks.Syslog.Tests\Herald.Sinks.Syslog.Tests.csproj::TargetFramework=net9.0]
E:\dev\herald\Modules\Herald.Sinks\tests\Herald.Sinks.Syslog.Tests\SyslogMessageBuilderTests.cs(111,42): error CS0117: 'KnownLogLevels' does not contain a definition for 'Critical' [E:\dev\herald\Modules\Herald.Sinks\tests\Herald.Sinks.Syslog.Tests\Herald.Sinks.Syslog.Tests.csproj::TargetFramework=net9.0]
E:\dev\herald\Modules\Herald.Sinks\tests\Herald.Sinks.Syslog.Tests\SyslogMessageBuilderTests.cs(132,89): error CS0117: 'KnownLogLevels' does not contain a definition for 'Info' [E:\dev\herald\Modules\Herald.Sinks\tests\Herald.Sinks.Syslog.Tests\Herald.Sinks.Syslog.Tests.csproj::TargetFramework=net9.0]
E:\dev\herald\Modules\Herald.Sinks\tests\Herald.Sinks.Syslog.Tests\SyslogSinkRuntimeConfigTests.cs(221,39): error CS0117: 'KnownLogLevels' does not contain a definition for 'Info' [E:\dev\herald\Modules\Herald.Sinks\tests\Herald.Sinks.Syslog.Tests\Herald.Sinks.Syslog.Tests.csproj::TargetFramework=net9.0]
E:\dev\herald\Modules\Herald.Sinks\tests\_shared\LogEventBuilder.cs(19,46): error CS0117: 'KnownLogLevels' does not contain a definition for 'Info' [E:\dev\herald\Modules\Herald.Sinks\tests\Herald.Sinks.PagerDuty.Tests\Herald.Sinks.PagerDuty.Tests.csproj::TargetFramework=net9.0]
E:\dev\herald\Modules\Herald.Sinks\tests\Herald.Sinks.PagerDuty.Tests\PagerDutyLogSinkTests.cs(30,39): error CS0117: 'KnownLogLevels' does not contain a definition for 'Critical' [E:\dev\herald\Modules\Herald.Sinks\tests\Herald.Sinks.PagerDuty.Tests\Herald.Sinks.PagerDuty.Tests.csproj::TargetFramework=net9.0]
E:\dev\herald\Modules\Herald.Sinks\tests\_shared\LogEventBuilder.cs(19,46): error CS0117: 'KnownLogLevels' does not contain a definition for 'Info' [E:\dev\herald\Modules\Herald.Sinks\tests\Herald.Sinks.Debug.Tests\Herald.Sinks.Debug.Tests.csproj::TargetFramework=net9.0]
E:\dev\herald\Modules\Herald.Sinks\tests\Herald.Sinks.Debug.Tests\DebugLogSinkTests.cs(46,39): error CS0117: 'KnownLogLevels' does not contain a definition for 'Warn' [E:\dev\herald\Modules\Herald.Sinks\tests\Herald.Sinks.Debug.Tests\Herald.Sinks.Debug.Tests.csproj::TargetFramework=net9.0]
E:\dev\herald\Modules\Herald.Sinks\tests\_shared\LogEventBuilder.cs(19,46): error CS0117: 'KnownLogLevels' does not contain a definition for 'Info' [E:\dev\herald\Modules\Herald.Sinks\tests\Herald.Sinks.Pulsar.Tests\Herald.Sinks.Pulsar.Tests.csproj::TargetFramework=net9.0]
E:\dev\herald\Modules\Herald.Sinks\tests\_shared\LogEventBuilder.cs(19,46): error CS0117: 'KnownLogLevels' does not contain a definition for 'Info' [E:\dev\herald\Modules\Herald.Sinks\tests\Herald.Sinks.EventLog.Tests\Herald.Sinks.EventLog.Tests.csproj::TargetFramework=net9.0]
E:\dev\herald\Modules\Herald.Sinks\tests\_shared\LogEventBuilder.cs(19,46): error CS0117: 'KnownLogLevels' does not contain a definition for 'Info' [E:\dev\herald\Modules\Herald.Sinks\tests\Herald.Sinks.InMemory.Tests\Herald.Sinks.InMemory.Tests.csproj::TargetFramework=net8.0]
E:\dev\herald\Modules\Herald.Sinks\tests\_shared\LogEventBuilder.cs(19,46): error CS0117: 'KnownLogLevels' does not contain a definition for 'Info' [E:\dev\herald\Modules\Herald.Sinks\tests\Herald.Sinks.Bugsnag.Tests\Herald.Sinks.Bugsnag.Tests.csproj::TargetFramework=net9.0]
E:\dev\herald\Modules\Herald.Sinks\tests\_shared\LogEventBuilder.cs(19,46): error CS0117: 'KnownLogLevels' does not contain a definition for 'Info' [E:\dev\herald\Modules\Herald.Sinks\tests\Herald.Sinks.AzureCosmosDB.Tests\Herald.Sinks.AzureCosmosDB.Tests.csproj::TargetFramework=net9.0]
E:\dev\herald\Modules\Herald.Sinks\tests\_shared\LogEventBuilder.cs(19,46): error CS0117: 'KnownLogLevels' does not contain a definition for 'Info' [E:\dev\herald\Modules\Herald.Sinks\tests\Herald.Sinks.Exceptionless.Tests\Herald.Sinks.Exceptionless.Tests.csproj::TargetFramework=net9.0]
E:\dev\herald\Modules\Herald.Sinks\tests\_shared\LogEventBuilder.cs(19,46): error CS0117: 'KnownLogLevels' does not contain a definition for 'Info' [E:\dev\herald\Modules\Herald.Sinks\tests\Herald.Sinks.ClickHouse.Tests\Herald.Sinks.ClickHouse.Tests.csproj::TargetFramework=net9.0]
E:\dev\herald\Modules\Herald.Sinks\tests\_shared\LogEventBuilder.cs(19,46): error CS0117: 'KnownLogLevels' does not contain a definition for 'Info' [E:\dev\herald\Modules\Herald.Sinks\tests\Herald.Sinks.Sentry.Tests\Herald.Sinks.Sentry.Tests.csproj::TargetFramework=net9.0]
E:\dev\herald\Modules\Herald.Sinks\tests\_shared\LogEventBuilder.cs(19,46): error CS0117: 'KnownLogLevels' does not contain a definition for 'Info' [E:\dev\herald\Modules\Herald.Sinks\tests\Herald.Sinks.RavenDB.Tests\Herald.Sinks.RavenDB.Tests.csproj::TargetFramework=net9.0]
E:\dev\herald\Modules\Herald.Sinks\tests\_shared\LogEventBuilder.cs(19,46): error CS0117: 'KnownLogLevels' does not contain a definition for 'Info' [E:\dev\herald\Modules\Herald.Sinks\tests\Herald.Sinks.OpenSearch.Tests\Herald.Sinks.OpenSearch.Tests.csproj::TargetFramework=net9.0]
E:\dev\herald\Modules\Herald.Sinks\tests\_shared\LogEventBuilder.cs(19,46): error CS0117: 'KnownLogLevels' does not contain a definition for 'Info' [E:\dev\herald\Modules\Herald.Sinks\tests\Herald.Sinks.Mqtt.Tests\Herald.Sinks.Mqtt.Tests.csproj::TargetFramework=net9.0]
E:\dev\herald\Modules\Herald.Sinks\tests\_shared\LogEventBuilder.cs(19,46): error CS0117: 'KnownLogLevels' does not contain a definition for 'Info' [E:\dev\herald\Modules\Herald.Sinks\tests\Herald.Sinks.ApplicationInsightsSdk.Tests\Herald.Sinks.ApplicationInsightsSdk.Tests.csproj::TargetFramework=net9.0]
E:\dev\herald\Modules\Herald.Sinks\tests\_shared\LogEventBuilder.cs(19,46): error CS0117: 'KnownLogLevels' does not contain a definition for 'Info' [E:\dev\herald\Modules\Herald.Sinks\tests\Herald.Sinks.TcpJsonLine.Tests\Herald.Sinks.TcpJsonLine.Tests.csproj::TargetFramework=net9.0]
E:\dev\herald\Modules\Herald.Sinks\tests\_shared\LogEventBuilder.cs(19,46): error CS0117: 'KnownLogLevels' does not contain a definition for 'Info' [E:\dev\herald\Modules\Herald.Sinks\tests\Herald.Sinks.Sqs.Tests\Herald.Sinks.Sqs.Tests.csproj::TargetFramework=net9.0]
E:\dev\herald\Modules\Herald.Sinks\tests\Herald.Sinks.AzureAnalytics.Tests\AzureAnalyticsLogSinkTests.cs(75,68): error CS0117: 'KnownLogLevels' does not contain a definition for 'Warn' [E:\dev\herald\Modules\Herald.Sinks\tests\Herald.Sinks.AzureAnalytics.Tests\Herald.Sinks.AzureAnalytics.Tests.csproj::TargetFramework=net9.0]
E:\dev\herald\Modules\Herald.Sinks\tests\_shared\LogEventBuilder.cs(19,46): error CS0117: 'KnownLogLevels' does not contain a definition for 'Info' [E:\dev\herald\Modules\Herald.Sinks\tests\Herald.Sinks.MongoDB.Tests\Herald.Sinks.MongoDB.Tests.csproj::TargetFramework=net9.0]
E:\dev\herald\Modules\Herald.Sinks\tests\_shared\LogEventBuilder.cs(19,46): error CS0117: 'KnownLogLevels' does not contain a definition for 'Info' [E:\dev\herald\Modules\Herald.Sinks\tests\Herald.Sinks.AzureAnalytics.Tests\Herald.Sinks.AzureAnalytics.Tests.csproj::TargetFramework=net9.0]
E:\dev\herald\Modules\Herald.Sinks\tests\_shared\LogEventBuilder.cs(19,46): error CS0117: 'KnownLogLevels' does not contain a definition for 'Info' [E:\dev\herald\Modules\Herald.Sinks\tests\Herald.Sinks.MicrosoftTeams.Tests\Herald.Sinks.MicrosoftTeams.Tests.csproj::TargetFramework=net9.0]
E:\dev\herald\Modules\Herald.Sinks\tests\Herald.Sinks.InfluxDB.Tests\InfluxDBLogSinkTests.cs(48,39): error CS0117: 'KnownLogLevels' does not contain a definition for 'Info' [E:\dev\herald\Modules\Herald.Sinks\tests\Herald.Sinks.InfluxDB.Tests\Herald.Sinks.InfluxDB.Tests.csproj::TargetFramework=net9.0]
E:\dev\herald\Modules\Herald.Sinks\tests\_shared\LogEventBuilder.cs(19,46): error CS0117: 'KnownLogLevels' does not contain a definition for 'Info' [E:\dev\herald\Modules\Herald.Sinks\tests\Herald.Sinks.InfluxDB.Tests\Herald.Sinks.InfluxDB.Tests.csproj::TargetFramework=net9.0]
E:\dev\herald\Modules\Herald.Sinks\tests\_shared\LogEventBuilder.cs(19,46): error CS0117: 'KnownLogLevels' does not contain a definition for 'Info' [E:\dev\herald\Modules\Herald.Sinks\tests\Herald.Sinks.InMemory.Tests\Herald.Sinks.InMemory.Tests.csproj::TargetFramework=net10.0]
E:\dev\herald\Modules\Herald.Sinks\tests\_shared\LogEventBuilder.cs(19,46): error CS0117: 'KnownLogLevels' does not contain a definition for 'Info' [E:\dev\herald\Modules\Herald.Sinks\tests\Herald.Sinks.Debug.Tests\Herald.Sinks.Debug.Tests.csproj::TargetFramework=net8.0]
E:\dev\herald\Modules\Herald.Sinks\tests\Herald.Sinks.Debug.Tests\DebugLogSinkTests.cs(46,39): error CS0117: 'KnownLogLevels' does not contain a definition for 'Warn' [E:\dev\herald\Modules\Herald.Sinks\tests\Herald.Sinks.Debug.Tests\Herald.Sinks.Debug.Tests.csproj::TargetFramework=net8.0]
E:\dev\herald\Modules\Herald.Sinks\tests\_shared\LogEventBuilder.cs(19,46): error CS0117: 'KnownLogLevels' does not contain a definition for 'Info' [E:\dev\herald\Modules\Herald.Sinks\tests\Herald.Sinks.BigQuery.Tests\Herald.Sinks.BigQuery.Tests.csproj::TargetFramework=net9.0]
E:\dev\herald\Modules\Herald.Sinks\tests\_shared\LogEventBuilder.cs(19,46): error CS0117: 'KnownLogLevels' does not contain a definition for 'Info' [E:\dev\herald\Modules\Herald.Sinks\tests\Herald.Sinks.AwsCloudWatch.Tests\Herald.Sinks.AwsCloudWatch.Tests.csproj::TargetFramework=net9.0]
E:\dev\herald\Modules\Herald.Sinks\tests\Herald.Sinks.SignalFx.Tests\SignalFxLogSinkTests.cs(31,39): error CS0117: 'KnownLogLevels' does not contain a definition for 'Warn' [E:\dev\herald\Modules\Herald.Sinks\tests\Herald.Sinks.SignalFx.Tests\Herald.Sinks.SignalFx.Tests.csproj::TargetFramework=net9.0]
E:\dev\herald\Modules\Herald.Sinks\tests\_shared\LogEventBuilder.cs(19,46): error CS0117: 'KnownLogLevels' does not contain a definition for 'Info' [E:\dev\herald\Modules\Herald.Sinks\tests\Herald.Sinks.NewRelicLogs.Tests\Herald.Sinks.NewRelicLogs.Tests.csproj::TargetFramework=net9.0]
E:\dev\herald\Modules\Herald.Sinks\tests\_shared\LogEventBuilder.cs(19,46): error CS0117: 'KnownLogLevels' does not contain a definition for 'Info' [E:\dev\herald\Modules\Herald.Sinks\tests\Herald.Sinks.SignalFx.Tests\Herald.Sinks.SignalFx.Tests.csproj::TargetFramework=net9.0]
E:\dev\herald\Modules\Herald.Sinks\tests\_shared\LogEventBuilder.cs(19,46): error CS0117: 'KnownLogLevels' does not contain a definition for 'Info' [E:\dev\herald\Modules\Herald.Sinks\tests\Herald.Sinks.Honeycomb.Tests\Herald.Sinks.Honeycomb.Tests.csproj::TargetFramework=net9.0]
E:\dev\herald\Modules\Herald.Sinks\tests\_shared\LogEventBuilder.cs(19,46): error CS0117: 'KnownLogLevels' does not contain a definition for 'Info' [E:\dev\herald\Modules\Herald.Sinks\tests\Herald.Sinks.AmazonS3.Tests\Herald.Sinks.AmazonS3.Tests.csproj::TargetFramework=net9.0]
E:\dev\herald\Modules\Herald.Sinks\tests\Herald.Sinks.Honeycomb.Tests\HoneycombLogSinkTests.cs(31,39): error CS0117: 'KnownLogLevels' does not contain a definition for 'Warn' [E:\dev\herald\Modules\Herald.Sinks\tests\Herald.Sinks.Honeycomb.Tests\Herald.Sinks.Honeycomb.Tests.csproj::TargetFramework=net9.0]
E:\dev\herald\Modules\Herald.Sinks\tests\Herald.Sinks.HttpJson.Tests\HttpJsonLogSinkTests.cs(29,69): error CS0117: 'KnownLogLevels' does not contain a definition for 'Info' [E:\dev\herald\Modules\Herald.Sinks\tests\Herald.Sinks.HttpJson.Tests\Herald.Sinks.HttpJson.Tests.csproj::TargetFramework=net9.0]
E:\dev\herald\Modules\Herald.Sinks\tests\_shared\LogEventBuilder.cs(19,46): error CS0117: 'KnownLogLevels' does not contain a definition for 'Info' [E:\dev\herald\Modules\Herald.Sinks\tests\Herald.Sinks.RabbitMQ.Tests\Herald.Sinks.RabbitMQ.Tests.csproj::TargetFramework=net9.0]
E:\dev\herald\Modules\Herald.Sinks\tests\_shared\LogEventBuilder.cs(19,46): error CS0117: 'KnownLogLevels' does not contain a definition for 'Info' [E:\dev\herald\Modules\Herald.Sinks\tests\Herald.Sinks.EventLog.Tests\Herald.Sinks.EventLog.Tests.csproj::TargetFramework=net10.0]
E:\dev\herald\Modules\Herald.Sinks\tests\_shared\LogEventBuilder.cs(19,46): error CS0117: 'KnownLogLevels' does not contain a definition for 'Info' [E:\dev\herald\Modules\Herald.Sinks\tests\Herald.Sinks.HttpJson.Tests\Herald.Sinks.HttpJson.Tests.csproj::TargetFramework=net9.0]
E:\dev\herald\Modules\Herald.Sinks\tests\_shared\LogEventBuilder.cs(19,46): error CS0117: 'KnownLogLevels' does not contain a definition for 'Info' [E:\dev\herald\Modules\Herald.Sinks\tests\Herald.Sinks.Aliyun.Tests\Herald.Sinks.Aliyun.Tests.csproj::TargetFramework=net9.0]
E:\dev\herald\Modules\Herald.Sinks\tests\_shared\LogEventBuilder.cs(19,46): error CS0117: 'KnownLogLevels' does not contain a definition for 'Info' [E:\dev\herald\Modules\Herald.Sinks\tests\Herald.Sinks.Cassandra.Tests\Herald.Sinks.Cassandra.Tests.csproj::TargetFramework=net9.0]
E:\dev\herald\Modules\Herald.Sinks\tests\_shared\LogEventBuilder.cs(19,46): error CS0117: 'KnownLogLevels' does not contain a definition for 'Info' [E:\dev\herald\Modules\Herald.Sinks\tests\Herald.Sinks.Rollbar.Tests\Herald.Sinks.Rollbar.Tests.csproj::TargetFramework=net9.0]
E:\dev\herald\Modules\Herald.Sinks\tests\Herald.Sinks.Slack.Tests\SlackWebhookLogSinkTests.cs(39,39): error CS0117: 'KnownLogLevels' does not contain a definition for 'Warn' [E:\dev\herald\Modules\Herald.Sinks\tests\Herald.Sinks.Slack.Tests\Herald.Sinks.Slack.Tests.csproj::TargetFramework=net9.0]
E:\dev\herald\Modules\Herald.Sinks\tests\_shared\LogEventBuilder.cs(19,46): error CS0117: 'KnownLogLevels' does not contain a definition for 'Info' [E:\dev\herald\Modules\Herald.Sinks\tests\Herald.Sinks.Slack.Tests\Herald.Sinks.Slack.Tests.csproj::TargetFramework=net9.0]
E:\dev\herald\Modules\Herald.Sinks\tests\_shared\LogEventBuilder.cs(19,46): error CS0117: 'KnownLogLevels' does not contain a definition for 'Info' [E:\dev\herald\Modules\Herald.Sinks\tests\Herald.Sinks.Trace.Tests\Herald.Sinks.Trace.Tests.csproj::TargetFramework=net10.0]
E:\dev\herald\Modules\Herald.Sinks\tests\Herald.Sinks.Trace.Tests\TraceLogSinkTests.cs(40,39): error CS0117: 'KnownLogLevels' does not contain a definition for 'Warn' [E:\dev\herald\Modules\Herald.Sinks\tests\Herald.Sinks.Trace.Tests\Herald.Sinks.Trace.Tests.csproj::TargetFramework=net10.0]
E:\dev\herald\Modules\Herald.Sinks\tests\_shared\LogEventBuilder.cs(19,46): error CS0117: 'KnownLogLevels' does not contain a definition for 'Info' [E:\dev\herald\Modules\Herald.Sinks\tests\Herald.Sinks.Discord.Tests\Herald.Sinks.Discord.Tests.csproj::TargetFramework=net9.0]
E:\dev\herald\Modules\Herald.Sinks\tests\_shared\LogEventBuilder.cs(19,46): error CS0117: 'KnownLogLevels' does not contain a definition for 'Info' [E:\dev\herald\Modules\Herald.Sinks\tests\Herald.Sinks.Dynatrace.Tests\Herald.Sinks.Dynatrace.Tests.csproj::TargetFramework=net9.0]
E:\dev\herald\Modules\Herald.Sinks\tests\Herald.Sinks.Dynatrace.Tests\DynatraceLogSinkTests.cs(47,68): error CS0117: 'KnownLogLevels' does not contain a definition for 'Warn' [E:\dev\herald\Modules\Herald.Sinks\tests\Herald.Sinks.Dynatrace.Tests\Herald.Sinks.Dynatrace.Tests.csproj::TargetFramework=net9.0]
E:\dev\herald\Modules\Herald.Sinks\tests\_shared\LogEventBuilder.cs(19,46): error CS0117: 'KnownLogLevels' does not contain a definition for 'Info' [E:\dev\herald\Modules\Herald.Sinks\tests\Herald.Sinks.ZeroMQ.Tests\Herald.Sinks.ZeroMQ.Tests.csproj::TargetFramework=net9.0]
E:\dev\herald\Modules\Herald.Sinks\tests\_shared\LogEventBuilder.cs(19,46): error CS0117: 'KnownLogLevels' does not contain a definition for 'Info' [E:\dev\herald\Modules\Herald.Sinks\tests\Herald.Sinks.MySQL.Tests\Herald.Sinks.MySQL.Tests.csproj::TargetFramework=net9.0]
E:\dev\herald\Modules\Herald.Sinks\tests\_shared\LogEventBuilder.cs(19,46): error CS0117: 'KnownLogLevels' does not contain a definition for 'Info' [E:\dev\herald\Modules\Herald.Sinks\tests\Herald.Sinks.PostgreSQL.Tests\Herald.Sinks.PostgreSQL.Tests.csproj::TargetFramework=net9.0]
E:\dev\herald\Modules\Herald.Sinks\tests\_shared\LogEventBuilder.cs(19,46): error CS0117: 'KnownLogLevels' does not contain a definition for 'Info' [E:\dev\herald\Modules\Herald.Sinks\tests\Herald.Sinks.GoogleCloudLogging.Tests\Herald.Sinks.GoogleCloudLogging.Tests.csproj::TargetFramework=net9.0]
E:\dev\herald\Modules\Herald.Sinks\src\Herald.Sinks.Parquet\ParquetLogSink.cs(102,34): error CS0234: The type or namespace name 'Create' does not exist in the namespace 'Herald.Sinks.File' (are you missing an assembly reference?) [E:\dev\herald\Modules\Herald.Sinks\src\Herald.Sinks.Parquet\Herald.Sinks.Parquet.csproj::TargetFramework=net10.0]
E:\dev\herald\Modules\Herald.Sinks\tests\_shared\LogEventBuilder.cs(19,46): error CS0117: 'KnownLogLevels' does not contain a definition for 'Info' [E:\dev\herald\Modules\Herald.Sinks\tests\Herald.Sinks.TextWriter.Tests\Herald.Sinks.TextWriter.Tests.csproj::TargetFramework=net8.0]
E:\dev\herald\Modules\Herald.Sinks\tests\Herald.Sinks.TextWriter.Tests\TextWriterLogSinkTests.cs(28,39): error CS0117: 'KnownLogLevels' does not contain a definition for 'Warn' [E:\dev\herald\Modules\Herald.Sinks\tests\Herald.Sinks.TextWriter.Tests\Herald.Sinks.TextWriter.Tests.csproj::TargetFramework=net8.0]
E:\dev\herald\Modules\Herald.Sinks\tests\_shared\LogEventBuilder.cs(19,46): error CS0117: 'KnownLogLevels' does not contain a definition for 'Info' [E:\dev\herald\Modules\Herald.Sinks\tests\Herald.Sinks.Trace.Tests\Herald.Sinks.Trace.Tests.csproj::TargetFramework=net9.0]
E:\dev\herald\Modules\Herald.Sinks\tests\Herald.Sinks.Trace.Tests\TraceLogSinkTests.cs(40,39): error CS0117: 'KnownLogLevels' does not contain a definition for 'Warn' [E:\dev\herald\Modules\Herald.Sinks\tests\Herald.Sinks.Trace.Tests\Herald.Sinks.Trace.Tests.csproj::TargetFramework=net9.0]
E:\dev\herald\Modules\Herald.Sinks\tests\_shared\LogEventBuilder.cs(19,46): error CS0117: 'KnownLogLevels' does not contain a definition for 'Info' [E:\dev\herald\Modules\Herald.Sinks\tests\Herald.Sinks.AzureTableStorage.Tests\Herald.Sinks.AzureTableStorage.Tests.csproj::TargetFramework=net9.0]
E:\dev\herald\Modules\Herald.Sinks\tests\_shared\LogEventBuilder.cs(19,46): error CS0117: 'KnownLogLevels' does not contain a definition for 'Info' [E:\dev\herald\Modules\Herald.Sinks\tests\Herald.Sinks.Trace.Tests\Herald.Sinks.Trace.Tests.csproj::TargetFramework=net8.0]
E:\dev\herald\Modules\Herald.Sinks\tests\Herald.Sinks.Trace.Tests\TraceLogSinkTests.cs(40,39): error CS0117: 'KnownLogLevels' does not contain a definition for 'Warn' [E:\dev\herald\Modules\Herald.Sinks\tests\Herald.Sinks.Trace.Tests\Herald.Sinks.Trace.Tests.csproj::TargetFramework=net8.0]
E:\dev\herald\Modules\Herald.Sinks\tests\_shared\LogEventBuilder.cs(19,46): error CS0117: 'KnownLogLevels' does not contain a definition for 'Info' [E:\dev\herald\Modules\Herald.Sinks\tests\Herald.Sinks.SQLite.Tests\Herald.Sinks.SQLite.Tests.csproj::TargetFramework=net9.0]
E:\dev\herald\Modules\Herald.Sinks\tests\Herald.Sinks.SQLite.Tests\SQLiteLogSinkTests.cs(42,39): error CS0117: 'KnownLogLevels' does not contain a definition for 'Warn' [E:\dev\herald\Modules\Herald.Sinks\tests\Herald.Sinks.SQLite.Tests\Herald.Sinks.SQLite.Tests.csproj::TargetFramework=net9.0]
E:\dev\herald\Modules\Herald.Sinks\tests\_shared\LogEventBuilder.cs(19,46): error CS0117: 'KnownLogLevels' does not contain a definition for 'Info' [E:\dev\herald\Modules\Herald.Sinks\tests\Herald.Sinks.TextWriter.Tests\Herald.Sinks.TextWriter.Tests.csproj::TargetFramework=net10.0]
E:\dev\herald\Modules\Herald.Sinks\tests\Herald.Sinks.TextWriter.Tests\TextWriterLogSinkTests.cs(28,39): error CS0117: 'KnownLogLevels' does not contain a definition for 'Warn' [E:\dev\herald\Modules\Herald.Sinks\tests\Herald.Sinks.TextWriter.Tests\Herald.Sinks.TextWriter.Tests.csproj::TargetFramework=net10.0]
E:\dev\herald\Modules\Herald.Sinks\tests\_shared\LogEventBuilder.cs(19,46): error CS0117: 'KnownLogLevels' does not contain a definition for 'Info' [E:\dev\herald\Modules\Herald.Sinks\tests\Herald.Sinks.Redis.Tests\Herald.Sinks.Redis.Tests.csproj::TargetFramework=net9.0]
E:\dev\herald\Modules\Herald.Sinks\tests\_shared\LogEventBuilder.cs(19,46): error CS0117: 'KnownLogLevels' does not contain a definition for 'Info' [E:\dev\herald\Modules\Herald.Sinks\tests\Herald.Sinks.LogzIo.Tests\Herald.Sinks.LogzIo.Tests.csproj::TargetFramework=net9.0]
E:\dev\herald\Modules\Herald.Sinks\tests\_shared\LogEventBuilder.cs(19,46): error CS0117: 'KnownLogLevels' does not contain a definition for 'Info' [E:\dev\herald\Modules\Herald.Sinks\tests\Herald.Sinks.Elasticsearch.Tests\Herald.Sinks.Elasticsearch.Tests.csproj::TargetFramework=net9.0]
E:\dev\herald\Modules\Herald.Sinks\tests\Herald.Sinks.Elasticsearch.Tests\ElasticsearchLogSinkTests.cs(44,39): error CS0117: 'KnownLogLevels' does not contain a definition for 'Warn' [E:\dev\herald\Modules\Herald.Sinks\tests\Herald.Sinks.Elasticsearch.Tests\Herald.Sinks.Elasticsearch.Tests.csproj::TargetFramework=net9.0]
E:\dev\herald\Modules\Herald.Sinks\tests\_shared\LogEventBuilder.cs(19,46): error CS0117: 'KnownLogLevels' does not contain a definition for 'Info' [E:\dev\herald\Modules\Herald.Sinks\tests\Herald.Sinks.XUnit.Tests\Herald.Sinks.XUnit.Tests.csproj::TargetFramework=net10.0]
E:\dev\herald\Modules\Herald.Sinks\tests\Herald.Sinks.XUnit.Tests\XUnitLogSinkTests.cs(29,39): error CS0117: 'KnownLogLevels' does not contain a definition for 'Warn' [E:\dev\herald\Modules\Herald.Sinks\tests\Herald.Sinks.XUnit.Tests\Herald.Sinks.XUnit.Tests.csproj::TargetFramework=net10.0]
E:\dev\herald\Modules\Herald.Sinks\tests\_shared\LogEventBuilder.cs(19,46): error CS0117: 'KnownLogLevels' does not contain a definition for 'Info' [E:\dev\herald\Modules\Herald.Sinks\tests\Herald.Sinks.Coralogix.Tests\Herald.Sinks.Coralogix.Tests.csproj::TargetFramework=net9.0]
E:\dev\herald\Modules\Herald.Sinks\tests\Herald.Sinks.Coralogix.Tests\CoralogixLogSinkTests.cs(45,39): error CS0117: 'KnownLogLevels' does not contain a definition for 'Info' [E:\dev\herald\Modules\Herald.Sinks\tests\Herald.Sinks.Coralogix.Tests\Herald.Sinks.Coralogix.Tests.csproj::TargetFramework=net9.0]
E:\dev\herald\Modules\Herald.Sinks\tests\_shared\LogEventBuilder.cs(19,46): error CS0117: 'KnownLogLevels' does not contain a definition for 'Info' [E:\dev\herald\Modules\Herald.Sinks\tests\Herald.Sinks.AzureBlobStorage.Tests\Herald.Sinks.AzureBlobStorage.Tests.csproj::TargetFramework=net9.0]
E:\dev\herald\Modules\Herald.Sinks\tests\_shared\LogEventBuilder.cs(19,46): error CS0117: 'KnownLogLevels' does not contain a definition for 'Info' [E:\dev\herald\Modules\Herald.Sinks\tests\Herald.Sinks.Otlp.Tests\Herald.Sinks.Otlp.Tests.csproj::TargetFramework=net9.0]
E:\dev\herald\Modules\Herald.Sinks\tests\Herald.Sinks.Otlp.Tests\OtlpRoundTripConformanceTests.cs(42,39): error CS0117: 'KnownLogLevels' does not contain a definition for 'Info' [E:\dev\herald\Modules\Herald.Sinks\tests\Herald.Sinks.Otlp.Tests\Herald.Sinks.Otlp.Tests.csproj::TargetFramework=net9.0]
E:\dev\herald\Modules\Herald.Sinks\tests\Herald.Sinks.Otlp.Tests\ProtobufFileLogSinkTests.cs(43,13): error CS0234: The type or namespace name 'Delete' does not exist in the namespace 'Herald.Sinks.File' (are you missing an assembly reference?) [E:\dev\herald\Modules\Herald.Sinks\tests\Herald.Sinks.Otlp.Tests\Herald.Sinks.Otlp.Tests.csproj::TargetFramework=net9.0]
E:\dev\herald\Modules\Herald.Sinks\tests\Herald.Sinks.Otlp.Tests\OtlpJsonLogSinkTests.cs(33,39): error CS0117: 'KnownLogLevels' does not contain a definition for 'Info' [E:\dev\herald\Modules\Herald.Sinks\tests\Herald.Sinks.Otlp.Tests\Herald.Sinks.Otlp.Tests.csproj::TargetFramework=net9.0]
E:\dev\herald\Modules\Herald.Sinks\tests\Herald.Sinks.Otlp.Tests\OtlpProtobufLogSinkTests.cs(33,39): error CS0117: 'KnownLogLevels' does not contain a definition for 'Info' [E:\dev\herald\Modules\Herald.Sinks\tests\Herald.Sinks.Otlp.Tests\Herald.Sinks.Otlp.Tests.csproj::TargetFramework=net9.0]
E:\dev\herald\Modules\Herald.Sinks\tests\Herald.Sinks.Otlp.Tests\ProtobufFileLogSinkTests.cs(55,47): error CS0117: 'KnownLogLevels' does not contain a definition for 'Info' [E:\dev\herald\Modules\Herald.Sinks\tests\Herald.Sinks.Otlp.Tests\Herald.Sinks.Otlp.Tests.csproj::TargetFramework=net9.0]
E:\dev\herald\Modules\Herald.Sinks\tests\Herald.Sinks.Otlp.Tests\ProtobufFileLogSinkTests.cs(62,25): error CS0234: The type or namespace name 'ReadAllBytes' does not exist in the namespace 'Herald.Sinks.File' (are you missing an assembly reference?) [E:\dev\herald\Modules\Herald.Sinks\tests\Herald.Sinks.Otlp.Tests\Herald.Sinks.Otlp.Tests.csproj::TargetFramework=net9.0]
E:\dev\herald\Modules\Herald.Sinks\tests\Herald.Sinks.Otlp.Tests\ProtobufFileLogSinkTests.cs(74,13): error CS0234: The type or namespace name 'Delete' does not exist in the namespace 'Herald.Sinks.File' (are you missing an assembly reference?) [E:\dev\herald\Modules\Herald.Sinks\tests\Herald.Sinks.Otlp.Tests\Herald.Sinks.Otlp.Tests.csproj::TargetFramework=net9.0]
E:\dev\herald\Modules\Herald.Sinks\tests\Herald.Sinks.Otlp.Tests\ProtobufFileLogSinkTests.cs(89,47): error CS0117: 'KnownLogLevels' does not contain a definition for 'Info' [E:\dev\herald\Modules\Herald.Sinks\tests\Herald.Sinks.Otlp.Tests\Herald.Sinks.Otlp.Tests.csproj::TargetFramework=net9.0]
E:\dev\herald\Modules\Herald.Sinks\tests\Herald.Sinks.Otlp.Tests\ProtobufFileLogSinkTests.cs(97,13): error CS0234: The type or namespace name 'Delete' does not exist in the namespace 'Herald.Sinks.File' (are you missing an assembly reference?) [E:\dev\herald\Modules\Herald.Sinks\tests\Herald.Sinks.Otlp.Tests\Herald.Sinks.Otlp.Tests.csproj::TargetFramework=net9.0]
E:\dev\herald\Modules\Herald.Sinks\tests\Herald.Sinks.Otlp.Tests\ProtobufFileLogSinkTests.cs(114,13): error CS0234: The type or namespace name 'Delete' does not exist in the namespace 'Herald.Sinks.File' (are you missing an assembly reference?) [E:\dev\herald\Modules\Herald.Sinks\tests\Herald.Sinks.Otlp.Tests\Herald.Sinks.Otlp.Tests.csproj::TargetFramework=net9.0]
E:\dev\herald\Modules\Herald.Sinks\tests\Herald.Sinks.Otlp.Tests\ProtobufFileLogSinkTests.cs(133,13): error CS0234: The type or namespace name 'Delete' does not exist in the namespace 'Herald.Sinks.File' (are you missing an assembly reference?) [E:\dev\herald\Modules\Herald.Sinks\tests\Herald.Sinks.Otlp.Tests\Herald.Sinks.Otlp.Tests.csproj::TargetFramework=net9.0]
E:\dev\herald\Modules\Herald.Sinks\tests\Herald.Sinks.Otlp.Tests\ProtobufFileLogSinkTests.cs(147,13): error CS0234: The type or namespace name 'Exists' does not exist in the namespace 'Herald.Sinks.File' (are you missing an assembly reference?) [E:\dev\herald\Modules\Herald.Sinks\tests\Herald.Sinks.Otlp.Tests\Herald.Sinks.Otlp.Tests.csproj::TargetFramework=net9.0]
E:\dev\herald\Modules\Herald.Sinks\tests\Herald.Sinks.Otlp.Tests\ProtobufFileLogSinkTests.cs(148,25): error CS0234: The type or namespace name 'ReadAllBytes' does not exist in the namespace 'Herald.Sinks.File' (are you missing an assembly reference?) [E:\dev\herald\Modules\Herald.Sinks\tests\Herald.Sinks.Otlp.Tests\Herald.Sinks.Otlp.Tests.csproj::TargetFramework=net9.0]
E:\dev\herald\Modules\Herald.Sinks\tests\Herald.Sinks.Otlp.Tests\ProtobufFileLogSinkTests.cs(153,13): error CS0234: The type or namespace name 'Delete' does not exist in the namespace 'Herald.Sinks.File' (are you missing an assembly reference?) [E:\dev\herald\Modules\Herald.Sinks\tests\Herald.Sinks.Otlp.Tests\Herald.Sinks.Otlp.Tests.csproj::TargetFramework=net9.0]
E:\dev\herald\Modules\Herald.Sinks\tests\Herald.Sinks.Otlp.Tests\ProtobufFileLogSinkTests.cs(199,13): error CS0234: The type or namespace name 'Delete' does not exist in the namespace 'Herald.Sinks.File' (are you missing an assembly reference?) [E:\dev\herald\Modules\Herald.Sinks\tests\Herald.Sinks.Otlp.Tests\Herald.Sinks.Otlp.Tests.csproj::TargetFramework=net9.0]
E:\dev\herald\Modules\Herald.Sinks\tests\_shared\LogEventBuilder.cs(19,46): error CS0117: 'KnownLogLevels' does not contain a definition for 'Info' [E:\dev\herald\Modules\Herald.Sinks\tests\Herald.Sinks.Slack.Tests\Herald.Sinks.Slack.Tests.csproj::TargetFramework=net10.0]
E:\dev\herald\Modules\Herald.Sinks\tests\Herald.Sinks.Slack.Tests\SlackWebhookLogSinkTests.cs(39,39): error CS0117: 'KnownLogLevels' does not contain a definition for 'Warn' [E:\dev\herald\Modules\Herald.Sinks\tests\Herald.Sinks.Slack.Tests\Herald.Sinks.Slack.Tests.csproj::TargetFramework=net10.0]
E:\dev\herald\Modules\Herald.Sinks\tests\_shared\LogEventBuilder.cs(19,46): error CS0117: 'KnownLogLevels' does not contain a definition for 'Info' [E:\dev\herald\Modules\Herald.Sinks\tests\Herald.Sinks.AzureTableStorage.Tests\Herald.Sinks.AzureTableStorage.Tests.csproj::TargetFramework=net10.0]
E:\dev\herald\Modules\Herald.Sinks\tests\_shared\LogEventBuilder.cs(19,46): error CS0117: 'KnownLogLevels' does not contain a definition for 'Info' [E:\dev\herald\Modules\Herald.Sinks\tests\Herald.Sinks.Kafka.Tests\Herald.Sinks.Kafka.Tests.csproj::TargetFramework=net9.0]
E:\dev\herald\Modules\Herald.Sinks\tests\_shared\LogEventBuilder.cs(19,46): error CS0117: 'KnownLogLevels' does not contain a definition for 'Info' [E:\dev\herald\Modules\Herald.Sinks\tests\Herald.Sinks.HttpJson.Tests\Herald.Sinks.HttpJson.Tests.csproj::TargetFramework=net10.0]
E:\dev\herald\Modules\Herald.Sinks\tests\Herald.Sinks.HttpJson.Tests\HttpJsonLogSinkTests.cs(29,69): error CS0117: 'KnownLogLevels' does not contain a definition for 'Info' [E:\dev\herald\Modules\Herald.Sinks\tests\Herald.Sinks.HttpJson.Tests\Herald.Sinks.HttpJson.Tests.csproj::TargetFramework=net10.0]
E:\dev\herald\Modules\Herald.Sinks\tests\_shared\LogEventBuilder.cs(19,46): error CS0117: 'KnownLogLevels' does not contain a definition for 'Info' [E:\dev\herald\Modules\Herald.Sinks\tests\Herald.Sinks.Couchbase.Tests\Herald.Sinks.Couchbase.Tests.csproj::TargetFramework=net9.0]
E:\dev\herald\Modules\Herald.Sinks\tests\_shared\LogEventBuilder.cs(19,46): error CS0117: 'KnownLogLevels' does not contain a definition for 'Info' [E:\dev\herald\Modules\Herald.Sinks\tests\Herald.Sinks.Nats.Tests\Herald.Sinks.Nats.Tests.csproj::TargetFramework=net9.0]
E:\dev\herald\Modules\Herald.Sinks\tests\_shared\LogEventBuilder.cs(19,46): error CS0117: 'KnownLogLevels' does not contain a definition for 'Info' [E:\dev\herald\Modules\Herald.Sinks\tests\Herald.Sinks.DynamoDB.Tests\Herald.Sinks.DynamoDB.Tests.csproj::TargetFramework=net9.0]
E:\dev\herald\Modules\Herald.Sinks\tests\_shared\LogEventBuilder.cs(19,46): error CS0117: 'KnownLogLevels' does not contain a definition for 'Info' [E:\dev\herald\Modules\Herald.Sinks\tests\Herald.Sinks.ZeroMQ.Tests\Herald.Sinks.ZeroMQ.Tests.csproj::TargetFramework=net10.0]
E:\dev\herald\Modules\Herald.Sinks\tests\_shared\LogEventBuilder.cs(19,46): error CS0117: 'KnownLogLevels' does not contain a definition for 'Info' [E:\dev\herald\Modules\Herald.Sinks\tests\Herald.Sinks.GenericWebhook.Tests\Herald.Sinks.GenericWebhook.Tests.csproj::TargetFramework=net10.0]
E:\dev\herald\Modules\Herald.Sinks\tests\_shared\LogEventBuilder.cs(19,46): error CS0117: 'KnownLogLevels' does not contain a definition for 'Info' [E:\dev\herald\Modules\Herald.Sinks\tests\Herald.Sinks.Loki.Tests\Herald.Sinks.Loki.Tests.csproj::TargetFramework=net9.0]
E:\dev\herald\Modules\Herald.Sinks\tests\Herald.Sinks.Loki.Tests\LokiLogSinkTests.cs(31,39): error CS0117: 'KnownLogLevels' does not contain a definition for 'Warn' [E:\dev\herald\Modules\Herald.Sinks\tests\Herald.Sinks.Loki.Tests\Herald.Sinks.Loki.Tests.csproj::TargetFramework=net9.0]
E:\dev\herald\Modules\Herald.Sinks\tests\Herald.Sinks.Loki.Tests\LokiLogSinkTests.cs(148,63): error CS0117: 'KnownLogLevels' does not contain a definition for 'Info' [E:\dev\herald\Modules\Herald.Sinks\tests\Herald.Sinks.Loki.Tests\Herald.Sinks.Loki.Tests.csproj::TargetFramework=net9.0]
E:\dev\herald\Modules\Herald.Sinks\tests\Herald.Sinks.Loki.Tests\LokiLogSinkTests.cs(149,63): error CS0117: 'KnownLogLevels' does not contain a definition for 'Warn' [E:\dev\herald\Modules\Herald.Sinks\tests\Herald.Sinks.Loki.Tests\Herald.Sinks.Loki.Tests.csproj::TargetFramework=net9.0]
E:\dev\herald\Modules\Herald.Sinks\tests\Herald.Sinks.Loki.Tests\LokiLogSinkTests.cs(150,63): error CS0117: 'KnownLogLevels' does not contain a definition for 'Info' [E:\dev\herald\Modules\Herald.Sinks\tests\Herald.Sinks.Loki.Tests\Herald.Sinks.Loki.Tests.csproj::TargetFramework=net9.0]
E:\dev\herald\Modules\Herald.Sinks\tests\_shared\LogEventBuilder.cs(19,46): error CS0117: 'KnownLogLevels' does not contain a definition for 'Info' [E:\dev\herald\Modules\Herald.Sinks\tests\Herald.Sinks.UdpJsonLine.Tests\Herald.Sinks.UdpJsonLine.Tests.csproj::TargetFramework=net9.0]
E:\dev\herald\Modules\Herald.Sinks\src\Herald.Sinks.Parquet\ParquetLogSink.cs(102,34): error CS0234: The type or namespace name 'Create' does not exist in the namespace 'Herald.Sinks.File' (are you missing an assembly reference?) [E:\dev\herald\Modules\Herald.Sinks\src\Herald.Sinks.Parquet\Herald.Sinks.Parquet.csproj::TargetFramework=net8.0]
E:\dev\herald\Modules\Herald.Sinks\tests\_shared\LogEventBuilder.cs(19,46): error CS0117: 'KnownLogLevels' does not contain a definition for 'Info' [E:\dev\herald\Modules\Herald.Sinks\tests\Herald.Sinks.Bugsnag.Tests\Herald.Sinks.Bugsnag.Tests.csproj::TargetFramework=net10.0]
E:\dev\herald\Modules\Herald.Sinks\tests\_shared\LogEventBuilder.cs(19,46): error CS0117: 'KnownLogLevels' does not contain a definition for 'Info' [E:\dev\herald\Modules\Herald.Sinks\tests\Herald.Sinks.SQLite.Tests\Herald.Sinks.SQLite.Tests.csproj::TargetFramework=net10.0]
E:\dev\herald\Modules\Herald.Sinks\tests\Herald.Sinks.SQLite.Tests\SQLiteLogSinkTests.cs(42,39): error CS0117: 'KnownLogLevels' does not contain a definition for 'Warn' [E:\dev\herald\Modules\Herald.Sinks\tests\Herald.Sinks.SQLite.Tests\Herald.Sinks.SQLite.Tests.csproj::TargetFramework=net10.0]
E:\dev\herald\Modules\Herald.Sinks\tests\_shared\LogEventBuilder.cs(19,46): error CS0117: 'KnownLogLevels' does not contain a definition for 'Info' [E:\dev\herald\Modules\Herald.Sinks\tests\Herald.Sinks.MSSqlServer.Tests\Herald.Sinks.MSSqlServer.Tests.csproj::TargetFramework=net10.0]
E:\dev\herald\Modules\Herald.Sinks\tests\_shared\LogEventBuilder.cs(19,46): error CS0117: 'KnownLogLevels' does not contain a definition for 'Info' [E:\dev\herald\Modules\Herald.Sinks\tests\Herald.Sinks.Mezmo.Tests\Herald.Sinks.Mezmo.Tests.csproj::TargetFramework=net10.0]
E:\dev\herald\Modules\Herald.Sinks\tests\_shared\LogEventBuilder.cs(19,46): error CS0117: 'KnownLogLevels' does not contain a definition for 'Info' [E:\dev\herald\Modules\Herald.Sinks\tests\Herald.Sinks.GoogleCloudLogging.Tests\Herald.Sinks.GoogleCloudLogging.Tests.csproj::TargetFramework=net10.0]
E:\dev\herald\Modules\Herald.Sinks\tests\_shared\LogEventBuilder.cs(19,46): error CS0117: 'KnownLogLevels' does not contain a definition for 'Info' [E:\dev\herald\Modules\Herald.Sinks\tests\Herald.Sinks.Honeycomb.Tests\Herald.Sinks.Honeycomb.Tests.csproj::TargetFramework=net10.0]
E:\dev\herald\Modules\Herald.Sinks\tests\Herald.Sinks.Honeycomb.Tests\HoneycombLogSinkTests.cs(31,39): error CS0117: 'KnownLogLevels' does not contain a definition for 'Warn' [E:\dev\herald\Modules\Herald.Sinks\tests\Herald.Sinks.Honeycomb.Tests\Herald.Sinks.Honeycomb.Tests.csproj::TargetFramework=net10.0]
E:\dev\herald\Modules\Herald.Sinks\tests\_shared\LogEventBuilder.cs(19,46): error CS0117: 'KnownLogLevels' does not contain a definition for 'Info' [E:\dev\herald\Modules\Herald.Sinks\tests\Herald.Sinks.Mqtt.Tests\Herald.Sinks.Mqtt.Tests.csproj::TargetFramework=net10.0]
E:\dev\herald\Modules\Herald.Sinks\tests\_shared\LogEventBuilder.cs(19,46): error CS0117: 'KnownLogLevels' does not contain a definition for 'Info' [E:\dev\herald\Modules\Herald.Sinks\tests\Herald.Sinks.XUnit.Tests\Herald.Sinks.XUnit.Tests.csproj::TargetFramework=net8.0]
E:\dev\herald\Modules\Herald.Sinks\tests\Herald.Sinks.XUnit.Tests\XUnitLogSinkTests.cs(29,39): error CS0117: 'KnownLogLevels' does not contain a definition for 'Warn' [E:\dev\herald\Modules\Herald.Sinks\tests\Herald.Sinks.XUnit.Tests\Herald.Sinks.XUnit.Tests.csproj::TargetFramework=net8.0]
E:\dev\herald\Modules\Herald.Sinks\tests\_shared\LogEventBuilder.cs(19,46): error CS0117: 'KnownLogLevels' does not contain a definition for 'Info' [E:\dev\herald\Modules\Herald.Sinks\tests\Herald.Sinks.ClickHouse.Tests\Herald.Sinks.ClickHouse.Tests.csproj::TargetFramework=net8.0]
E:\dev\herald\Modules\Herald.Sinks\tests\_shared\LogEventBuilder.cs(19,46): error CS0117: 'KnownLogLevels' does not contain a definition for 'Info' [E:\dev\herald\Modules\Herald.Sinks\tests\Herald.Sinks.UdpJsonLine.Tests\Herald.Sinks.UdpJsonLine.Tests.csproj::TargetFramework=net8.0]
E:\dev\herald\Modules\Herald.Sinks\tests\_shared\LogEventBuilder.cs(19,46): error CS0117: 'KnownLogLevels' does not contain a definition for 'Info' [E:\dev\herald\Modules\Herald.Sinks\tests\Herald.Sinks.Discord.Tests\Herald.Sinks.Discord.Tests.csproj::TargetFramework=net8.0]
E:\dev\herald\Modules\Herald.Sinks\tests\_shared\LogEventBuilder.cs(19,46): error CS0117: 'KnownLogLevels' does not contain a definition for 'Info' [E:\dev\herald\Modules\Herald.Sinks\tests\Herald.Sinks.Datadog.Tests\Herald.Sinks.Datadog.Tests.csproj::TargetFramework=net8.0]
E:\dev\herald\Modules\Herald.Sinks\tests\Herald.Sinks.Datadog.Tests\DatadogLogSinkTests.cs(32,39): error CS0117: 'KnownLogLevels' does not contain a definition for 'Warn' [E:\dev\herald\Modules\Herald.Sinks\tests\Herald.Sinks.Datadog.Tests\Herald.Sinks.Datadog.Tests.csproj::TargetFramework=net8.0]
E:\dev\herald\Modules\Herald.Sinks\tests\_shared\LogEventBuilder.cs(19,46): error CS0117: 'KnownLogLevels' does not contain a definition for 'Info' [E:\dev\herald\Modules\Herald.Sinks\tests\Herald.Sinks.Seq.Tests\Herald.Sinks.Seq.Tests.csproj::TargetFramework=net8.0]
E:\dev\herald\Modules\Herald.Sinks\tests\Herald.Sinks.Seq.Tests\SeqLogSinkTests.cs(85,68): error CS0117: 'KnownLogLevels' does not contain a definition for 'Info' [E:\dev\herald\Modules\Herald.Sinks\tests\Herald.Sinks.Seq.Tests\Herald.Sinks.Seq.Tests.csproj::TargetFramework=net8.0]
E:\dev\herald\Modules\Herald.Sinks\tests\_shared\LogEventBuilder.cs(19,46): error CS0117: 'KnownLogLevels' does not contain a definition for 'Info' [E:\dev\herald\Modules\Herald.Sinks\tests\Herald.Sinks.MicrosoftTeams.Tests\Herald.Sinks.MicrosoftTeams.Tests.csproj::TargetFramework=net8.0]
E:\dev\herald\Modules\Herald.Sinks\tests\_shared\LogEventBuilder.cs(19,46): error CS0117: 'KnownLogLevels' does not contain a definition for 'Info' [E:\dev\herald\Modules\Herald.Sinks\tests\Herald.Sinks.BigQuery.Tests\Herald.Sinks.BigQuery.Tests.csproj::TargetFramework=net8.0]
E:\dev\herald\Modules\Herald.Sinks\tests\_shared\LogEventBuilder.cs(19,46): error CS0117: 'KnownLogLevels' does not contain a definition for 'Info' [E:\dev\herald\Modules\Herald.Sinks\tests\Herald.Sinks.AzureLogAnalyticsDcr.Tests\Herald.Sinks.AzureLogAnalyticsDcr.Tests.csproj::TargetFramework=net10.0]
E:\dev\herald\Modules\Herald.Sinks\tests\_shared\LogEventBuilder.cs(19,46): error CS0117: 'KnownLogLevels' does not contain a definition for 'Info' [E:\dev\herald\Modules\Herald.Sinks\tests\Herald.Sinks.Cassandra.Tests\Herald.Sinks.Cassandra.Tests.csproj::TargetFramework=net8.0]
E:\dev\herald\Modules\Herald.Sinks\tests\_shared\LogEventBuilder.cs(19,46): error CS0117: 'KnownLogLevels' does not contain a definition for 'Info' [E:\dev\herald\Modules\Herald.Sinks\tests\Herald.Sinks.RedisList.Tests\Herald.Sinks.RedisList.Tests.csproj::TargetFramework=net10.0]
E:\dev\herald\Modules\Herald.Sinks\tests\_shared\LogEventBuilder.cs(19,46): error CS0117: 'KnownLogLevels' does not contain a definition for 'Info' [E:\dev\herald\Modules\Herald.Sinks\tests\Herald.Sinks.Nats.Tests\Herald.Sinks.Nats.Tests.csproj::TargetFramework=net8.0]
E:\dev\herald\Modules\Herald.Sinks\tests\_shared\LogEventBuilder.cs(19,46): error CS0117: 'KnownLogLevels' does not contain a definition for 'Info' [E:\dev\herald\Modules\Herald.Sinks\tests\Herald.Sinks.ZeroMQ.Tests\Herald.Sinks.ZeroMQ.Tests.csproj::TargetFramework=net8.0]
E:\dev\herald\Modules\Herald.Sinks\tests\_shared\LogEventBuilder.cs(19,46): error CS0117: 'KnownLogLevels' does not contain a definition for 'Info' [E:\dev\herald\Modules\Herald.Sinks\tests\Herald.Sinks.SignalFx.Tests\Herald.Sinks.SignalFx.Tests.csproj::TargetFramework=net8.0]
E:\dev\herald\Modules\Herald.Sinks\tests\Herald.Sinks.SignalFx.Tests\SignalFxLogSinkTests.cs(31,39): error CS0117: 'KnownLogLevels' does not contain a definition for 'Warn' [E:\dev\herald\Modules\Herald.Sinks\tests\Herald.Sinks.SignalFx.Tests\Herald.Sinks.SignalFx.Tests.csproj::TargetFramework=net8.0]
E:\dev\herald\Modules\Herald.Sinks\tests\_shared\LogEventBuilder.cs(19,46): error CS0117: 'KnownLogLevels' does not contain a definition for 'Info' [E:\dev\herald\Modules\Herald.Sinks\tests\Herald.Sinks.Couchbase.Tests\Herald.Sinks.Couchbase.Tests.csproj::TargetFramework=net8.0]
E:\dev\herald\Modules\Herald.Sinks\tests\_shared\LogEventBuilder.cs(19,46): error CS0117: 'KnownLogLevels' does not contain a definition for 'Info' [E:\dev\herald\Modules\Herald.Sinks\tests\Herald.Sinks.MSSqlServer.Tests\Herald.Sinks.MSSqlServer.Tests.csproj::TargetFramework=net8.0]
E:\dev\herald\Modules\Herald.Sinks\tests\_shared\LogEventBuilder.cs(19,46): error CS0117: 'KnownLogLevels' does not contain a definition for 'Info' [E:\dev\herald\Modules\Herald.Sinks\tests\Herald.Sinks.AzureCosmosDB.Tests\Herald.Sinks.AzureCosmosDB.Tests.csproj::TargetFramework=net10.0]
E:\dev\herald\Modules\Herald.Sinks\tests\_shared\LogEventBuilder.cs(19,46): error CS0117: 'KnownLogLevels' does not contain a definition for 'Info' [E:\dev\herald\Modules\Herald.Sinks\tests\Herald.Sinks.RavenDB.Tests\Herald.Sinks.RavenDB.Tests.csproj::TargetFramework=net10.0]
E:\dev\herald\Modules\Herald.Sinks\tests\_shared\LogEventBuilder.cs(19,46): error CS0117: 'KnownLogLevels' does not contain a definition for 'Info' [E:\dev\herald\Modules\Herald.Sinks\tests\Herald.Sinks.MongoDB.Tests\Herald.Sinks.MongoDB.Tests.csproj::TargetFramework=net8.0]
E:\dev\herald\Modules\Herald.Sinks\tests\_shared\LogEventBuilder.cs(19,46): error CS0117: 'KnownLogLevels' does not contain a definition for 'Info' [E:\dev\herald\Modules\Herald.Sinks\tests\Herald.Sinks.BetterStack.Tests\Herald.Sinks.BetterStack.Tests.csproj::TargetFramework=net8.0]
E:\dev\herald\Modules\Herald.Sinks\tests\_shared\LogEventBuilder.cs(19,46): error CS0117: 'KnownLogLevels' does not contain a definition for 'Info' [E:\dev\herald\Modules\Herald.Sinks\tests\Herald.Sinks.AzureBlobStorage.Tests\Herald.Sinks.AzureBlobStorage.Tests.csproj::TargetFramework=net10.0]
E:\dev\herald\Modules\Herald.Sinks\tests\_shared\LogEventBuilder.cs(19,46): error CS0117: 'KnownLogLevels' does not contain a definition for 'Info' [E:\dev\herald\Modules\Herald.Sinks\tests\Herald.Sinks.Rollbar.Tests\Herald.Sinks.Rollbar.Tests.csproj::TargetFramework=net8.0]
E:\dev\herald\Modules\Herald.Sinks\tests\_shared\LogEventBuilder.cs(19,46): error CS0117: 'KnownLogLevels' does not contain a definition for 'Info' [E:\dev\herald\Modules\Herald.Sinks\tests\Herald.Sinks.Syslog.Tests\Herald.Sinks.Syslog.Tests.csproj::TargetFramework=net8.0]
E:\dev\herald\Modules\Herald.Sinks\tests\Herald.Sinks.Syslog.Tests\SyslogMessageBuilderTests.cs(30,89): error CS0117: 'KnownLogLevels' does not contain a definition for 'Info' [E:\dev\herald\Modules\Herald.Sinks\tests\Herald.Sinks.Syslog.Tests\Herald.Sinks.Syslog.Tests.csproj::TargetFramework=net8.0]
E:\dev\herald\Modules\Herald.Sinks\tests\Herald.Sinks.Syslog.Tests\SyslogMessageBuilderTests.cs(105,39): error CS0117: 'KnownLogLevels' does not contain a definition for 'Trace' [E:\dev\herald\Modules\Herald.Sinks\tests\Herald.Sinks.Syslog.Tests\Herald.Sinks.Syslog.Tests.csproj::TargetFramework=net8.0]
E:\dev\herald\Modules\Herald.Sinks\tests\Herald.Sinks.Syslog.Tests\SyslogMessageBuilderTests.cs(107,38): error CS0117: 'KnownLogLevels' does not contain a definition for 'Info' [E:\dev\herald\Modules\Herald.Sinks\tests\Herald.Sinks.Syslog.Tests\Herald.Sinks.Syslog.Tests.csproj::TargetFramework=net8.0]
E:\dev\herald\Modules\Herald.Sinks\tests\Herald.Sinks.Syslog.Tests\SyslogMessageBuilderTests.cs(109,38): error CS0117: 'KnownLogLevels' does not contain a definition for 'Warn' [E:\dev\herald\Modules\Herald.Sinks\tests\Herald.Sinks.Syslog.Tests\Herald.Sinks.Syslog.Tests.csproj::TargetFramework=net8.0]
E:\dev\herald\Modules\Herald.Sinks\tests\Herald.Sinks.Syslog.Tests\SyslogMessageBuilderTests.cs(111,42): error CS0117: 'KnownLogLevels' does not contain a definition for 'Critical' [E:\dev\herald\Modules\Herald.Sinks\tests\Herald.Sinks.Syslog.Tests\Herald.Sinks.Syslog.Tests.csproj::TargetFramework=net8.0]
E:\dev\herald\Modules\Herald.Sinks\tests\Herald.Sinks.Syslog.Tests\SyslogMessageBuilderTests.cs(132,89): error CS0117: 'KnownLogLevels' does not contain a definition for 'Info' [E:\dev\herald\Modules\Herald.Sinks\tests\Herald.Sinks.Syslog.Tests\Herald.Sinks.Syslog.Tests.csproj::TargetFramework=net8.0]
E:\dev\herald\Modules\Herald.Sinks\tests\Herald.Sinks.Syslog.Tests\SyslogSinkRuntimeConfigTests.cs(221,39): error CS0117: 'KnownLogLevels' does not contain a definition for 'Info' [E:\dev\herald\Modules\Herald.Sinks\tests\Herald.Sinks.Syslog.Tests\Herald.Sinks.Syslog.Tests.csproj::TargetFramework=net8.0]
E:\dev\herald\Modules\Herald.Sinks\tests\_shared\LogEventBuilder.cs(19,46): error CS0117: 'KnownLogLevels' does not contain a definition for 'Info' [E:\dev\herald\Modules\Herald.Sinks\tests\Herald.Sinks.Mezmo.Tests\Herald.Sinks.Mezmo.Tests.csproj::TargetFramework=net9.0]
E:\dev\herald\Modules\Herald.Sinks\tests\_shared\LogEventBuilder.cs(19,46): error CS0117: 'KnownLogLevels' does not contain a definition for 'Info' [E:\dev\herald\Modules\Herald.Sinks\tests\Herald.Sinks.Graylog.Tests\Herald.Sinks.Graylog.Tests.csproj::TargetFramework=net8.0]
E:\dev\herald\Modules\Herald.Sinks\tests\Herald.Sinks.Graylog.Tests\GraylogMessageBuilderTests.cs(23,39): error CS0117: 'KnownLogLevels' does not contain a definition for 'Warn' [E:\dev\herald\Modules\Herald.Sinks\tests\Herald.Sinks.Graylog.Tests\Herald.Sinks.Graylog.Tests.csproj::TargetFramework=net8.0]
E:\dev\herald\Modules\Herald.Sinks\tests\Herald.Sinks.Graylog.Tests\GraylogMessageBuilderTests.cs(50,39): error CS0117: 'KnownLogLevels' does not contain a definition for 'Trace' [E:\dev\herald\Modules\Herald.Sinks\tests\Herald.Sinks.Graylog.Tests\Herald.Sinks.Graylog.Tests.csproj::TargetFramework=net8.0]
E:\dev\herald\Modules\Herald.Sinks\tests\Herald.Sinks.Graylog.Tests\GraylogMessageBuilderTests.cs(52,38): error CS0117: 'KnownLogLevels' does not contain a definition for 'Info' [E:\dev\herald\Modules\Herald.Sinks\tests\Herald.Sinks.Graylog.Tests\Herald.Sinks.Graylog.Tests.csproj::TargetFramework=net8.0]
E:\dev\herald\Modules\Herald.Sinks\tests\Herald.Sinks.Graylog.Tests\GraylogMessageBuilderTests.cs(54,38): error CS0117: 'KnownLogLevels' does not contain a definition for 'Warn' [E:\dev\herald\Modules\Herald.Sinks\tests\Herald.Sinks.Graylog.Tests\Herald.Sinks.Graylog.Tests.csproj::TargetFramework=net8.0]
E:\dev\herald\Modules\Herald.Sinks\tests\Herald.Sinks.Graylog.Tests\GraylogMessageBuilderTests.cs(56,42): error CS0117: 'KnownLogLevels' does not contain a definition for 'Critical' [E:\dev\herald\Modules\Herald.Sinks\tests\Herald.Sinks.Graylog.Tests\Herald.Sinks.Graylog.Tests.csproj::TargetFramework=net8.0]
E:\dev\herald\Modules\Herald.Sinks\tests\_shared\LogEventBuilder.cs(19,46): error CS0117: 'KnownLogLevels' does not contain a definition for 'Info' [E:\dev\herald\Modules\Herald.Sinks\tests\Herald.Sinks.AzureEventHub.Tests\Herald.Sinks.AzureEventHub.Tests.csproj::TargetFramework=net10.0]
E:\dev\herald\Modules\Herald.Sinks\tests\_shared\LogEventBuilder.cs(19,46): error CS0117: 'KnownLogLevels' does not contain a definition for 'Info' [E:\dev\herald\Modules\Herald.Sinks\tests\Herald.Sinks.MySQL.Tests\Herald.Sinks.MySQL.Tests.csproj::TargetFramework=net10.0]
E:\dev\herald\Modules\Herald.Sinks\tests\_shared\LogEventBuilder.cs(19,46): error CS0117: 'KnownLogLevels' does not contain a definition for 'Info' [E:\dev\herald\Modules\Herald.Sinks\tests\Herald.Sinks.NewRelicLogs.Tests\Herald.Sinks.NewRelicLogs.Tests.csproj::TargetFramework=net10.0]
E:\dev\herald\Modules\Herald.Sinks\tests\_shared\LogEventBuilder.cs(19,46): error CS0117: 'KnownLogLevels' does not contain a definition for 'Info' [E:\dev\herald\Modules\Herald.Sinks\tests\Herald.Sinks.Kafka.Tests\Herald.Sinks.Kafka.Tests.csproj::TargetFramework=net8.0]
E:\dev\herald\Modules\Herald.Sinks\tests\_shared\LogEventBuilder.cs(19,46): error CS0117: 'KnownLogLevels' does not contain a definition for 'Info' [E:\dev\herald\Modules\Herald.Sinks\tests\Herald.Sinks.Splunk.Tests\Herald.Sinks.Splunk.Tests.csproj::TargetFramework=net8.0]
E:\dev\herald\Modules\Herald.Sinks\tests\Herald.Sinks.Splunk.Tests\SplunkHecLogSinkTests.cs(48,39): error CS0117: 'KnownLogLevels' does not contain a definition for 'Warn' [E:\dev\herald\Modules\Herald.Sinks\tests\Herald.Sinks.Splunk.Tests\Herald.Sinks.Splunk.Tests.csproj::TargetFramework=net8.0]
E:\dev\herald\Modules\Herald.Sinks\tests\_shared\LogEventBuilder.cs(19,46): error CS0117: 'KnownLogLevels' does not contain a definition for 'Info' [E:\dev\herald\Modules\Herald.Sinks\tests\Herald.Sinks.SQLite.Tests\Herald.Sinks.SQLite.Tests.csproj::TargetFramework=net8.0]
E:\dev\herald\Modules\Herald.Sinks\tests\Herald.Sinks.SQLite.Tests\SQLiteLogSinkTests.cs(42,39): error CS0117: 'KnownLogLevels' does not contain a definition for 'Warn' [E:\dev\herald\Modules\Herald.Sinks\tests\Herald.Sinks.SQLite.Tests\Herald.Sinks.SQLite.Tests.csproj::TargetFramework=net8.0]
E:\dev\herald\Modules\Herald.Sinks\tests\_shared\LogEventBuilder.cs(19,46): error CS0117: 'KnownLogLevels' does not contain a definition for 'Info' [E:\dev\herald\Modules\Herald.Sinks\tests\Herald.Sinks.PostgreSQL.Tests\Herald.Sinks.PostgreSQL.Tests.csproj::TargetFramework=net8.0]
E:\dev\herald\Modules\Herald.Sinks\tests\_shared\LogEventBuilder.cs(19,46): error CS0117: 'KnownLogLevels' does not contain a definition for 'Info' [E:\dev\herald\Modules\Herald.Sinks\tests\Herald.Sinks.RedisList.Tests\Herald.Sinks.RedisList.Tests.csproj::TargetFramework=net8.0]
E:\dev\herald\Modules\Herald.Sinks\tests\_shared\LogEventBuilder.cs(19,46): error CS0117: 'KnownLogLevels' does not contain a definition for 'Info' [E:\dev\herald\Modules\Herald.Sinks\tests\Herald.Sinks.ApplicationInsightsHttp.Tests\Herald.Sinks.ApplicationInsightsHttp.Tests.csproj::TargetFramework=net10.0]
E:\dev\herald\Modules\Herald.Sinks\tests\Herald.Sinks.ApplicationInsightsHttp.Tests\ApplicationInsightsLogSinkTests.cs(121,39): error CS0117: 'KnownLogLevels' does not contain a definition for 'Info' [E:\dev\herald\Modules\Herald.Sinks\tests\Herald.Sinks.ApplicationInsightsHttp.Tests\Herald.Sinks.ApplicationInsightsHttp.Tests.csproj::TargetFramework=net10.0]
E:\dev\herald\Modules\Herald.Sinks\tests\_shared\LogEventBuilder.cs(19,46): error CS0117: 'KnownLogLevels' does not contain a definition for 'Info' [E:\dev\herald\Modules\Herald.Sinks\tests\Herald.Sinks.Loggly.Tests\Herald.Sinks.Loggly.Tests.csproj::TargetFramework=net9.0]
E:\dev\herald\Modules\Herald.Sinks\tests\_shared\LogEventBuilder.cs(19,46): error CS0117: 'KnownLogLevels' does not contain a definition for 'Info' [E:\dev\herald\Modules\Herald.Sinks\tests\Herald.Sinks.Elasticsearch.Tests\Herald.Sinks.Elasticsearch.Tests.csproj::TargetFramework=net10.0]
E:\dev\herald\Modules\Herald.Sinks\tests\Herald.Sinks.Elasticsearch.Tests\ElasticsearchLogSinkTests.cs(44,39): error CS0117: 'KnownLogLevels' does not contain a definition for 'Warn' [E:\dev\herald\Modules\Herald.Sinks\tests\Herald.Sinks.Elasticsearch.Tests\Herald.Sinks.Elasticsearch.Tests.csproj::TargetFramework=net10.0]
E:\dev\herald\Modules\Herald.Sinks\tests\_shared\LogEventBuilder.cs(19,46): error CS0117: 'KnownLogLevels' does not contain a definition for 'Info' [E:\dev\herald\Modules\Herald.Sinks\tests\Herald.Sinks.RedisList.Tests\Herald.Sinks.RedisList.Tests.csproj::TargetFramework=net9.0]
E:\dev\herald\Modules\Herald.Sinks\tests\_shared\LogEventBuilder.cs(19,46): error CS0117: 'KnownLogLevels' does not contain a definition for 'Info' [E:\dev\herald\Modules\Herald.Sinks\tests\Herald.Sinks.BetterStack.Tests\Herald.Sinks.BetterStack.Tests.csproj::TargetFramework=net10.0]
E:\dev\herald\Modules\Herald.Sinks\tests\_shared\LogEventBuilder.cs(19,46): error CS0117: 'KnownLogLevels' does not contain a definition for 'Info' [E:\dev\herald\Modules\Herald.Sinks\tests\Herald.Sinks.AzureEventHub.Tests\Herald.Sinks.AzureEventHub.Tests.csproj::TargetFramework=net8.0]
E:\dev\herald\Modules\Herald.Sinks\tests\_shared\LogEventBuilder.cs(19,46): error CS0117: 'KnownLogLevels' does not contain a definition for 'Info' [E:\dev\herald\Modules\Herald.Sinks\tests\Herald.Sinks.EventLog.Tests\Herald.Sinks.EventLog.Tests.csproj::TargetFramework=net8.0]
E:\dev\herald\Modules\Herald.Sinks\tests\_shared\LogEventBuilder.cs(19,46): error CS0117: 'KnownLogLevels' does not contain a definition for 'Info' [E:\dev\herald\Modules\Herald.Sinks\tests\Herald.Sinks.OpenSearch.Tests\Herald.Sinks.OpenSearch.Tests.csproj::TargetFramework=net8.0]
E:\dev\herald\Modules\Herald.Sinks\tests\_shared\LogEventBuilder.cs(19,46): error CS0117: 'KnownLogLevels' does not contain a definition for 'Info' [E:\dev\herald\Modules\Herald.Sinks\tests\Herald.Sinks.Axiom.Tests\Herald.Sinks.Axiom.Tests.csproj::TargetFramework=net8.0]
E:\dev\herald\Modules\Herald.Sinks\tests\_shared\LogEventBuilder.cs(19,46): error CS0117: 'KnownLogLevels' does not contain a definition for 'Info' [E:\dev\herald\Modules\Herald.Sinks\tests\Herald.Sinks.PagerDuty.Tests\Herald.Sinks.PagerDuty.Tests.csproj::TargetFramework=net8.0]
E:\dev\herald\Modules\Herald.Sinks\tests\Herald.Sinks.PagerDuty.Tests\PagerDutyLogSinkTests.cs(30,39): error CS0117: 'KnownLogLevels' does not contain a definition for 'Critical' [E:\dev\herald\Modules\Herald.Sinks\tests\Herald.Sinks.PagerDuty.Tests\Herald.Sinks.PagerDuty.Tests.csproj::TargetFramework=net8.0]
E:\dev\herald\Modules\Herald.Sinks\tests\_shared\LogEventBuilder.cs(19,46): error CS0117: 'KnownLogLevels' does not contain a definition for 'Info' [E:\dev\herald\Modules\Herald.Sinks\tests\Herald.Sinks.Email.Tests\Herald.Sinks.Email.Tests.csproj::TargetFramework=net9.0]
E:\dev\herald\Modules\Herald.Sinks\tests\_shared\LogEventBuilder.cs(19,46): error CS0117: 'KnownLogLevels' does not contain a definition for 'Info' [E:\dev\herald\Modules\Herald.Sinks\tests\Herald.Sinks.Splunk.Tests\Herald.Sinks.Splunk.Tests.csproj::TargetFramework=net9.0]
E:\dev\herald\Modules\Herald.Sinks\tests\Herald.Sinks.Splunk.Tests\SplunkHecLogSinkTests.cs(48,39): error CS0117: 'KnownLogLevels' does not contain a definition for 'Warn' [E:\dev\herald\Modules\Herald.Sinks\tests\Herald.Sinks.Splunk.Tests\Herald.Sinks.Splunk.Tests.csproj::TargetFramework=net9.0]
E:\dev\herald\Modules\Herald.Sinks\tests\_shared\LogEventBuilder.cs(19,46): error CS0117: 'KnownLogLevels' does not contain a definition for 'Info' [E:\dev\herald\Modules\Herald.Sinks\tests\Herald.Sinks.Axiom.Tests\Herald.Sinks.Axiom.Tests.csproj::TargetFramework=net9.0]
E:\dev\herald\Modules\Herald.Sinks\tests\_shared\LogEventBuilder.cs(19,46): error CS0117: 'KnownLogLevels' does not contain a definition for 'Info' [E:\dev\herald\Modules\Herald.Sinks\tests\Herald.Sinks.Telegram.Tests\Herald.Sinks.Telegram.Tests.csproj::TargetFramework=net9.0]
E:\dev\herald\Modules\Herald.Sinks\tests\_shared\LogEventBuilder.cs(19,46): error CS0117: 'KnownLogLevels' does not contain a definition for 'Info' [E:\dev\herald\Modules\Herald.Sinks\tests\Herald.Sinks.AzureTableStorage.Tests\Herald.Sinks.AzureTableStorage.Tests.csproj::TargetFramework=net8.0]
E:\dev\herald\Modules\Herald.Sinks\tests\_shared\LogEventBuilder.cs(19,46): error CS0117: 'KnownLogLevels' does not contain a definition for 'Info' [E:\dev\herald\Modules\Herald.Sinks\tests\Herald.Sinks.Loki.Tests\Herald.Sinks.Loki.Tests.csproj::TargetFramework=net8.0]
E:\dev\herald\Modules\Herald.Sinks\tests\_shared\LogEventBuilder.cs(19,46): error CS0117: 'KnownLogLevels' does not contain a definition for 'Info' [E:\dev\herald\Modules\Herald.Sinks\tests\Herald.Sinks.Dynatrace.Tests\Herald.Sinks.Dynatrace.Tests.csproj::TargetFramework=net8.0]
E:\dev\herald\Modules\Herald.Sinks\tests\Herald.Sinks.Loki.Tests\LokiLogSinkTests.cs(31,39): error CS0117: 'KnownLogLevels' does not contain a definition for 'Warn' [E:\dev\herald\Modules\Herald.Sinks\tests\Herald.Sinks.Loki.Tests\Herald.Sinks.Loki.Tests.csproj::TargetFramework=net8.0]
E:\dev\herald\Modules\Herald.Sinks\tests\Herald.Sinks.Dynatrace.Tests\DynatraceLogSinkTests.cs(47,68): error CS0117: 'KnownLogLevels' does not contain a definition for 'Warn' [E:\dev\herald\Modules\Herald.Sinks\tests\Herald.Sinks.Dynatrace.Tests\Herald.Sinks.Dynatrace.Tests.csproj::TargetFramework=net8.0]
E:\dev\herald\Modules\Herald.Sinks\tests\Herald.Sinks.Loki.Tests\LokiLogSinkTests.cs(148,63): error CS0117: 'KnownLogLevels' does not contain a definition for 'Info' [E:\dev\herald\Modules\Herald.Sinks\tests\Herald.Sinks.Loki.Tests\Herald.Sinks.Loki.Tests.csproj::TargetFramework=net8.0]
E:\dev\herald\Modules\Herald.Sinks\tests\Herald.Sinks.Loki.Tests\LokiLogSinkTests.cs(149,63): error CS0117: 'KnownLogLevels' does not contain a definition for 'Warn' [E:\dev\herald\Modules\Herald.Sinks\tests\Herald.Sinks.Loki.Tests\Herald.Sinks.Loki.Tests.csproj::TargetFramework=net8.0]
E:\dev\herald\Modules\Herald.Sinks\tests\Herald.Sinks.Loki.Tests\LokiLogSinkTests.cs(150,63): error CS0117: 'KnownLogLevels' does not contain a definition for 'Info' [E:\dev\herald\Modules\Herald.Sinks\tests\Herald.Sinks.Loki.Tests\Herald.Sinks.Loki.Tests.csproj::TargetFramework=net8.0]
E:\dev\herald\Modules\Herald.Sinks\tests\_shared\LogEventBuilder.cs(19,46): error CS0117: 'KnownLogLevels' does not contain a definition for 'Info' [E:\dev\herald\Modules\Herald.Sinks\tests\Herald.Sinks.Dynatrace.Tests\Herald.Sinks.Dynatrace.Tests.csproj::TargetFramework=net10.0]
E:\dev\herald\Modules\Herald.Sinks\tests\Herald.Sinks.Dynatrace.Tests\DynatraceLogSinkTests.cs(47,68): error CS0117: 'KnownLogLevels' does not contain a definition for 'Warn' [E:\dev\herald\Modules\Herald.Sinks\tests\Herald.Sinks.Dynatrace.Tests\Herald.Sinks.Dynatrace.Tests.csproj::TargetFramework=net10.0]
E:\dev\herald\Modules\Herald.Sinks\tests\_shared\LogEventBuilder.cs(19,46): error CS0117: 'KnownLogLevels' does not contain a definition for 'Info' [E:\dev\herald\Modules\Herald.Sinks\tests\Herald.Sinks.OpenSearch.Tests\Herald.Sinks.OpenSearch.Tests.csproj::TargetFramework=net10.0]
E:\dev\herald\Modules\Herald.Sinks\tests\_shared\LogEventBuilder.cs(19,46): error CS0117: 'KnownLogLevels' does not contain a definition for 'Info' [E:\dev\herald\Modules\Herald.Sinks\tests\Herald.Sinks.Debug.Tests\Herald.Sinks.Debug.Tests.csproj::TargetFramework=net10.0]
E:\dev\herald\Modules\Herald.Sinks\tests\Herald.Sinks.Debug.Tests\DebugLogSinkTests.cs(46,39): error CS0117: 'KnownLogLevels' does not contain a definition for 'Warn' [E:\dev\herald\Modules\Herald.Sinks\tests\Herald.Sinks.Debug.Tests\Herald.Sinks.Debug.Tests.csproj::TargetFramework=net10.0]
E:\dev\herald\Modules\Herald.Sinks\tests\_shared\LogEventBuilder.cs(19,46): error CS0117: 'KnownLogLevels' does not contain a definition for 'Info' [E:\dev\herald\Modules\Herald.Sinks\tests\Herald.Sinks.PagerDuty.Tests\Herald.Sinks.PagerDuty.Tests.csproj::TargetFramework=net10.0]
E:\dev\herald\Modules\Herald.Sinks\tests\Herald.Sinks.PagerDuty.Tests\PagerDutyLogSinkTests.cs(30,39): error CS0117: 'KnownLogLevels' does not contain a definition for 'Critical' [E:\dev\herald\Modules\Herald.Sinks\tests\Herald.Sinks.PagerDuty.Tests\Herald.Sinks.PagerDuty.Tests.csproj::TargetFramework=net10.0]
E:\dev\herald\Modules\Herald.Sinks\tests\_shared\LogEventBuilder.cs(19,46): error CS0117: 'KnownLogLevels' does not contain a definition for 'Info' [E:\dev\herald\Modules\Herald.Sinks\tests\Herald.Sinks.GoogleCloudPubSub.Tests\Herald.Sinks.GoogleCloudPubSub.Tests.csproj::TargetFramework=net8.0]
E:\dev\herald\Modules\Herald.Sinks\tests\_shared\LogEventBuilder.cs(19,46): error CS0117: 'KnownLogLevels' does not contain a definition for 'Info' [E:\dev\herald\Modules\Herald.Sinks\tests\Herald.Sinks.GoogleCloudPubSub.Tests\Herald.Sinks.GoogleCloudPubSub.Tests.csproj::TargetFramework=net10.0]
E:\dev\herald\Modules\Herald.Sinks\tests\_shared\LogEventBuilder.cs(19,46): error CS0117: 'KnownLogLevels' does not contain a definition for 'Info' [E:\dev\herald\Modules\Herald.Sinks\tests\Herald.Sinks.MicrosoftTeams.Tests\Herald.Sinks.MicrosoftTeams.Tests.csproj::TargetFramework=net10.0]
E:\dev\herald\Modules\Herald.Sinks\tests\_shared\LogEventBuilder.cs(19,46): error CS0117: 'KnownLogLevels' does not contain a definition for 'Info' [E:\dev\herald\Modules\Herald.Sinks\tests\Herald.Sinks.RabbitMQ.Tests\Herald.Sinks.RabbitMQ.Tests.csproj::TargetFramework=net10.0]
E:\dev\herald\Modules\Herald.Sinks\tests\_shared\LogEventBuilder.cs(19,46): error CS0117: 'KnownLogLevels' does not contain a definition for 'Info' [E:\dev\herald\Modules\Herald.Sinks\tests\Herald.Sinks.DynamoDB.Tests\Herald.Sinks.DynamoDB.Tests.csproj::TargetFramework=net10.0]
E:\dev\herald\Modules\Herald.Sinks\tests\_shared\LogEventBuilder.cs(19,46): error CS0117: 'KnownLogLevels' does not contain a definition for 'Info' [E:\dev\herald\Modules\Herald.Sinks\tests\Herald.Sinks.NewRelicLogs.Tests\Herald.Sinks.NewRelicLogs.Tests.csproj::TargetFramework=net8.0]
E:\dev\herald\Modules\Herald.Sinks\tests\_shared\LogEventBuilder.cs(19,46): error CS0117: 'KnownLogLevels' does not contain a definition for 'Info' [E:\dev\herald\Modules\Herald.Sinks\tests\Herald.Sinks.LogzIo.Tests\Herald.Sinks.LogzIo.Tests.csproj::TargetFramework=net8.0]
E:\dev\herald\Modules\Herald.Sinks\tests\_shared\LogEventBuilder.cs(19,46): error CS0117: 'KnownLogLevels' does not contain a definition for 'Info' [E:\dev\herald\Modules\Herald.Sinks\tests\Herald.Sinks.Loggly.Tests\Herald.Sinks.Loggly.Tests.csproj::TargetFramework=net8.0]
E:\dev\herald\Modules\Herald.Sinks\tests\Herald.Sinks.Datadog.Tests\DatadogLogSinkTests.cs(32,39): error CS0117: 'KnownLogLevels' does not contain a definition for 'Warn' [E:\dev\herald\Modules\Herald.Sinks\tests\Herald.Sinks.Datadog.Tests\Herald.Sinks.Datadog.Tests.csproj::TargetFramework=net10.0]
E:\dev\herald\Modules\Herald.Sinks\tests\Herald.Sinks.SignalFx.Tests\SignalFxLogSinkTests.cs(31,39): error CS0117: 'KnownLogLevels' does not contain a definition for 'Warn' [E:\dev\herald\Modules\Herald.Sinks\tests\Herald.Sinks.SignalFx.Tests\Herald.Sinks.SignalFx.Tests.csproj::TargetFramework=net10.0]
E:\dev\herald\Modules\Herald.Sinks\tests\_shared\LogEventBuilder.cs(19,46): error CS0117: 'KnownLogLevels' does not contain a definition for 'Info' [E:\dev\herald\Modules\Herald.Sinks\tests\Herald.Sinks.SumoLogic.Tests\Herald.Sinks.SumoLogic.Tests.csproj::TargetFramework=net8.0]
E:\dev\herald\Modules\Herald.Sinks\tests\_shared\LogEventBuilder.cs(19,46): error CS0117: 'KnownLogLevels' does not contain a definition for 'Info' [E:\dev\herald\Modules\Herald.Sinks\tests\Herald.Sinks.AzureLogAnalyticsDcr.Tests\Herald.Sinks.AzureLogAnalyticsDcr.Tests.csproj::TargetFramework=net8.0]
E:\dev\herald\Modules\Herald.Sinks\tests\_shared\LogEventBuilder.cs(19,46): error CS0117: 'KnownLogLevels' does not contain a definition for 'Info' [E:\dev\herald\Modules\Herald.Sinks\tests\Herald.Sinks.SignalFx.Tests\Herald.Sinks.SignalFx.Tests.csproj::TargetFramework=net10.0]
E:\dev\herald\Modules\Herald.Sinks\tests\_shared\LogEventBuilder.cs(19,46): error CS0117: 'KnownLogLevels' does not contain a definition for 'Info' [E:\dev\herald\Modules\Herald.Sinks\tests\Herald.Sinks.Aliyun.Tests\Herald.Sinks.Aliyun.Tests.csproj::TargetFramework=net8.0]
E:\dev\herald\Modules\Herald.Sinks\tests\_shared\LogEventBuilder.cs(19,46): error CS0117: 'KnownLogLevels' does not contain a definition for 'Info' [E:\dev\herald\Modules\Herald.Sinks\tests\Herald.Sinks.Datadog.Tests\Herald.Sinks.Datadog.Tests.csproj::TargetFramework=net10.0]
E:\dev\herald\Modules\Herald.Sinks\tests\_shared\LogEventBuilder.cs(19,46): error CS0117: 'KnownLogLevels' does not contain a definition for 'Info' [E:\dev\herald\Modules\Herald.Sinks\tests\Herald.Sinks.MongoDB.Tests\Herald.Sinks.MongoDB.Tests.csproj::TargetFramework=net10.0]
E:\dev\herald\Modules\Herald.Sinks\tests\_shared\LogEventBuilder.cs(19,46): error CS0117: 'KnownLogLevels' does not contain a definition for 'Info' [E:\dev\herald\Modules\Herald.Sinks\tests\Herald.Sinks.AmazonS3.Tests\Herald.Sinks.AmazonS3.Tests.csproj::TargetFramework=net8.0]
E:\dev\herald\Modules\Herald.Sinks\tests\_shared\LogEventBuilder.cs(19,46): error CS0117: 'KnownLogLevels' does not contain a definition for 'Info' [E:\dev\herald\Modules\Herald.Sinks\tests\Herald.Sinks.InfluxDB.Tests\Herald.Sinks.InfluxDB.Tests.csproj::TargetFramework=net8.0]
E:\dev\herald\Modules\Herald.Sinks\tests\Herald.Sinks.InfluxDB.Tests\InfluxDBLogSinkTests.cs(48,39): error CS0117: 'KnownLogLevels' does not contain a definition for 'Info' [E:\dev\herald\Modules\Herald.Sinks\tests\Herald.Sinks.InfluxDB.Tests\Herald.Sinks.InfluxDB.Tests.csproj::TargetFramework=net8.0]
E:\dev\herald\Modules\Herald.Sinks\tests\_shared\LogEventBuilder.cs(19,46): error CS0117: 'KnownLogLevels' does not contain a definition for 'Info' [E:\dev\herald\Modules\Herald.Sinks\tests\Herald.Sinks.Otlp.Tests\Herald.Sinks.Otlp.Tests.csproj::TargetFramework=net8.0]
E:\dev\herald\Modules\Herald.Sinks\tests\Herald.Sinks.Otlp.Tests\ProtobufFileLogSinkTests.cs(43,13): error CS0234: The type or namespace name 'Delete' does not exist in the namespace 'Herald.Sinks.File' (are you missing an assembly reference?) [E:\dev\herald\Modules\Herald.Sinks\tests\Herald.Sinks.Otlp.Tests\Herald.Sinks.Otlp.Tests.csproj::TargetFramework=net8.0]
E:\dev\herald\Modules\Herald.Sinks\tests\Herald.Sinks.Otlp.Tests\OtlpJsonLogSinkTests.cs(33,39): error CS0117: 'KnownLogLevels' does not contain a definition for 'Info' [E:\dev\herald\Modules\Herald.Sinks\tests\Herald.Sinks.Otlp.Tests\Herald.Sinks.Otlp.Tests.csproj::TargetFramework=net8.0]
E:\dev\herald\Modules\Herald.Sinks\tests\Herald.Sinks.Otlp.Tests\ProtobufFileLogSinkTests.cs(55,47): error CS0117: 'KnownLogLevels' does not contain a definition for 'Info' [E:\dev\herald\Modules\Herald.Sinks\tests\Herald.Sinks.Otlp.Tests\Herald.Sinks.Otlp.Tests.csproj::TargetFramework=net8.0]
E:\dev\herald\Modules\Herald.Sinks\tests\Herald.Sinks.Otlp.Tests\ProtobufFileLogSinkTests.cs(62,25): error CS0234: The type or namespace name 'ReadAllBytes' does not exist in the namespace 'Herald.Sinks.File' (are you missing an assembly reference?) [E:\dev\herald\Modules\Herald.Sinks\tests\Herald.Sinks.Otlp.Tests\Herald.Sinks.Otlp.Tests.csproj::TargetFramework=net8.0]
E:\dev\herald\Modules\Herald.Sinks\tests\Herald.Sinks.Otlp.Tests\ProtobufFileLogSinkTests.cs(74,13): error CS0234: The type or namespace name 'Delete' does not exist in the namespace 'Herald.Sinks.File' (are you missing an assembly reference?) [E:\dev\herald\Modules\Herald.Sinks\tests\Herald.Sinks.Otlp.Tests\Herald.Sinks.Otlp.Tests.csproj::TargetFramework=net8.0]
E:\dev\herald\Modules\Herald.Sinks\tests\Herald.Sinks.Otlp.Tests\ProtobufFileLogSinkTests.cs(89,47): error CS0117: 'KnownLogLevels' does not contain a definition for 'Info' [E:\dev\herald\Modules\Herald.Sinks\tests\Herald.Sinks.Otlp.Tests\Herald.Sinks.Otlp.Tests.csproj::TargetFramework=net8.0]
E:\dev\herald\Modules\Herald.Sinks\tests\Herald.Sinks.Otlp.Tests\ProtobufFileLogSinkTests.cs(97,13): error CS0234: The type or namespace name 'Delete' does not exist in the namespace 'Herald.Sinks.File' (are you missing an assembly reference?) [E:\dev\herald\Modules\Herald.Sinks\tests\Herald.Sinks.Otlp.Tests\Herald.Sinks.Otlp.Tests.csproj::TargetFramework=net8.0]
E:\dev\herald\Modules\Herald.Sinks\tests\Herald.Sinks.Otlp.Tests\ProtobufFileLogSinkTests.cs(114,13): error CS0234: The type or namespace name 'Delete' does not exist in the namespace 'Herald.Sinks.File' (are you missing an assembly reference?) [E:\dev\herald\Modules\Herald.Sinks\tests\Herald.Sinks.Otlp.Tests\Herald.Sinks.Otlp.Tests.csproj::TargetFramework=net8.0]
E:\dev\herald\Modules\Herald.Sinks\tests\Herald.Sinks.Otlp.Tests\ProtobufFileLogSinkTests.cs(133,13): error CS0234: The type or namespace name 'Delete' does not exist in the namespace 'Herald.Sinks.File' (are you missing an assembly reference?) [E:\dev\herald\Modules\Herald.Sinks\tests\Herald.Sinks.Otlp.Tests\Herald.Sinks.Otlp.Tests.csproj::TargetFramework=net8.0]
E:\dev\herald\Modules\Herald.Sinks\tests\Herald.Sinks.Otlp.Tests\OtlpProtobufLogSinkTests.cs(33,39): error CS0117: 'KnownLogLevels' does not contain a definition for 'Info' [E:\dev\herald\Modules\Herald.Sinks\tests\Herald.Sinks.Otlp.Tests\Herald.Sinks.Otlp.Tests.csproj::TargetFramework=net8.0]
E:\dev\herald\Modules\Herald.Sinks\tests\Herald.Sinks.Otlp.Tests\ProtobufFileLogSinkTests.cs(147,13): error CS0234: The type or namespace name 'Exists' does not exist in the namespace 'Herald.Sinks.File' (are you missing an assembly reference?) [E:\dev\herald\Modules\Herald.Sinks\tests\Herald.Sinks.Otlp.Tests\Herald.Sinks.Otlp.Tests.csproj::TargetFramework=net8.0]
E:\dev\herald\Modules\Herald.Sinks\tests\_shared\LogEventBuilder.cs(19,46): error CS0117: 'KnownLogLevels' does not contain a definition for 'Info' [E:\dev\herald\Modules\Herald.Sinks\tests\Herald.Sinks.InfluxDB.Tests\Herald.Sinks.InfluxDB.Tests.csproj::TargetFramework=net10.0]
E:\dev\herald\Modules\Herald.Sinks\tests\Herald.Sinks.InfluxDB.Tests\InfluxDBLogSinkTests.cs(48,39): error CS0117: 'KnownLogLevels' does not contain a definition for 'Info' [E:\dev\herald\Modules\Herald.Sinks\tests\Herald.Sinks.InfluxDB.Tests\Herald.Sinks.InfluxDB.Tests.csproj::TargetFramework=net10.0]
E:\dev\herald\Modules\Herald.Sinks\tests\Herald.Sinks.Otlp.Tests\ProtobufFileLogSinkTests.cs(148,25): error CS0234: The type or namespace name 'ReadAllBytes' does not exist in the namespace 'Herald.Sinks.File' (are you missing an assembly reference?) [E:\dev\herald\Modules\Herald.Sinks\tests\Herald.Sinks.Otlp.Tests\Herald.Sinks.Otlp.Tests.csproj::TargetFramework=net8.0]
E:\dev\herald\Modules\Herald.Sinks\tests\_shared\LogEventBuilder.cs(19,46): error CS0117: 'KnownLogLevels' does not contain a definition for 'Info' [E:\dev\herald\Modules\Herald.Sinks\tests\Herald.Sinks.ApplicationInsightsHttp.Tests\Herald.Sinks.ApplicationInsightsHttp.Tests.csproj::TargetFramework=net8.0]
E:\dev\herald\Modules\Herald.Sinks\tests\Herald.Sinks.Otlp.Tests\ProtobufFileLogSinkTests.cs(153,13): error CS0234: The type or namespace name 'Delete' does not exist in the namespace 'Herald.Sinks.File' (are you missing an assembly reference?) [E:\dev\herald\Modules\Herald.Sinks\tests\Herald.Sinks.Otlp.Tests\Herald.Sinks.Otlp.Tests.csproj::TargetFramework=net8.0]
E:\dev\herald\Modules\Herald.Sinks\tests\Herald.Sinks.ApplicationInsightsHttp.Tests\ApplicationInsightsLogSinkTests.cs(121,39): error CS0117: 'KnownLogLevels' does not contain a definition for 'Info' [E:\dev\herald\Modules\Herald.Sinks\tests\Herald.Sinks.ApplicationInsightsHttp.Tests\Herald.Sinks.ApplicationInsightsHttp.Tests.csproj::TargetFramework=net8.0]
E:\dev\herald\Modules\Herald.Sinks\tests\Herald.Sinks.Otlp.Tests\ProtobufFileLogSinkTests.cs(199,13): error CS0234: The type or namespace name 'Delete' does not exist in the namespace 'Herald.Sinks.File' (are you missing an assembly reference?) [E:\dev\herald\Modules\Herald.Sinks\tests\Herald.Sinks.Otlp.Tests\Herald.Sinks.Otlp.Tests.csproj::TargetFramework=net8.0]
E:\dev\herald\Modules\Herald.Sinks\tests\Herald.Sinks.Otlp.Tests\OtlpRoundTripConformanceTests.cs(42,39): error CS0117: 'KnownLogLevels' does not contain a definition for 'Info' [E:\dev\herald\Modules\Herald.Sinks\tests\Herald.Sinks.Otlp.Tests\Herald.Sinks.Otlp.Tests.csproj::TargetFramework=net8.0]
E:\dev\herald\Modules\Herald.Sinks\tests\_shared\LogEventBuilder.cs(19,46): error CS0117: 'KnownLogLevels' does not contain a definition for 'Info' [E:\dev\herald\Modules\Herald.Sinks\tests\Herald.Sinks.Pulsar.Tests\Herald.Sinks.Pulsar.Tests.csproj::TargetFramework=net10.0]
E:\dev\herald\Modules\Herald.Sinks\tests\_shared\LogEventBuilder.cs(19,46): error CS0117: 'KnownLogLevels' does not contain a definition for 'Info' [E:\dev\herald\Modules\Herald.Sinks\tests\Herald.Sinks.XUnit.Tests\Herald.Sinks.XUnit.Tests.csproj::TargetFramework=net9.0]
E:\dev\herald\Modules\Herald.Sinks\tests\Herald.Sinks.XUnit.Tests\XUnitLogSinkTests.cs(29,39): error CS0117: 'KnownLogLevels' does not contain a definition for 'Warn' [E:\dev\herald\Modules\Herald.Sinks\tests\Herald.Sinks.XUnit.Tests\Herald.Sinks.XUnit.Tests.csproj::TargetFramework=net9.0]
E:\dev\herald\Modules\Herald.Sinks\tests\_shared\LogEventBuilder.cs(19,46): error CS0117: 'KnownLogLevels' does not contain a definition for 'Info' [E:\dev\herald\Modules\Herald.Sinks\tests\Herald.Sinks.Stackify.Tests\Herald.Sinks.Stackify.Tests.csproj::TargetFramework=net10.0]
E:\dev\herald\Modules\Herald.Sinks\tests\_shared\LogEventBuilder.cs(19,46): error CS0117: 'KnownLogLevels' does not contain a definition for 'Info' [E:\dev\herald\Modules\Herald.Sinks\tests\Herald.Sinks.GoogleCloudPubSub.Tests\Herald.Sinks.GoogleCloudPubSub.Tests.csproj::TargetFramework=net9.0]
E:\dev\herald\Modules\Herald.Sinks\tests\_shared\LogEventBuilder.cs(19,46): error CS0117: 'KnownLogLevels' does not contain a definition for 'Info' [E:\dev\herald\Modules\Herald.Sinks\tests\Herald.Sinks.Kafka.Tests\Herald.Sinks.Kafka.Tests.csproj::TargetFramework=net10.0]
E:\dev\herald\Modules\Herald.Sinks\tests\_shared\LogEventBuilder.cs(19,46): error CS0117: 'KnownLogLevels' does not contain a definition for 'Info' [E:\dev\herald\Modules\Herald.Sinks\tests\Herald.Sinks.Sqs.Tests\Herald.Sinks.Sqs.Tests.csproj::TargetFramework=net8.0]
E:\dev\herald\Modules\Herald.Sinks\tests\_shared\LogEventBuilder.cs(19,46): error CS0117: 'KnownLogLevels' does not contain a definition for 'Info' [E:\dev\herald\Modules\Herald.Sinks\tests\Herald.Sinks.GenericWebhook.Tests\Herald.Sinks.GenericWebhook.Tests.csproj::TargetFramework=net8.0]
E:\dev\herald\Modules\Herald.Sinks\tests\_shared\LogEventBuilder.cs(19,46): error CS0117: 'KnownLogLevels' does not contain a definition for 'Info' [E:\dev\herald\Modules\Herald.Sinks\tests\Herald.Sinks.Kinesis.Tests\Herald.Sinks.Kinesis.Tests.csproj::TargetFramework=net10.0]
E:\dev\herald\Modules\Herald.Sinks\tests\_shared\LogEventBuilder.cs(19,46): error CS0117: 'KnownLogLevels' does not contain a definition for 'Info' [E:\dev\herald\Modules\Herald.Sinks\tests\Herald.Sinks.Stackify.Tests\Herald.Sinks.Stackify.Tests.csproj::TargetFramework=net9.0]
E:\dev\herald\Modules\Herald.Sinks\tests\_shared\LogEventBuilder.cs(19,46): error CS0117: 'KnownLogLevels' does not contain a definition for 'Info' [E:\dev\herald\Modules\Herald.Sinks\tests\Herald.Sinks.Telegram.Tests\Herald.Sinks.Telegram.Tests.csproj::TargetFramework=net10.0]
E:\dev\herald\Modules\Herald.Sinks\tests\_shared\LogEventBuilder.cs(19,46): error CS0117: 'KnownLogLevels' does not contain a definition for 'Info' [E:\dev\herald\Modules\Herald.Sinks\tests\Herald.Sinks.Slack.Tests\Herald.Sinks.Slack.Tests.csproj::TargetFramework=net8.0]
E:\dev\herald\Modules\Herald.Sinks\tests\Herald.Sinks.Slack.Tests\SlackWebhookLogSinkTests.cs(39,39): error CS0117: 'KnownLogLevels' does not contain a definition for 'Warn' [E:\dev\herald\Modules\Herald.Sinks\tests\Herald.Sinks.Slack.Tests\Herald.Sinks.Slack.Tests.csproj::TargetFramework=net8.0]
E:\dev\herald\Modules\Herald.Sinks\tests\_shared\LogEventBuilder.cs(19,46): error CS0117: 'KnownLogLevels' does not contain a definition for 'Info' [E:\dev\herald\Modules\Herald.Sinks\tests\Herald.Sinks.Couchbase.Tests\Herald.Sinks.Couchbase.Tests.csproj::TargetFramework=net10.0]
E:\dev\herald\Modules\Herald.Sinks\tests\_shared\LogEventBuilder.cs(19,46): error CS0117: 'KnownLogLevels' does not contain a definition for 'Info' [E:\dev\herald\Modules\Herald.Sinks\tests\Herald.Sinks.Redis.Tests\Herald.Sinks.Redis.Tests.csproj::TargetFramework=net10.0]
E:\dev\herald\Modules\Herald.Sinks\tests\_shared\LogEventBuilder.cs(19,46): error CS0117: 'KnownLogLevels' does not contain a definition for 'Info' [E:\dev\herald\Modules\Herald.Sinks\tests\Herald.Sinks.Email.Tests\Herald.Sinks.Email.Tests.csproj::TargetFramework=net10.0]
E:\dev\herald\Modules\Herald.Sinks\tests\_shared\LogEventBuilder.cs(19,46): error CS0117: 'KnownLogLevels' does not contain a definition for 'Info' [E:\dev\herald\Modules\Herald.Sinks\tests\Herald.Sinks.Otlp.Tests\Herald.Sinks.Otlp.Tests.csproj::TargetFramework=net10.0]
E:\dev\herald\Modules\Herald.Sinks\tests\Herald.Sinks.Otlp.Tests\OtlpRoundTripConformanceTests.cs(42,39): error CS0117: 'KnownLogLevels' does not contain a definition for 'Info' [E:\dev\herald\Modules\Herald.Sinks\tests\Herald.Sinks.Otlp.Tests\Herald.Sinks.Otlp.Tests.csproj::TargetFramework=net10.0]
E:\dev\herald\Modules\Herald.Sinks\tests\Herald.Sinks.Otlp.Tests\OtlpJsonLogSinkTests.cs(33,39): error CS0117: 'KnownLogLevels' does not contain a definition for 'Info' [E:\dev\herald\Modules\Herald.Sinks\tests\Herald.Sinks.Otlp.Tests\Herald.Sinks.Otlp.Tests.csproj::TargetFramework=net10.0]
E:\dev\herald\Modules\Herald.Sinks\tests\Herald.Sinks.Otlp.Tests\OtlpProtobufLogSinkTests.cs(33,39): error CS0117: 'KnownLogLevels' does not contain a definition for 'Info' [E:\dev\herald\Modules\Herald.Sinks\tests\Herald.Sinks.Otlp.Tests\Herald.Sinks.Otlp.Tests.csproj::TargetFramework=net10.0]
E:\dev\herald\Modules\Herald.Sinks\tests\Herald.Sinks.Otlp.Tests\ProtobufFileLogSinkTests.cs(43,13): error CS0234: The type or namespace name 'Delete' does not exist in the namespace 'Herald.Sinks.File' (are you missing an assembly reference?) [E:\dev\herald\Modules\Herald.Sinks\tests\Herald.Sinks.Otlp.Tests\Herald.Sinks.Otlp.Tests.csproj::TargetFramework=net10.0]
E:\dev\herald\Modules\Herald.Sinks\tests\Herald.Sinks.Otlp.Tests\ProtobufFileLogSinkTests.cs(55,47): error CS0117: 'KnownLogLevels' does not contain a definition for 'Info' [E:\dev\herald\Modules\Herald.Sinks\tests\Herald.Sinks.Otlp.Tests\Herald.Sinks.Otlp.Tests.csproj::TargetFramework=net10.0]
E:\dev\herald\Modules\Herald.Sinks\tests\Herald.Sinks.Otlp.Tests\ProtobufFileLogSinkTests.cs(62,25): error CS0234: The type or namespace name 'ReadAllBytes' does not exist in the namespace 'Herald.Sinks.File' (are you missing an assembly reference?) [E:\dev\herald\Modules\Herald.Sinks\tests\Herald.Sinks.Otlp.Tests\Herald.Sinks.Otlp.Tests.csproj::TargetFramework=net10.0]
E:\dev\herald\Modules\Herald.Sinks\tests\Herald.Sinks.Otlp.Tests\ProtobufFileLogSinkTests.cs(74,13): error CS0234: The type or namespace name 'Delete' does not exist in the namespace 'Herald.Sinks.File' (are you missing an assembly reference?) [E:\dev\herald\Modules\Herald.Sinks\tests\Herald.Sinks.Otlp.Tests\Herald.Sinks.Otlp.Tests.csproj::TargetFramework=net10.0]
E:\dev\herald\Modules\Herald.Sinks\tests\Herald.Sinks.Otlp.Tests\ProtobufFileLogSinkTests.cs(89,47): error CS0117: 'KnownLogLevels' does not contain a definition for 'Info' [E:\dev\herald\Modules\Herald.Sinks\tests\Herald.Sinks.Otlp.Tests\Herald.Sinks.Otlp.Tests.csproj::TargetFramework=net10.0]
E:\dev\herald\Modules\Herald.Sinks\tests\Herald.Sinks.Otlp.Tests\ProtobufFileLogSinkTests.cs(97,13): error CS0234: The type or namespace name 'Delete' does not exist in the namespace 'Herald.Sinks.File' (are you missing an assembly reference?) [E:\dev\herald\Modules\Herald.Sinks\tests\Herald.Sinks.Otlp.Tests\Herald.Sinks.Otlp.Tests.csproj::TargetFramework=net10.0]
E:\dev\herald\Modules\Herald.Sinks\tests\Herald.Sinks.Otlp.Tests\ProtobufFileLogSinkTests.cs(114,13): error CS0234: The type or namespace name 'Delete' does not exist in the namespace 'Herald.Sinks.File' (are you missing an assembly reference?) [E:\dev\herald\Modules\Herald.Sinks\tests\Herald.Sinks.Otlp.Tests\Herald.Sinks.Otlp.Tests.csproj::TargetFramework=net10.0]
E:\dev\herald\Modules\Herald.Sinks\tests\Herald.Sinks.Otlp.Tests\ProtobufFileLogSinkTests.cs(133,13): error CS0234: The type or namespace name 'Delete' does not exist in the namespace 'Herald.Sinks.File' (are you missing an assembly reference?) [E:\dev\herald\Modules\Herald.Sinks\tests\Herald.Sinks.Otlp.Tests\Herald.Sinks.Otlp.Tests.csproj::TargetFramework=net10.0]
E:\dev\herald\Modules\Herald.Sinks\tests\Herald.Sinks.Otlp.Tests\ProtobufFileLogSinkTests.cs(147,13): error CS0234: The type or namespace name 'Exists' does not exist in the namespace 'Herald.Sinks.File' (are you missing an assembly reference?) [E:\dev\herald\Modules\Herald.Sinks\tests\Herald.Sinks.Otlp.Tests\Herald.Sinks.Otlp.Tests.csproj::TargetFramework=net10.0]
E:\dev\herald\Modules\Herald.Sinks\tests\Herald.Sinks.Otlp.Tests\ProtobufFileLogSinkTests.cs(148,25): error CS0234: The type or namespace name 'ReadAllBytes' does not exist in the namespace 'Herald.Sinks.File' (are you missing an assembly reference?) [E:\dev\herald\Modules\Herald.Sinks\tests\Herald.Sinks.Otlp.Tests\Herald.Sinks.Otlp.Tests.csproj::TargetFramework=net10.0]
E:\dev\herald\Modules\Herald.Sinks\tests\Herald.Sinks.Otlp.Tests\ProtobufFileLogSinkTests.cs(153,13): error CS0234: The type or namespace name 'Delete' does not exist in the namespace 'Herald.Sinks.File' (are you missing an assembly reference?) [E:\dev\herald\Modules\Herald.Sinks\tests\Herald.Sinks.Otlp.Tests\Herald.Sinks.Otlp.Tests.csproj::TargetFramework=net10.0]
E:\dev\herald\Modules\Herald.Sinks\tests\Herald.Sinks.Otlp.Tests\ProtobufFileLogSinkTests.cs(199,13): error CS0234: The type or namespace name 'Delete' does not exist in the namespace 'Herald.Sinks.File' (are you missing an assembly reference?) [E:\dev\herald\Modules\Herald.Sinks\tests\Herald.Sinks.Otlp.Tests\Herald.Sinks.Otlp.Tests.csproj::TargetFramework=net10.0]
E:\dev\herald\Modules\Herald.Sinks\tests\_shared\LogEventBuilder.cs(19,46): error CS0117: 'KnownLogLevels' does not contain a definition for 'Info' [E:\dev\herald\Modules\Herald.Sinks\tests\Herald.Sinks.Email.Tests\Herald.Sinks.Email.Tests.csproj::TargetFramework=net8.0]
E:\dev\herald\Modules\Herald.Sinks\tests\_shared\LogEventBuilder.cs(19,46): error CS0117: 'KnownLogLevels' does not contain a definition for 'Info' [E:\dev\herald\Modules\Herald.Sinks\tests\Herald.Sinks.UdpJsonLine.Tests\Herald.Sinks.UdpJsonLine.Tests.csproj::TargetFramework=net10.0]
E:\dev\herald\Modules\Herald.Sinks\tests\_shared\LogEventBuilder.cs(19,46): error CS0117: 'KnownLogLevels' does not contain a definition for 'Info' [E:\dev\herald\Modules\Herald.Sinks\tests\Herald.Sinks.Exceptionless.Tests\Herald.Sinks.Exceptionless.Tests.csproj::TargetFramework=net10.0]
E:\dev\herald\Modules\Herald.Sinks\tests\_shared\LogEventBuilder.cs(19,46): error CS0117: 'KnownLogLevels' does not contain a definition for 'Info' [E:\dev\herald\Modules\Herald.Sinks\tests\Herald.Sinks.AzureAnalytics.Tests\Herald.Sinks.AzureAnalytics.Tests.csproj::TargetFramework=net8.0]
E:\dev\herald\Modules\Herald.Sinks\tests\Herald.Sinks.AzureAnalytics.Tests\AzureAnalyticsLogSinkTests.cs(75,68): error CS0117: 'KnownLogLevels' does not contain a definition for 'Warn' [E:\dev\herald\Modules\Herald.Sinks\tests\Herald.Sinks.AzureAnalytics.Tests\Herald.Sinks.AzureAnalytics.Tests.csproj::TargetFramework=net8.0]
E:\dev\herald\Modules\Herald.Sinks\tests\_shared\LogEventBuilder.cs(19,46): error CS0117: 'KnownLogLevels' does not contain a definition for 'Info' [E:\dev\herald\Modules\Herald.Sinks\tests\Herald.Sinks.ClickHouse.Tests\Herald.Sinks.ClickHouse.Tests.csproj::TargetFramework=net10.0]
E:\dev\herald\Modules\Herald.Sinks\tests\_shared\LogEventBuilder.cs(19,46): error CS0117: 'KnownLogLevels' does not contain a definition for 'Info' [E:\dev\herald\Modules\Herald.Sinks\tests\Herald.Sinks.DynamoDB.Tests\Herald.Sinks.DynamoDB.Tests.csproj::TargetFramework=net8.0]
E:\dev\herald\Modules\Herald.Sinks\tests\_shared\LogEventBuilder.cs(19,46): error CS0117: 'KnownLogLevels' does not contain a definition for 'Info' [E:\dev\herald\Modules\Herald.Sinks\tests\Herald.Sinks.Kinesis.Tests\Herald.Sinks.Kinesis.Tests.csproj::TargetFramework=net9.0]
E:\dev\herald\Modules\Herald.Sinks\tests\_shared\LogEventBuilder.cs(19,46): error CS0117: 'KnownLogLevels' does not contain a definition for 'Info' [E:\dev\herald\Modules\Herald.Sinks\tests\Herald.Sinks.OtlpGrpc.Tests\Herald.Sinks.OtlpGrpc.Tests.csproj::TargetFramework=net10.0]
E:\dev\herald\Modules\Herald.Sinks\tests\_shared\LogEventBuilder.cs(19,46): error CS0117: 'KnownLogLevels' does not contain a definition for 'Info' [E:\dev\herald\Modules\Herald.Sinks\tests\Herald.Sinks.Exceptionless.Tests\Herald.Sinks.Exceptionless.Tests.csproj::TargetFramework=net8.0]
E:\dev\herald\Modules\Herald.Sinks\tests\_shared\LogEventBuilder.cs(19,46): error CS0117: 'KnownLogLevels' does not contain a definition for 'Info' [E:\dev\herald\Modules\Herald.Sinks\tests\Herald.Sinks.Redis.Tests\Herald.Sinks.Redis.Tests.csproj::TargetFramework=net8.0]
E:\dev\herald\Modules\Herald.Sinks\tests\_shared\LogEventBuilder.cs(19,46): error CS0117: 'KnownLogLevels' does not contain a definition for 'Info' [E:\dev\herald\Modules\Herald.Sinks\tests\Herald.Sinks.Rollbar.Tests\Herald.Sinks.Rollbar.Tests.csproj::TargetFramework=net10.0]
E:\dev\herald\Modules\Herald.Sinks\tests\_shared\LogEventBuilder.cs(19,46): error CS0117: 'KnownLogLevels' does not contain a definition for 'Info' [E:\dev\herald\Modules\Herald.Sinks\tests\Herald.Sinks.Sentry.Tests\Herald.Sinks.Sentry.Tests.csproj::TargetFramework=net10.0]
E:\dev\herald\Modules\Herald.Sinks\tests\_shared\LogEventBuilder.cs(19,46): error CS0117: 'KnownLogLevels' does not contain a definition for 'Info' [E:\dev\herald\Modules\Herald.Sinks\tests\Herald.Sinks.OtlpGrpc.Tests\Herald.Sinks.OtlpGrpc.Tests.csproj::TargetFramework=net8.0]
E:\dev\herald\Modules\Herald.Sinks\tests\_shared\LogEventBuilder.cs(19,46): error CS0117: 'KnownLogLevels' does not contain a definition for 'Info' [E:\dev\herald\Modules\Herald.Sinks\tests\Herald.Sinks.SumoLogic.Tests\Herald.Sinks.SumoLogic.Tests.csproj::TargetFramework=net10.0]
E:\dev\herald\Modules\Herald.Sinks\tests\_shared\LogEventBuilder.cs(19,46): error CS0117: 'KnownLogLevels' does not contain a definition for 'Info' [E:\dev\herald\Modules\Herald.Sinks\tests\Herald.Sinks.Raygun.Tests\Herald.Sinks.Raygun.Tests.csproj::TargetFramework=net8.0]
E:\dev\herald\Modules\Herald.Sinks\tests\_shared\LogEventBuilder.cs(19,46): error CS0117: 'KnownLogLevels' does not contain a definition for 'Info' [E:\dev\herald\Modules\Herald.Sinks\tests\Herald.Sinks.Sqs.Tests\Herald.Sinks.Sqs.Tests.csproj::TargetFramework=net10.0]
E:\dev\herald\Modules\Herald.Sinks\tests\_shared\LogEventBuilder.cs(19,46): error CS0117: 'KnownLogLevels' does not contain a definition for 'Info' [E:\dev\herald\Modules\Herald.Sinks\tests\Herald.Sinks.Twilio.Tests\Herald.Sinks.Twilio.Tests.csproj::TargetFramework=net10.0]
E:\dev\herald\Modules\Herald.Sinks\tests\_shared\LogEventBuilder.cs(19,46): error CS0117: 'KnownLogLevels' does not contain a definition for 'Info' [E:\dev\herald\Modules\Herald.Sinks\tests\Herald.Sinks.Twilio.Tests\Herald.Sinks.Twilio.Tests.csproj::TargetFramework=net8.0]
E:\dev\herald\Modules\Herald.Sinks\tests\_shared\LogEventBuilder.cs(19,46): error CS0117: 'KnownLogLevels' does not contain a definition for 'Info' [E:\dev\herald\Modules\Herald.Sinks\tests\Herald.Sinks.Coralogix.Tests\Herald.Sinks.Coralogix.Tests.csproj::TargetFramework=net10.0]
E:\dev\herald\Modules\Herald.Sinks\tests\Herald.Sinks.Coralogix.Tests\CoralogixLogSinkTests.cs(45,39): error CS0117: 'KnownLogLevels' does not contain a definition for 'Info' [E:\dev\herald\Modules\Herald.Sinks\tests\Herald.Sinks.Coralogix.Tests\Herald.Sinks.Coralogix.Tests.csproj::TargetFramework=net10.0]
E:\dev\herald\Modules\Herald.Sinks\tests\_shared\LogEventBuilder.cs(19,46): error CS0117: 'KnownLogLevels' does not contain a definition for 'Info' [E:\dev\herald\Modules\Herald.Sinks\tests\Herald.Sinks.Twilio.Tests\Herald.Sinks.Twilio.Tests.csproj::TargetFramework=net9.0]
E:\dev\herald\Modules\Herald.Sinks\tests\_shared\LogEventBuilder.cs(19,46): error CS0117: 'KnownLogLevels' does not contain a definition for 'Info' [E:\dev\herald\Modules\Herald.Sinks\tests\Herald.Sinks.Elasticsearch.Tests\Herald.Sinks.Elasticsearch.Tests.csproj::TargetFramework=net8.0]
E:\dev\herald\Modules\Herald.Sinks\tests\Herald.Sinks.Elasticsearch.Tests\ElasticsearchLogSinkTests.cs(44,39): error CS0117: 'KnownLogLevels' does not contain a definition for 'Warn' [E:\dev\herald\Modules\Herald.Sinks\tests\Herald.Sinks.Elasticsearch.Tests\Herald.Sinks.Elasticsearch.Tests.csproj::TargetFramework=net8.0]
E:\dev\herald\Modules\Herald.Sinks\tests\_shared\LogEventBuilder.cs(19,46): error CS0117: 'KnownLogLevels' does not contain a definition for 'Info' [E:\dev\herald\Modules\Herald.Sinks\tests\Herald.Sinks.Splunk.Tests\Herald.Sinks.Splunk.Tests.csproj::TargetFramework=net10.0]
E:\dev\herald\Modules\Herald.Sinks\tests\Herald.Sinks.Splunk.Tests\SplunkHecLogSinkTests.cs(48,39): error CS0117: 'KnownLogLevels' does not contain a definition for 'Warn' [E:\dev\herald\Modules\Herald.Sinks\tests\Herald.Sinks.Splunk.Tests\Herald.Sinks.Splunk.Tests.csproj::TargetFramework=net10.0]
E:\dev\herald\Modules\Herald.Sinks\tests\_shared\LogEventBuilder.cs(19,46): error CS0117: 'KnownLogLevels' does not contain a definition for 'Info' [E:\dev\herald\Modules\Herald.Sinks\tests\Herald.Sinks.GoogleCloudLogging.Tests\Herald.Sinks.GoogleCloudLogging.Tests.csproj::TargetFramework=net8.0]
E:\dev\herald\Modules\Herald.Sinks\tests\_shared\LogEventBuilder.cs(19,46): error CS0117: 'KnownLogLevels' does not contain a definition for 'Info' [E:\dev\herald\Modules\Herald.Sinks\tests\Herald.Sinks.Pulsar.Tests\Herald.Sinks.Pulsar.Tests.csproj::TargetFramework=net8.0]
E:\dev\herald\Modules\Herald.Sinks\tests\_shared\LogEventBuilder.cs(19,46): error CS0117: 'KnownLogLevels' does not contain a definition for 'Info' [E:\dev\herald\Modules\Herald.Sinks\tests\Herald.Sinks.Mezmo.Tests\Herald.Sinks.Mezmo.Tests.csproj::TargetFramework=net8.0]
E:\dev\herald\Modules\Herald.Sinks\tests\_shared\LogEventBuilder.cs(19,46): error CS0117: 'KnownLogLevels' does not contain a definition for 'Info' [E:\dev\herald\Modules\Herald.Sinks\tests\Herald.Sinks.InMemory.Tests\Herald.Sinks.InMemory.Tests.csproj::TargetFramework=net9.0]
E:\dev\herald\Modules\Herald.Sinks\tests\_shared\LogEventBuilder.cs(19,46): error CS0117: 'KnownLogLevels' does not contain a definition for 'Info' [E:\dev\herald\Modules\Herald.Sinks\tests\Herald.Sinks.Loggly.Tests\Herald.Sinks.Loggly.Tests.csproj::TargetFramework=net10.0]
E:\dev\herald\Modules\Herald.Sinks\tests\_shared\LogEventBuilder.cs(19,46): error CS0117: 'KnownLogLevels' does not contain a definition for 'Info' [E:\dev\herald\Modules\Herald.Sinks\tests\Herald.Sinks.Raygun.Tests\Herald.Sinks.Raygun.Tests.csproj::TargetFramework=net10.0]
E:\dev\herald\Modules\Herald.Sinks\tests\_shared\LogEventBuilder.cs(19,46): error CS0117: 'KnownLogLevels' does not contain a definition for 'Info' [E:\dev\herald\Modules\Herald.Sinks\tests\Herald.Sinks.ElmahIo.Tests\Herald.Sinks.ElmahIo.Tests.csproj::TargetFramework=net10.0]
E:\dev\herald\Modules\Herald.Sinks\tests\_shared\LogEventBuilder.cs(19,46): error CS0117: 'KnownLogLevels' does not contain a definition for 'Info' [E:\dev\herald\Modules\Herald.Sinks\tests\Herald.Sinks.TcpJsonLine.Tests\Herald.Sinks.TcpJsonLine.Tests.csproj::TargetFramework=net10.0]
E:\dev\herald\Modules\Herald.Sinks\tests\_shared\LogEventBuilder.cs(19,46): error CS0117: 'KnownLogLevels' does not contain a definition for 'Info' [E:\dev\herald\Modules\Herald.Sinks\tests\Herald.Sinks.AzureServiceBus.Tests\Herald.Sinks.AzureServiceBus.Tests.csproj::TargetFramework=net8.0]
E:\dev\herald\Modules\Herald.Sinks\tests\_shared\LogEventBuilder.cs(19,46): error CS0117: 'KnownLogLevels' does not contain a definition for 'Info' [E:\dev\herald\Modules\Herald.Sinks\tests\Herald.Sinks.Raygun.Tests\Herald.Sinks.Raygun.Tests.csproj::TargetFramework=net9.0]
E:\dev\herald\Modules\Herald.Sinks\tests\_shared\LogEventBuilder.cs(19,46): error CS0117: 'KnownLogLevels' does not contain a definition for 'Info' [E:\dev\herald\Modules\Herald.Sinks\tests\Herald.Sinks.Bugsnag.Tests\Herald.Sinks.Bugsnag.Tests.csproj::TargetFramework=net8.0]
E:\dev\herald\Modules\Herald.Sinks\tests\_shared\LogEventBuilder.cs(19,46): error CS0117: 'KnownLogLevels' does not contain a definition for 'Info' [E:\dev\herald\Modules\Herald.Sinks\tests\Herald.Sinks.Seq.Tests\Herald.Sinks.Seq.Tests.csproj::TargetFramework=net10.0]
E:\dev\herald\Modules\Herald.Sinks\tests\Herald.Sinks.Seq.Tests\SeqLogSinkTests.cs(85,68): error CS0117: 'KnownLogLevels' does not contain a definition for 'Info' [E:\dev\herald\Modules\Herald.Sinks\tests\Herald.Sinks.Seq.Tests\Herald.Sinks.Seq.Tests.csproj::TargetFramework=net10.0]
E:\dev\herald\Modules\Herald.Sinks\tests\_shared\LogEventBuilder.cs(19,46): error CS0117: 'KnownLogLevels' does not contain a definition for 'Info' [E:\dev\herald\Modules\Herald.Sinks\tests\Herald.Sinks.TextWriter.Tests\Herald.Sinks.TextWriter.Tests.csproj::TargetFramework=net9.0]
E:\dev\herald\Modules\Herald.Sinks\tests\Herald.Sinks.TextWriter.Tests\TextWriterLogSinkTests.cs(28,39): error CS0117: 'KnownLogLevels' does not contain a definition for 'Warn' [E:\dev\herald\Modules\Herald.Sinks\tests\Herald.Sinks.TextWriter.Tests\Herald.Sinks.TextWriter.Tests.csproj::TargetFramework=net9.0]
E:\dev\herald\Modules\Herald.Sinks\tests\_shared\LogEventBuilder.cs(19,46): error CS0117: 'KnownLogLevels' does not contain a definition for 'Info' [E:\dev\herald\Modules\Herald.Sinks\tests\Herald.Sinks.AzureBlobStorage.Tests\Herald.Sinks.AzureBlobStorage.Tests.csproj::TargetFramework=net8.0]
E:\dev\herald\Modules\Herald.Sinks\tests\_shared\LogEventBuilder.cs(19,46): error CS0117: 'KnownLogLevels' does not contain a definition for 'Info' [E:\dev\herald\Modules\Herald.Sinks\tests\Herald.Sinks.TcpJsonLine.Tests\Herald.Sinks.TcpJsonLine.Tests.csproj::TargetFramework=net8.0]
E:\dev\herald\Modules\Herald.Sinks\tests\_shared\LogEventBuilder.cs(19,46): error CS0117: 'KnownLogLevels' does not contain a definition for 'Info' [E:\dev\herald\Modules\Herald.Sinks\tests\Herald.Sinks.ApplicationInsightsSdk.Tests\Herald.Sinks.ApplicationInsightsSdk.Tests.csproj::TargetFramework=net10.0]
E:\dev\herald\Modules\Herald.Sinks\tests\_shared\LogEventBuilder.cs(19,46): error CS0117: 'KnownLogLevels' does not contain a definition for 'Info' [E:\dev\herald\Modules\Herald.Sinks\tests\Herald.Sinks.AzureAnalytics.Tests\Herald.Sinks.AzureAnalytics.Tests.csproj::TargetFramework=net10.0]
E:\dev\herald\Modules\Herald.Sinks\tests\Herald.Sinks.AzureAnalytics.Tests\AzureAnalyticsLogSinkTests.cs(75,68): error CS0117: 'KnownLogLevels' does not contain a definition for 'Warn' [E:\dev\herald\Modules\Herald.Sinks\tests\Herald.Sinks.AzureAnalytics.Tests\Herald.Sinks.AzureAnalytics.Tests.csproj::TargetFramework=net10.0]
E:\dev\herald\Modules\Herald.Sinks\tests\_shared\LogEventBuilder.cs(19,46): error CS0117: 'KnownLogLevels' does not contain a definition for 'Info' [E:\dev\herald\Modules\Herald.Sinks\tests\Herald.Sinks.Discord.Tests\Herald.Sinks.Discord.Tests.csproj::TargetFramework=net10.0]
E:\dev\herald\Modules\Herald.Sinks\tests\_shared\LogEventBuilder.cs(19,46): error CS0117: 'KnownLogLevels' does not contain a definition for 'Info' [E:\dev\herald\Modules\Herald.Sinks\tests\Herald.Sinks.Honeycomb.Tests\Herald.Sinks.Honeycomb.Tests.csproj::TargetFramework=net8.0]
E:\dev\herald\Modules\Herald.Sinks\tests\Herald.Sinks.Honeycomb.Tests\HoneycombLogSinkTests.cs(31,39): error CS0117: 'KnownLogLevels' does not contain a definition for 'Warn' [E:\dev\herald\Modules\Herald.Sinks\tests\Herald.Sinks.Honeycomb.Tests\Herald.Sinks.Honeycomb.Tests.csproj::TargetFramework=net8.0]
E:\dev\herald\Modules\Herald.Sinks\tests\_shared\LogEventBuilder.cs(19,46): error CS0117: 'KnownLogLevels' does not contain a definition for 'Info' [E:\dev\herald\Modules\Herald.Sinks\tests\Herald.Sinks.RabbitMQ.Tests\Herald.Sinks.RabbitMQ.Tests.csproj::TargetFramework=net8.0]
E:\dev\herald\Modules\Herald.Sinks\tests\_shared\LogEventBuilder.cs(19,46): error CS0117: 'KnownLogLevels' does not contain a definition for 'Info' [E:\dev\herald\Modules\Herald.Sinks\tests\Herald.Sinks.ElmahIo.Tests\Herald.Sinks.ElmahIo.Tests.csproj::TargetFramework=net8.0]
E:\dev\herald\Modules\Herald.Sinks\tests\_shared\LogEventBuilder.cs(19,46): error CS0117: 'KnownLogLevels' does not contain a definition for 'Info' [E:\dev\herald\Modules\Herald.Sinks\tests\Herald.Sinks.AwsCloudWatch.Tests\Herald.Sinks.AwsCloudWatch.Tests.csproj::TargetFramework=net8.0]
E:\dev\herald\Modules\Herald.Sinks\tests\_shared\LogEventBuilder.cs(19,46): error CS0117: 'KnownLogLevels' does not contain a definition for 'Info' [E:\dev\herald\Modules\Herald.Sinks\tests\Herald.Sinks.OtlpGrpc.Tests\Herald.Sinks.OtlpGrpc.Tests.csproj::TargetFramework=net9.0]
E:\dev\herald\Modules\Herald.Sinks\tests\_shared\LogEventBuilder.cs(19,46): error CS0117: 'KnownLogLevels' does not contain a definition for 'Info' [E:\dev\herald\Modules\Herald.Sinks\tests\Herald.Sinks.AmazonS3.Tests\Herald.Sinks.AmazonS3.Tests.csproj::TargetFramework=net10.0]
E:\dev\herald\Modules\Herald.Sinks\tests\_shared\LogEventBuilder.cs(19,46): error CS0117: 'KnownLogLevels' does not contain a definition for 'Info' [E:\dev\herald\Modules\Herald.Sinks\tests\Herald.Sinks.RavenDB.Tests\Herald.Sinks.RavenDB.Tests.csproj::TargetFramework=net8.0]
E:\dev\herald\Modules\Herald.Sinks\tests\_shared\LogEventBuilder.cs(19,46): error CS0117: 'KnownLogLevels' does not contain a definition for 'Info' [E:\dev\herald\Modules\Herald.Sinks\tests\Herald.Sinks.Cassandra.Tests\Herald.Sinks.Cassandra.Tests.csproj::TargetFramework=net10.0]
E:\dev\herald\Modules\Herald.Sinks\tests\_shared\LogEventBuilder.cs(19,46): error CS0117: 'KnownLogLevels' does not contain a definition for 'Info' [E:\dev\herald\Modules\Herald.Sinks\tests\Herald.Sinks.MySQL.Tests\Herald.Sinks.MySQL.Tests.csproj::TargetFramework=net8.0]
E:\dev\herald\Modules\Herald.Sinks\tests\_shared\LogEventBuilder.cs(19,46): error CS0117: 'KnownLogLevels' does not contain a definition for 'Info' [E:\dev\herald\Modules\Herald.Sinks\tests\Herald.Sinks.Loki.Tests\Herald.Sinks.Loki.Tests.csproj::TargetFramework=net10.0]
E:\dev\herald\Modules\Herald.Sinks\tests\Herald.Sinks.Loki.Tests\LokiLogSinkTests.cs(31,39): error CS0117: 'KnownLogLevels' does not contain a definition for 'Warn' [E:\dev\herald\Modules\Herald.Sinks\tests\Herald.Sinks.Loki.Tests\Herald.Sinks.Loki.Tests.csproj::TargetFramework=net10.0]
E:\dev\herald\Modules\Herald.Sinks\tests\Herald.Sinks.Loki.Tests\LokiLogSinkTests.cs(148,63): error CS0117: 'KnownLogLevels' does not contain a definition for 'Info' [E:\dev\herald\Modules\Herald.Sinks\tests\Herald.Sinks.Loki.Tests\Herald.Sinks.Loki.Tests.csproj::TargetFramework=net10.0]
E:\dev\herald\Modules\Herald.Sinks\tests\Herald.Sinks.Loki.Tests\LokiLogSinkTests.cs(149,63): error CS0117: 'KnownLogLevels' does not contain a definition for 'Warn' [E:\dev\herald\Modules\Herald.Sinks\tests\Herald.Sinks.Loki.Tests\Herald.Sinks.Loki.Tests.csproj::TargetFramework=net10.0]
E:\dev\herald\Modules\Herald.Sinks\tests\Herald.Sinks.Loki.Tests\LokiLogSinkTests.cs(150,63): error CS0117: 'KnownLogLevels' does not contain a definition for 'Info' [E:\dev\herald\Modules\Herald.Sinks\tests\Herald.Sinks.Loki.Tests\Herald.Sinks.Loki.Tests.csproj::TargetFramework=net10.0]
E:\dev\herald\Modules\Herald.Sinks\tests\_shared\LogEventBuilder.cs(19,46): error CS0117: 'KnownLogLevels' does not contain a definition for 'Info' [E:\dev\herald\Modules\Herald.Sinks\tests\Herald.Sinks.Mqtt.Tests\Herald.Sinks.Mqtt.Tests.csproj::TargetFramework=net8.0]
E:\dev\herald\Modules\Herald.Sinks\tests\_shared\LogEventBuilder.cs(19,46): error CS0117: 'KnownLogLevels' does not contain a definition for 'Info' [E:\dev\herald\Modules\Herald.Sinks\tests\Herald.Sinks.Stackify.Tests\Herald.Sinks.Stackify.Tests.csproj::TargetFramework=net8.0]
E:\dev\herald\Modules\Herald.Sinks\tests\_shared\LogEventBuilder.cs(19,46): error CS0117: 'KnownLogLevels' does not contain a definition for 'Info' [E:\dev\herald\Modules\Herald.Sinks\tests\Herald.Sinks.Nats.Tests\Herald.Sinks.Nats.Tests.csproj::TargetFramework=net10.0]
E:\dev\herald\Modules\Herald.Sinks\tests\_shared\LogEventBuilder.cs(19,46): error CS0117: 'KnownLogLevels' does not contain a definition for 'Info' [E:\dev\herald\Modules\Herald.Sinks\tests\Herald.Sinks.BigQuery.Tests\Herald.Sinks.BigQuery.Tests.csproj::TargetFramework=net10.0]
E:\dev\herald\Modules\Herald.Sinks\tests\_shared\LogEventBuilder.cs(19,46): error CS0117: 'KnownLogLevels' does not contain a definition for 'Info' [E:\dev\herald\Modules\Herald.Sinks\tests\Herald.Sinks.LogzIo.Tests\Herald.Sinks.LogzIo.Tests.csproj::TargetFramework=net10.0]
E:\dev\herald\Modules\Herald.Sinks\tests\Herald.Sinks.HttpJson.Tests\HttpJsonLogSinkTests.cs(29,69): error CS0117: 'KnownLogLevels' does not contain a definition for 'Info' [E:\dev\herald\Modules\Herald.Sinks\tests\Herald.Sinks.HttpJson.Tests\Herald.Sinks.HttpJson.Tests.csproj::TargetFramework=net8.0]
E:\dev\herald\Modules\Herald.Sinks\tests\_shared\LogEventBuilder.cs(19,46): error CS0117: 'KnownLogLevels' does not contain a definition for 'Info' [E:\dev\herald\Modules\Herald.Sinks\tests\Herald.Sinks.HttpJson.Tests\Herald.Sinks.HttpJson.Tests.csproj::TargetFramework=net8.0]
E:\dev\herald\Modules\Herald.Sinks\tests\_shared\LogEventBuilder.cs(19,46): error CS0117: 'KnownLogLevels' does not contain a definition for 'Info' [E:\dev\herald\Modules\Herald.Sinks\tests\Herald.Sinks.Syslog.Tests\Herald.Sinks.Syslog.Tests.csproj::TargetFramework=net10.0]
E:\dev\herald\Modules\Herald.Sinks\tests\Herald.Sinks.Syslog.Tests\SyslogMessageBuilderTests.cs(30,89): error CS0117: 'KnownLogLevels' does not contain a definition for 'Info' [E:\dev\herald\Modules\Herald.Sinks\tests\Herald.Sinks.Syslog.Tests\Herald.Sinks.Syslog.Tests.csproj::TargetFramework=net10.0]
E:\dev\herald\Modules\Herald.Sinks\tests\Herald.Sinks.Syslog.Tests\SyslogMessageBuilderTests.cs(105,39): error CS0117: 'KnownLogLevels' does not contain a definition for 'Trace' [E:\dev\herald\Modules\Herald.Sinks\tests\Herald.Sinks.Syslog.Tests\Herald.Sinks.Syslog.Tests.csproj::TargetFramework=net10.0]
E:\dev\herald\Modules\Herald.Sinks\tests\Herald.Sinks.Syslog.Tests\SyslogMessageBuilderTests.cs(107,38): error CS0117: 'KnownLogLevels' does not contain a definition for 'Info' [E:\dev\herald\Modules\Herald.Sinks\tests\Herald.Sinks.Syslog.Tests\Herald.Sinks.Syslog.Tests.csproj::TargetFramework=net10.0]
E:\dev\herald\Modules\Herald.Sinks\tests\Herald.Sinks.Syslog.Tests\SyslogMessageBuilderTests.cs(109,38): error CS0117: 'KnownLogLevels' does not contain a definition for 'Warn' [E:\dev\herald\Modules\Herald.Sinks\tests\Herald.Sinks.Syslog.Tests\Herald.Sinks.Syslog.Tests.csproj::TargetFramework=net10.0]
E:\dev\herald\Modules\Herald.Sinks\tests\Herald.Sinks.Syslog.Tests\SyslogMessageBuilderTests.cs(111,42): error CS0117: 'KnownLogLevels' does not contain a definition for 'Critical' [E:\dev\herald\Modules\Herald.Sinks\tests\Herald.Sinks.Syslog.Tests\Herald.Sinks.Syslog.Tests.csproj::TargetFramework=net10.0]
E:\dev\herald\Modules\Herald.Sinks\tests\Herald.Sinks.Syslog.Tests\SyslogMessageBuilderTests.cs(132,89): error CS0117: 'KnownLogLevels' does not contain a definition for 'Info' [E:\dev\herald\Modules\Herald.Sinks\tests\Herald.Sinks.Syslog.Tests\Herald.Sinks.Syslog.Tests.csproj::TargetFramework=net10.0]
E:\dev\herald\Modules\Herald.Sinks\tests\Herald.Sinks.Syslog.Tests\SyslogSinkRuntimeConfigTests.cs(221,39): error CS0117: 'KnownLogLevels' does not contain a definition for 'Info' [E:\dev\herald\Modules\Herald.Sinks\tests\Herald.Sinks.Syslog.Tests\Herald.Sinks.Syslog.Tests.csproj::TargetFramework=net10.0]
E:\dev\herald\Modules\Herald.Sinks\tests\_shared\LogEventBuilder.cs(19,46): error CS0117: 'KnownLogLevels' does not contain a definition for 'Info' [E:\dev\herald\Modules\Herald.Sinks\tests\Herald.Sinks.Axiom.Tests\Herald.Sinks.Axiom.Tests.csproj::TargetFramework=net10.0]
E:\dev\herald\Modules\Herald.Sinks\tests\_shared\LogEventBuilder.cs(19,46): error CS0117: 'KnownLogLevels' does not contain a definition for 'Info' [E:\dev\herald\Modules\Herald.Sinks\tests\Herald.Sinks.AzureCosmosDB.Tests\Herald.Sinks.AzureCosmosDB.Tests.csproj::TargetFramework=net8.0]
E:\dev\herald\Modules\Herald.Sinks\tests\_shared\LogEventBuilder.cs(19,46): error CS0117: 'KnownLogLevels' does not contain a definition for 'Info' [E:\dev\herald\Modules\Herald.Sinks\tests\Herald.Sinks.AzureServiceBus.Tests\Herald.Sinks.AzureServiceBus.Tests.csproj::TargetFramework=net10.0]
E:\dev\herald\Modules\Herald.Sinks\tests\_shared\LogEventBuilder.cs(19,46): error CS0117: 'KnownLogLevels' does not contain a definition for 'Info' [E:\dev\herald\Modules\Herald.Sinks\tests\Herald.Sinks.AwsCloudWatch.Tests\Herald.Sinks.AwsCloudWatch.Tests.csproj::TargetFramework=net10.0]
E:\dev\herald\Modules\Herald.Sinks\tests\_shared\LogEventBuilder.cs(19,46): error CS0117: 'KnownLogLevels' does not contain a definition for 'Info' [E:\dev\herald\Modules\Herald.Sinks\tests\Herald.Sinks.Coralogix.Tests\Herald.Sinks.Coralogix.Tests.csproj::TargetFramework=net8.0]
E:\dev\herald\Modules\Herald.Sinks\tests\Herald.Sinks.Coralogix.Tests\CoralogixLogSinkTests.cs(45,39): error CS0117: 'KnownLogLevels' does not contain a definition for 'Info' [E:\dev\herald\Modules\Herald.Sinks\tests\Herald.Sinks.Coralogix.Tests\Herald.Sinks.Coralogix.Tests.csproj::TargetFramework=net8.0]
E:\dev\herald\Modules\Herald.Sinks\tests\_shared\LogEventBuilder.cs(19,46): error CS0117: 'KnownLogLevels' does not contain a definition for 'Info' [E:\dev\herald\Modules\Herald.Sinks\tests\Herald.Sinks.Telegram.Tests\Herald.Sinks.Telegram.Tests.csproj::TargetFramework=net8.0]
E:\dev\herald\Modules\Herald.Sinks\tests\_shared\LogEventBuilder.cs(19,46): error CS0117: 'KnownLogLevels' does not contain a definition for 'Info' [E:\dev\herald\Modules\Herald.Sinks\tests\Herald.Sinks.Aliyun.Tests\Herald.Sinks.Aliyun.Tests.csproj::TargetFramework=net10.0]
E:\dev\herald\Modules\Herald.Sinks\tests\_shared\LogEventBuilder.cs(19,46): error CS0117: 'KnownLogLevels' does not contain a definition for 'Info' [E:\dev\herald\Modules\Herald.Sinks\tests\Herald.Sinks.PostgreSQL.Tests\Herald.Sinks.PostgreSQL.Tests.csproj::TargetFramework=net10.0]
E:\dev\herald\Modules\Herald.Sinks\tests\_shared\LogEventBuilder.cs(19,46): error CS0117: 'KnownLogLevels' does not contain a definition for 'Info' [E:\dev\herald\Modules\Herald.Sinks\tests\Herald.Sinks.Sentry.Tests\Herald.Sinks.Sentry.Tests.csproj::TargetFramework=net8.0]
E:\dev\herald\Modules\Herald.Sinks\tests\_shared\LogEventBuilder.cs(19,46): error CS0117: 'KnownLogLevels' does not contain a definition for 'Info' [E:\dev\herald\Modules\Herald.Sinks\tests\Herald.Sinks.Kinesis.Tests\Herald.Sinks.Kinesis.Tests.csproj::TargetFramework=net8.0]
E:\dev\herald\Modules\Herald.Sinks\tests\_shared\LogEventBuilder.cs(19,46): error CS0117: 'KnownLogLevels' does not contain a definition for 'Info' [E:\dev\herald\Modules\Herald.Sinks\tests\Herald.Sinks.ApplicationInsightsSdk.Tests\Herald.Sinks.ApplicationInsightsSdk.Tests.csproj::TargetFramework=net8.0]
E:\dev\herald\Modules\Herald.Sinks\tests\_shared\LogEventBuilder.cs(19,46): error CS0117: 'KnownLogLevels' does not contain a definition for 'Info' [E:\dev\herald\Modules\Herald.Sinks\tests\Herald.Sinks.Graylog.Tests\Herald.Sinks.Graylog.Tests.csproj::TargetFramework=net10.0]
E:\dev\herald\Modules\Herald.Sinks\tests\Herald.Sinks.Graylog.Tests\GraylogMessageBuilderTests.cs(23,39): error CS0117: 'KnownLogLevels' does not contain a definition for 'Warn' [E:\dev\herald\Modules\Herald.Sinks\tests\Herald.Sinks.Graylog.Tests\Herald.Sinks.Graylog.Tests.csproj::TargetFramework=net10.0]
E:\dev\herald\Modules\Herald.Sinks\tests\Herald.Sinks.Graylog.Tests\GraylogMessageBuilderTests.cs(50,39): error CS0117: 'KnownLogLevels' does not contain a definition for 'Trace' [E:\dev\herald\Modules\Herald.Sinks\tests\Herald.Sinks.Graylog.Tests\Herald.Sinks.Graylog.Tests.csproj::TargetFramework=net10.0]
E:\dev\herald\Modules\Herald.Sinks\tests\Herald.Sinks.Graylog.Tests\GraylogMessageBuilderTests.cs(52,38): error CS0117: 'KnownLogLevels' does not contain a definition for 'Info' [E:\dev\herald\Modules\Herald.Sinks\tests\Herald.Sinks.Graylog.Tests\Herald.Sinks.Graylog.Tests.csproj::TargetFramework=net10.0]
E:\dev\herald\Modules\Herald.Sinks\tests\Herald.Sinks.Graylog.Tests\GraylogMessageBuilderTests.cs(54,38): error CS0117: 'KnownLogLevels' does not contain a definition for 'Warn' [E:\dev\herald\Modules\Herald.Sinks\tests\Herald.Sinks.Graylog.Tests\Herald.Sinks.Graylog.Tests.csproj::TargetFramework=net10.0]
E:\dev\herald\Modules\Herald.Sinks\tests\Herald.Sinks.Graylog.Tests\GraylogMessageBuilderTests.cs(56,42): error CS0117: 'KnownLogLevels' does not contain a definition for 'Critical' [E:\dev\herald\Modules\Herald.Sinks\tests\Herald.Sinks.Graylog.Tests\Herald.Sinks.Graylog.Tests.csproj::TargetFramework=net10.0]
    0 Warning(s)
    426 Error(s)

Time Elapsed 00:00:25.70
[0;31m[FAIL][0m  .NET build failed
